created_at,league,event_id,event,kickoff,market,p_model,p_ref,p_final,fair_odds,estimate,model,inputs,outcome
2026-09-28T18:53:55+00:00,bundesliga,401884781,Borussia Dortmund – Werder Bremen,2026-10-09T18:30+00:00,home,0.7257,0.7150,0.7204,1.3882,False,soccer,"erw. Tore 2.24:0.68 (Tore+xG 50/50), O2.5 56 %",
2026-09-28T18:53:55+00:00,bundesliga,401884781,Borussia Dortmund – Werder Bremen,2026-10-09T18:30+00:00,draw,0.1813,0.1573,0.1693,5.9056,False,soccer,"erw. Tore 2.24:0.68 (Tore+xG 50/50), O2.5 56 %",
2026-09-28T18:53:55+00:00,bundesliga,401884781,Borussia Dortmund – Werder Bremen,2026-10-09T18:30+00:00,away,0.0930,0.1276,0.1103,9.0648,False,soccer,"erw. Tore 2.24:0.68 (Tore+xG 50/50), O2.5 56 %",
2026-09-28T18:53:55+00:00,bundesliga,401884775,1. FC Union Berlin – SV Elversberg,2026-10-10T13:30+00:00,home,0.2991,0.4295,0.3643,2.7447,False,soccer,"erw. Tore 1.41:1.79 (Tore+xG 50/50), O2.5 62 %",
2026-09-28T18:53:55+00:00,bundesliga,401884775,1. FC Union Berlin – SV Elversberg,2026-10-10T13:30+00:00,draw,0.2400,0.2431,0.2416,4.1399,False,soccer,"erw. Tore 1.41:1.79 (Tore+xG 50/50), O2.5 62 %",
2026-09-28T18:53:55+00:00,bundesliga,401884775,1. FC Union Berlin – SV Elversberg,2026-10-10T13:30+00:00,away,0.4609,0.3273,0.3941,2.5374,False,soccer,"erw. Tore 1.41:1.79 (Tore+xG 50/50), O2.5 62 %",
2026-09-28T18:53:55+00:00,bundesliga,401884777,FC Augsburg – Bayern Munich,2026-10-10T13:30+00:00,home,0.1057,0.0901,0.0979,10.2154,False,soccer,"erw. Tore 1.19:3.16 (Tore+xG 50/50), O2.5 81 %",
2026-09-28T18:53:55+00:00,bundesliga,401884777,FC Augsburg – Bayern Munich,2026-10-10T13:30+00:00,draw,0.1361,0.0979,0.1170,8.5469,False,soccer,"erw. Tore 1.19:3.16 (Tore+xG 50/50), O2.5 81 %",
2026-09-28T18:53:55+00:00,bundesliga,401884777,FC Augsburg – Bayern Munich,2026-10-10T13:30+00:00,away,0.7582,0.8120,0.7851,1.2737,False,soccer,"erw. Tore 1.19:3.16 (Tore+xG 50/50), O2.5 81 %",
2026-09-28T18:53:55+00:00,bundesliga,401884776,Mainz – Bayer Leverkusen,2026-10-10T13:30+00:00,home,0.3187,0.3354,0.3270,3.0577,False,soccer,"erw. Tore 1.43:1.70 (Tore+xG 50/50), O2.5 60 %",
2026-09-28T18:53:55+00:00,bundesliga,401884776,Mainz – Bayer Leverkusen,2026-10-10T13:30+00:00,draw,0.2458,0.2444,0.2451,4.0798,False,soccer,"erw. Tore 1.43:1.70 (Tore+xG 50/50), O2.5 60 %",
2026-09-28T18:53:55+00:00,bundesliga,401884776,Mainz – Bayer Leverkusen,2026-10-10T13:30+00:00,away,0.4356,0.4201,0.4279,2.3373,False,soccer,"erw. Tore 1.43:1.70 (Tore+xG 50/50), O2.5 60 %",
2026-09-28T18:53:55+00:00,bundesliga,401884773,SC Paderborn 07 – VfB Stuttgart,2026-10-10T13:30+00:00,home,0.3313,0.1870,0.2591,3.8588,False,soccer,"erw. Tore 1.56:1.81 (Tore+xG 50/50), O2.5 65 %",
2026-09-28T18:53:55+00:00,bundesliga,401884773,SC Paderborn 07 – VfB Stuttgart,2026-10-10T13:30+00:00,draw,0.2355,0.2019,0.2187,4.5719,False,soccer,"erw. Tore 1.56:1.81 (Tore+xG 50/50), O2.5 65 %",
2026-09-28T18:53:55+00:00,bundesliga,401884773,SC Paderborn 07 – VfB Stuttgart,2026-10-10T13:30+00:00,away,0.4332,0.6111,0.5221,1.9153,False,soccer,"erw. Tore 1.56:1.81 (Tore+xG 50/50), O2.5 65 %",
2026-09-28T18:53:55+00:00,bundesliga,401884779,TSG Hoffenheim – Hamburg SV,2026-10-10T13:30+00:00,home,0.6232,0.6766,0.6499,1.5386,False,soccer,"erw. Tore 2.19:1.07 (Tore+xG 50/50), O2.5 63 %",
2026-09-28T18:53:55+00:00,bundesliga,401884779,TSG Hoffenheim – Hamburg SV,2026-10-10T13:30+00:00,draw,0.2058,0.1841,0.1950,5.1294,False,soccer,"erw. Tore 2.19:1.07 (Tore+xG 50/50), O2.5 63 %",
2026-09-28T18:53:55+00:00,bundesliga,401884779,TSG Hoffenheim – Hamburg SV,2026-10-10T13:30+00:00,away,0.1709,0.1393,0.1551,6.4465,False,soccer,"erw. Tore 2.19:1.07 (Tore+xG 50/50), O2.5 63 %",
2026-09-28T18:53:55+00:00,bundesliga,401884780,RB Leipzig – Eintracht Frankfurt,2026-10-10T16:30+00:00,home,0.6214,0.6399,0.6307,1.5856,False,soccer,"erw. Tore 2.54:1.39 (Tore+xG 50/50), O2.5 75 %",
2026-09-28T18:53:55+00:00,bundesliga,401884780,RB Leipzig – Eintracht Frankfurt,2026-10-10T16:30+00:00,draw,0.1871,0.1845,0.1858,5.3819,False,soccer,"erw. Tore 2.54:1.39 (Tore+xG 50/50), O2.5 75 %",
2026-09-28T18:53:55+00:00,bundesliga,401884780,RB Leipzig – Eintracht Frankfurt,2026-10-10T16:30+00:00,away,0.1914,0.1757,0.1835,5.4485,False,soccer,"erw. Tore 2.54:1.39 (Tore+xG 50/50), O2.5 75 %",
2026-09-28T18:53:55+00:00,bundesliga,401884774,FC Cologne – Borussia Mönchengladbach,2026-10-11T13:30+00:00,home,0.4711,0.4901,0.4806,2.0807,False,soccer,"erw. Tore 1.86:1.44 (Tore+xG 50/50), O2.5 64 %",
2026-09-28T18:53:55+00:00,bundesliga,401884774,FC Cologne – Borussia Mönchengladbach,2026-10-11T13:30+00:00,draw,0.2348,0.2327,0.2338,4.2779,False,soccer,"erw. Tore 1.86:1.44 (Tore+xG 50/50), O2.5 64 %",
2026-09-28T18:53:55+00:00,bundesliga,401884774,FC Cologne – Borussia Mönchengladbach,2026-10-11T13:30+00:00,away,0.2941,0.2772,0.2856,3.5009,False,soccer,"erw. Tore 1.86:1.44 (Tore+xG 50/50), O2.5 64 %",
2026-09-28T18:53:55+00:00,bundesliga,401884778,SC Freiburg – Schalke 04,2026-10-11T15:30+00:00,home,0.4620,0.5970,0.5295,1.8885,False,soccer,"erw. Tore 1.50:1.08 (Tore+xG 50/50), O2.5 48 %",
2026-09-28T18:53:55+00:00,bundesliga,401884778,SC Freiburg – Schalke 04,2026-10-11T15:30+00:00,draw,0.2702,0.2291,0.2496,4.0057,False,soccer,"erw. Tore 1.50:1.08 (Tore+xG 50/50), O2.5 48 %",
2026-09-28T18:53:55+00:00,bundesliga,401884778,SC Freiburg – Schalke 04,2026-10-11T15:30+00:00,away,0.2677,0.1739,0.2208,4.5283,False,soccer,"erw. Tore 1.50:1.08 (Tore+xG 50/50), O2.5 48 %",
2026-09-28T18:53:55+00:00,2bundesliga,401885100,1. FC Heidenheim 1846 – Kaiserslautern,2026-10-09T16:30+00:00,home,0.4366,0.5080,0.4723,2.1173,False,soccer,"erw. Tore 1.59:1.30 (Tore+xG 50/50), O2.5 55 %",
2026-09-28T18:53:55+00:00,2bundesliga,401885100,1. FC Heidenheim 1846 – Kaiserslautern,2026-10-09T16:30+00:00,draw,0.2572,0.2659,0.2615,3.8235,False,soccer,"erw. Tore 1.59:1.30 (Tore+xG 50/50), O2.5 55 %",
2026-09-28T18:53:55+00:00,2bundesliga,401885100,1. FC Heidenheim 1846 – Kaiserslautern,2026-10-09T16:30+00:00,away,0.3063,0.2261,0.2662,3.7570,False,soccer,"erw. Tore 1.59:1.30 (Tore+xG 50/50), O2.5 55 %",
2026-09-28T18:53:55+00:00,2bundesliga,401885094,TSV Eintracht Braunschweig – Holstein Kiel,2026-10-09T16:30+00:00,home,0.4120,0.3548,0.3834,2.6084,False,soccer,"erw. Tore 1.52:1.33 (Tore+xG 50/50), O2.5 54 %",
2026-09-28T18:53:55+00:00,2bundesliga,401885094,TSV Eintracht Braunschweig – Holstein Kiel,2026-10-09T16:30+00:00,draw,0.2610,0.2493,0.2551,3.9195,False,soccer,"erw. Tore 1.52:1.33 (Tore+xG 50/50), O2.5 54 %",
2026-09-28T18:53:55+00:00,2bundesliga,401885094,TSV Eintracht Braunschweig – Holstein Kiel,2026-10-09T16:30+00:00,away,0.3271,0.3959,0.3615,2.7663,False,soccer,"erw. Tore 1.52:1.33 (Tore+xG 50/50), O2.5 54 %",
2026-09-28T18:53:55+00:00,2bundesliga,401885095,1. FC Magdeburg – Hannover 96,2026-10-10T11:00+00:00,home,0.3895,0.3646,0.3771,2.6520,False,soccer,"erw. Tore 1.63:1.57 (Tore+xG 50/50), O2.5 62 %",
2026-09-28T18:53:55+00:00,2bundesliga,401885095,1. FC Magdeburg – Hannover 96,2026-10-10T11:00+00:00,draw,0.2448,0.2372,0.2410,4.1498,False,soccer,"erw. Tore 1.63:1.57 (Tore+xG 50/50), O2.5 62 %",
2026-09-28T18:53:55+00:00,2bundesliga,401885095,1. FC Magdeburg – Hannover 96,2026-10-10T11:00+00:00,away,0.3657,0.3982,0.3819,2.6182,False,soccer,"erw. Tore 1.63:1.57 (Tore+xG 50/50), O2.5 62 %",
2026-09-28T18:53:55+00:00,2bundesliga,401885099,SV Darmstadt 98 – Energie Cottbus,2026-10-10T11:00+00:00,home,0.4814,0.4581,0.4698,2.1287,False,soccer,"erw. Tore 2.24:1.79 (Tore+xG 50/50), O2.5 77 %",
2026-09-28T18:53:55+00:00,2bundesliga,401885099,SV Darmstadt 98 – Energie Cottbus,2026-10-10T11:00+00:00,draw,0.2089,0.2277,0.2183,4.5818,False,soccer,"erw. Tore 2.24:1.79 (Tore+xG 50/50), O2.5 77 %",
2026-09-28T18:53:55+00:00,2bundesliga,401885099,SV Darmstadt 98 – Energie Cottbus,2026-10-10T11:00+00:00,away,0.3097,0.3142,0.3120,3.2055,False,soccer,"erw. Tore 2.24:1.79 (Tore+xG 50/50), O2.5 77 %",
2026-09-28T18:53:55+00:00,2bundesliga,401885093,VfL Osnabruck – Dynamo Dresden,2026-10-10T11:00+00:00,home,0.4324,0.3641,0.3983,2.5110,False,soccer,"erw. Tore 1.90:1.67 (Tore+xG 50/50), O2.5 69 %",
2026-09-28T18:53:55+00:00,2bundesliga,401885093,VfL Osnabruck – Dynamo Dresden,2026-10-10T11:00+00:00,draw,0.2282,0.2472,0.2377,4.2066,False,soccer,"erw. Tore 1.90:1.67 (Tore+xG 50/50), O2.5 69 %",
2026-09-28T18:53:55+00:00,2bundesliga,401885093,VfL Osnabruck – Dynamo Dresden,2026-10-10T11:00+00:00,away,0.3394,0.3887,0.3640,2.7471,False,soccer,"erw. Tore 1.90:1.67 (Tore+xG 50/50), O2.5 69 %",
2026-09-28T18:53:55+00:00,2bundesliga,401885097,1. FC Nürnberg – VfL Wolfsburg,2026-10-10T18:30+00:00,home,0.5136,0.3709,0.4423,2.2611,False,soccer,"erw. Tore 1.88:1.26 (Tore+xG 50/50), O2.5 61 %",
2026-09-28T18:53:55+00:00,2bundesliga,401885097,1. FC Nürnberg – VfL Wolfsburg,2026-10-10T18:30+00:00,draw,0.2353,0.2500,0.2426,4.1214,False,soccer,"erw. Tore 1.88:1.26 (Tore+xG 50/50), O2.5 61 %",
2026-09-28T18:53:55+00:00,2bundesliga,401885097,1. FC Nürnberg – VfL Wolfsburg,2026-10-10T18:30+00:00,away,0.2511,0.3791,0.3151,3.1735,False,soccer,"erw. Tore 1.88:1.26 (Tore+xG 50/50), O2.5 61 %",
2026-09-28T18:53:55+00:00,2bundesliga,401885098,Hertha Berlin – SpVgg Greuther Fürth,2026-10-11T11:30+00:00,home,0.5003,0.6048,0.5526,1.8097,False,soccer,"erw. Tore 1.92:1.36 (Tore+xG 50/50), O2.5 64 %",
2026-09-28T18:53:55+00:00,2bundesliga,401885098,Hertha Berlin – SpVgg Greuther Fürth,2026-10-11T11:30+00:00,draw,0.2319,0.2048,0.2183,4.5798,False,soccer,"erw. Tore 1.92:1.36 (Tore+xG 50/50), O2.5 64 %",
2026-09-28T18:53:55+00:00,2bundesliga,401885098,Hertha Berlin – SpVgg Greuther Fürth,2026-10-11T11:30+00:00,away,0.2678,0.1904,0.2291,4.3653,False,soccer,"erw. Tore 1.92:1.36 (Tore+xG 50/50), O2.5 64 %",
2026-09-28T18:53:55+00:00,2bundesliga,401885101,St. Pauli – Karlsruher SC,2026-10-11T11:30+00:00,home,0.4385,0.5758,0.5072,1.9718,False,soccer,"erw. Tore 1.48:1.17 (Tore+xG 50/50), O2.5 49 %",
2026-09-28T18:53:55+00:00,2bundesliga,401885101,St. Pauli – Karlsruher SC,2026-10-11T11:30+00:00,draw,0.2692,0.2121,0.2407,4.1553,False,soccer,"erw. Tore 1.48:1.17 (Tore+xG 50/50), O2.5 49 %",
2026-09-28T18:53:55+00:00,2bundesliga,401885101,St. Pauli – Karlsruher SC,2026-10-11T11:30+00:00,away,0.2923,0.2121,0.2522,3.9654,False,soccer,"erw. Tore 1.48:1.17 (Tore+xG 50/50), O2.5 49 %",
2026-09-28T18:53:55+00:00,2bundesliga,401885096,VfL Bochum – Arminia Bielefeld,2026-10-11T11:30+00:00,home,0.4592,0.4074,0.4333,2.3080,False,soccer,"erw. Tore 1.59:1.20 (Tore+xG 50/50), O2.5 53 %",
2026-09-28T18:53:55+00:00,2bundesliga,401885096,VfL Bochum – Arminia Bielefeld,2026-10-11T11:30+00:00,draw,0.2592,0.2631,0.2612,3.8291,False,soccer,"erw. Tore 1.59:1.20 (Tore+xG 50/50), O2.5 53 %",
2026-09-28T18:53:55+00:00,2bundesliga,401885096,VfL Bochum – Arminia Bielefeld,2026-10-11T11:30+00:00,away,0.2816,0.3295,0.3056,3.2725,False,soccer,"erw. Tore 1.59:1.20 (Tore+xG 50/50), O2.5 53 %",
2026-09-28T18:53:55+00:00,austria,401881776,Grazer AK – RB Salzburg,2026-10-10T15:00+00:00,home,0.2001,0.1472,0.1736,5.7590,True,soccer,"erw. Tore 1.08:1.96 (nur Tore (keine xG-Quelle für AT)), O2.5 59 %",
2026-09-28T18:53:55+00:00,austria,401881776,Grazer AK – RB Salzburg,2026-10-10T15:00+00:00,draw,0.2269,0.1794,0.2031,4.9228,True,soccer,"erw. Tore 1.08:1.96 (nur Tore (keine xG-Quelle für AT)), O2.5 59 %",
2026-09-28T18:53:55+00:00,austria,401881776,Grazer AK – RB Salzburg,2026-10-10T15:00+00:00,away,0.5731,0.6734,0.6232,1.6046,True,soccer,"erw. Tore 1.08:1.96 (nur Tore (keine xG-Quelle für AT)), O2.5 59 %",
2026-09-28T18:53:55+00:00,austria,401881774,WSG Swarovski Tirol – SV Josko Ried,2026-10-10T15:00+00:00,home,0.3821,0.3565,0.3693,2.7076,True,soccer,"erw. Tore 1.42:1.35 (nur Tore (keine xG-Quelle für AT)), O2.5 52 %",
2026-09-28T18:53:55+00:00,austria,401881774,WSG Swarovski Tirol – SV Josko Ried,2026-10-10T15:00+00:00,draw,0.2666,0.2548,0.2607,3.8364,True,soccer,"erw. Tore 1.42:1.35 (nur Tore (keine xG-Quelle für AT)), O2.5 52 %",
2026-09-28T18:53:55+00:00,austria,401881774,WSG Swarovski Tirol – SV Josko Ried,2026-10-10T15:00+00:00,away,0.3513,0.3887,0.3700,2.7026,True,soccer,"erw. Tore 1.42:1.35 (nur Tore (keine xG-Quelle für AT)), O2.5 52 %",
2026-09-28T18:53:55+00:00,austria,401881777,Austria Vienna – SK Sturm Graz,2026-10-10T17:30+00:00,home,0.3049,0.2999,0.3024,3.3066,True,soccer,"erw. Tore 1.14:1.37 (nur Tore (keine xG-Quelle für AT)), O2.5 46 %",
2026-09-28T18:53:55+00:00,austria,401881777,Austria Vienna – SK Sturm Graz,2026-10-10T17:30+00:00,draw,0.2796,0.2626,0.2711,3.6888,True,soccer,"erw. Tore 1.14:1.37 (nur Tore (keine xG-Quelle für AT)), O2.5 46 %",
2026-09-28T18:53:55+00:00,austria,401881777,Austria Vienna – SK Sturm Graz,2026-10-10T17:30+00:00,away,0.4154,0.4375,0.4265,2.3448,True,soccer,"erw. Tore 1.14:1.37 (nur Tore (keine xG-Quelle für AT)), O2.5 46 %",
2026-09-28T18:53:55+00:00,austria,401881775,SC Rheindorf Altach – Wolfsberger,2026-10-11T12:30+00:00,home,0.4028,0.4870,0.4449,2.2477,True,soccer,"erw. Tore 1.24:1.03 (nur Tore (keine xG-Quelle für AT)), O2.5 39 %",
2026-09-28T18:53:55+00:00,austria,401881775,SC Rheindorf Altach – Wolfsberger,2026-10-11T12:30+00:00,draw,0.2976,0.2449,0.2712,3.6866,True,soccer,"erw. Tore 1.24:1.03 (nur Tore (keine xG-Quelle für AT)), O2.5 39 %",
2026-09-28T18:53:55+00:00,austria,401881775,SC Rheindorf Altach – Wolfsberger,2026-10-11T12:30+00:00,away,0.2996,0.2682,0.2839,3.5229,True,soccer,"erw. Tore 1.24:1.03 (nur Tore (keine xG-Quelle für AT)), O2.5 39 %",
2026-09-28T18:53:55+00:00,austria,401881778,TSV Hartberg – Austria Lustenau,2026-10-11T12:30+00:00,home,0.5658,0.4590,0.5124,1.9516,True,soccer,"erw. Tore 1.83:0.99 (nur Tore (keine xG-Quelle für AT)), O2.5 53 %",
2026-09-28T18:53:55+00:00,austria,401881778,TSV Hartberg – Austria Lustenau,2026-10-11T12:30+00:00,draw,0.2384,0.2530,0.2457,4.0704,True,soccer,"erw. Tore 1.83:0.99 (nur Tore (keine xG-Quelle für AT)), O2.5 53 %",
2026-09-28T18:53:55+00:00,austria,401881778,TSV Hartberg – Austria Lustenau,2026-10-11T12:30+00:00,away,0.1958,0.2880,0.2419,4.1334,True,soccer,"erw. Tore 1.83:0.99 (nur Tore (keine xG-Quelle für AT)), O2.5 53 %",
2026-09-28T18:53:55+00:00,austria,401881779,LASK Linz – Rapid Vienna,2026-10-11T15:00+00:00,home,0.5595,0.5399,0.5497,1.8192,True,soccer,"erw. Tore 2.15:1.32 (nur Tore (keine xG-Quelle für AT)), O2.5 67 %",
2026-09-28T18:53:55+00:00,austria,401881779,LASK Linz – Rapid Vienna,2026-10-11T15:00+00:00,draw,0.2147,0.2237,0.2192,4.5627,True,soccer,"erw. Tore 2.15:1.32 (nur Tore (keine xG-Quelle für AT)), O2.5 67 %",
2026-09-28T18:53:55+00:00,austria,401881779,LASK Linz – Rapid Vienna,2026-10-11T15:00+00:00,away,0.2258,0.2364,0.2311,4.3266,True,soccer,"erw. Tore 2.15:1.32 (nur Tore (keine xG-Quelle für AT)), O2.5 67 %",
2026-09-28T18:53:55+00:00,nfl,401872963,Chicago Bears – Philadelphia Eagles,2026-09-29T00:15+00:00,home,0.5933,0.3607,0.4189,2.3875,False,nfl,"erw. Punkte 24.8:21.7 (Marge +3.1, Total 46.5)",
2026-09-28T18:53:55+00:00,nfl,401872963,Chicago Bears – Philadelphia Eagles,2026-09-29T00:15+00:00,away,0.4067,0.6393,0.5811,1.7207,False,nfl,"erw. Punkte 24.8:21.7 (Marge +3.1, Total 46.5)",
2026-09-28T18:53:55+00:00,nfl,401872964,Cleveland Browns – Pittsburgh Steelers,2026-10-02T00:15+00:00,home,0.4880,0.4117,0.4308,2.3215,False,nfl,"erw. Punkte 19.3:19.7 (Marge -0.4, Total 39.0)",
2026-09-28T18:53:55+00:00,nfl,401872964,Cleveland Browns – Pittsburgh Steelers,2026-10-02T00:15+00:00,away,0.5120,0.5883,0.5692,1.7567,False,nfl,"erw. Punkte 19.3:19.7 (Marge -0.4, Total 39.0)",
2026-09-28T18:53:55+00:00,nfl,401872965,Washington Commanders – Indianapolis Colts,2026-10-04T13:30+00:00,home,0.4403,0.3760,0.3921,2.5504,False,nfl,"erw. Punkte 26.5:28.5 (Marge -2.0, Total 55.0)",
2026-09-28T18:53:55+00:00,nfl,401872965,Washington Commanders – Indianapolis Colts,2026-10-04T13:30+00:00,away,0.5597,0.6240,0.6079,1.6450,False,nfl,"erw. Punkte 26.5:28.5 (Marge -2.0, Total 55.0)",
2026-09-28T18:53:55+00:00,nfl,401872971,Buffalo Bills – New England Patriots,2026-10-04T17:00+00:00,home,0.5724,0.7402,0.6983,1.4321,False,nfl,"erw. Punkte 24.9:22.4 (Marge +2.4, Total 47.3)",
2026-09-28T18:53:55+00:00,nfl,401872971,Buffalo Bills – New England Patriots,2026-10-04T17:00+00:00,away,0.4276,0.2598,0.3017,3.3141,False,nfl,"erw. Punkte 24.9:22.4 (Marge +2.4, Total 47.3)",
2026-09-28T18:53:55+00:00,nfl,401872972,Chicago Bears – New York Jets,2026-10-04T17:00+00:00,home,0.7405,0.5768,0.6177,1.6189,False,nfl,"erw. Punkte 28.1:19.5 (Marge +8.6, Total 47.6)",
2026-09-28T18:53:55+00:00,nfl,401872972,Chicago Bears – New York Jets,2026-10-04T17:00+00:00,away,0.2595,0.4232,0.3823,2.6157,False,nfl,"erw. Punkte 28.1:19.5 (Marge +8.6, Total 47.6)",
2026-09-28T18:53:55+00:00,nfl,401872969,Cincinnati Bengals – Jacksonville Jaguars,2026-10-04T17:00+00:00,home,0.3207,0.5883,0.5214,1.9178,False,nfl,"erw. Punkte 21.5:27.7 (Marge -6.2, Total 49.3)",
2026-09-28T18:53:55+00:00,nfl,401872969,Cincinnati Bengals – Jacksonville Jaguars,2026-10-04T17:00+00:00,away,0.6793,0.4117,0.4786,2.0896,False,nfl,"erw. Punkte 21.5:27.7 (Marge -6.2, Total 49.3)",
2026-09-28T18:53:55+00:00,nfl,401872966,New York Giants – Arizona Cardinals,2026-10-04T17:00+00:00,home,0.5710,0.4884,0.5090,1.9645,False,nfl,"erw. Punkte 23.3:20.9 (Marge +2.4, Total 44.1)",
2026-09-28T18:53:55+00:00,nfl,401872966,New York Giants – Arizona Cardinals,2026-10-04T17:00+00:00,away,0.4290,0.5116,0.4910,2.0368,False,nfl,"erw. Punkte 23.3:20.9 (Marge +2.4, Total 44.1)",
2026-09-28T18:53:55+00:00,nfl,401872970,Philadelphia Eagles – Los Angeles Rams,2026-10-04T17:00+00:00,home,0.4389,0.4546,0.4507,2.2189,False,nfl,"erw. Punkte 21.2:23.3 (Marge -2.1, Total 44.5)",
2026-09-28T18:53:55+00:00,nfl,401872970,Philadelphia Eagles – Los Angeles Rams,2026-10-04T17:00+00:00,away,0.5611,0.5454,0.5493,1.8204,False,nfl,"erw. Punkte 21.2:23.3 (Marge -2.1, Total 44.5)",
2026-09-28T18:53:55+00:00,nfl,401872968,Tampa Bay Buccaneers – Green Bay Packers,2026-10-04T17:00+00:00,home,0.5689,0.3541,0.4078,2.4521,False,nfl,"erw. Punkte 25.4:23.1 (Marge +2.3, Total 48.5)",
2026-09-28T18:53:55+00:00,nfl,401872968,Tampa Bay Buccaneers – Green Bay Packers,2026-10-04T17:00+00:00,away,0.4311,0.6459,0.5922,1.6887,False,nfl,"erw. Punkte 25.4:23.1 (Marge +2.3, Total 48.5)",
2026-09-28T18:53:55+00:00,nfl,401872973,Baltimore Ravens – Tennessee Titans,2026-10-04T17:00+00:00,home,0.7517,0.8625,0.8348,1.1978,False,nfl,"erw. Punkte 27.1:18.0 (Marge +9.1, Total 45.2)",
2026-09-28T18:53:55+00:00,nfl,401872973,Baltimore Ravens – Tennessee Titans,2026-10-04T17:00+00:00,away,0.2483,0.1375,0.1652,6.0545,False,nfl,"erw. Punkte 27.1:18.0 (Marge +9.1, Total 45.2)",
2026-09-28T18:53:55+00:00,nfl,401872967,Houston Texans – Dallas Cowboys,2026-10-04T17:00+00:00,home,0.5767,0.5674,0.5697,1.7552,False,nfl,"erw. Punkte 25.8:23.2 (Marge +2.6, Total 49.0)",
2026-09-28T18:53:55+00:00,nfl,401872967,Houston Texans – Dallas Cowboys,2026-10-04T17:00+00:00,away,0.4233,0.4326,0.4303,2.3242,False,nfl,"erw. Punkte 25.8:23.2 (Marge +2.6, Total 49.0)",
2026-09-28T18:53:55+00:00,nfl,401872974,Minnesota Vikings – Miami Dolphins,2026-10-04T20:05+00:00,home,0.7881,0.8384,0.8258,1.2109,False,nfl,"erw. Punkte 24.1:13.5 (Marge +10.7, Total 37.6)",
2026-09-28T18:53:55+00:00,nfl,401872974,Minnesota Vikings – Miami Dolphins,2026-10-04T20:05+00:00,away,0.2119,0.1616,0.1742,5.7419,False,nfl,"erw. Punkte 24.1:13.5 (Marge +10.7, Total 37.6)",
2026-09-28T18:53:55+00:00,nfl,401872976,Las Vegas Raiders – Kansas City Chiefs,2026-10-04T20:25+00:00,home,0.4024,0.3256,0.3448,2.9001,False,nfl,"erw. Punkte 20.1:23.4 (Marge -3.3, Total 43.5)",
2026-09-28T18:53:55+00:00,nfl,401872976,Las Vegas Raiders – Kansas City Chiefs,2026-10-04T20:25+00:00,away,0.5976,0.6744,0.6552,1.5263,False,nfl,"erw. Punkte 20.1:23.4 (Marge -3.3, Total 43.5)",
2026-09-28T18:53:55+00:00,nfl,401872975,San Francisco 49ers – Denver Broncos,2026-10-04T20:25+00:00,home,0.6235,0.5993,0.6053,1.6520,False,nfl,"erw. Punkte 25.0:20.8 (Marge +4.2, Total 45.8)",
2026-09-28T18:53:55+00:00,nfl,401872975,San Francisco 49ers – Denver Broncos,2026-10-04T20:25+00:00,away,0.3765,0.4007,0.3947,2.5338,False,nfl,"erw. Punkte 25.0:20.8 (Marge +4.2, Total 45.8)",
2026-09-28T18:53:55+00:00,nfl,401872977,Seattle Seahawks – Los Angeles Chargers,2026-10-04T20:25+00:00,home,0.8138,0.7402,0.7586,1.3182,False,nfl,"erw. Punkte 25.9:14.0 (Marge +11.9, Total 39.9)",
2026-09-28T18:53:55+00:00,nfl,401872977,Seattle Seahawks – Los Angeles Chargers,2026-10-04T20:25+00:00,away,0.1862,0.2598,0.2414,4.1427,False,nfl,"erw. Punkte 25.9:14.0 (Marge +11.9, Total 39.9)",
2026-09-28T18:53:55+00:00,nfl,401872978,Carolina Panthers – Detroit Lions,2026-10-05T00:20+00:00,home,0.4984,0.3696,0.4018,2.4887,False,nfl,"erw. Punkte 27.7:27.8 (Marge -0.1, Total 55.5)",
2026-09-28T18:53:55+00:00,nfl,401872978,Carolina Panthers – Detroit Lions,2026-10-05T00:20+00:00,away,0.5016,0.6304,0.5982,1.6717,False,nfl,"erw. Punkte 27.7:27.8 (Marge -0.1, Total 55.5)",
2026-09-28T18:53:55+00:00,nfl,401872979,New Orleans Saints – Atlanta Falcons,2026-10-06T00:15+00:00,home,0.5917,0.5883,0.5892,1.6973,False,nfl,"erw. Punkte 23.3:20.2 (Marge +3.1, Total 43.5)",
2026-09-28T18:53:55+00:00,nfl,401872979,New Orleans Saints – Atlanta Falcons,2026-10-06T00:15+00:00,away,0.4083,0.4117,0.4108,2.4340,False,nfl,"erw. Punkte 23.3:20.2 (Marge +3.1, Total 43.5)",
2026-09-28T18:53:55+00:00,nhl,401891773,Carolina Hurricanes – Florida Panthers,2026-09-29T21:00+00:00,home,0.6765,0.5346,0.5701,1.7542,True,nhl,"erw. Tore 3.89:2.77, 60-Min-Remis 14 % (OT-Aufteilung geschätzt)",
2026-09-28T18:53:55+00:00,nhl,401891773,Carolina Hurricanes – Florida Panthers,2026-09-29T21:00+00:00,away,0.3235,0.4654,0.4299,2.3259,True,nhl,"erw. Tore 3.89:2.77, 60-Min-Remis 14 % (OT-Aufteilung geschätzt)",
2026-09-28T18:53:55+00:00,nhl,401891827,Toronto Maple Leafs – Montreal Canadiens,2026-09-29T23:00+00:00,home,0.3796,0.5186,0.4838,2.0669,True,nhl,"erw. Tore 3.07:3.83, 60-Min-Remis 15 % (OT-Aufteilung geschätzt)",
2026-09-28T18:53:55+00:00,nhl,401891827,Toronto Maple Leafs – Montreal Canadiens,2026-09-29T23:00+00:00,away,0.6204,0.4814,0.5162,1.9373,True,nhl,"erw. Tore 3.07:3.83, 60-Min-Remis 15 % (OT-Aufteilung geschätzt)",
2026-09-28T18:53:55+00:00,nhl,401891774,Boston Bruins – New York Rangers,2026-09-30T00:00+00:00,home,0.5884,0.5116,0.5308,1.8839,True,nhl,"erw. Tore 3.28:2.76, 60-Min-Remis 16 % (OT-Aufteilung geschätzt)",
2026-09-28T18:53:55+00:00,nhl,401891774,Boston Bruins – New York Rangers,2026-09-30T00:00+00:00,away,0.4116,0.4884,0.4692,2.1313,True,nhl,"erw. Tore 3.28:2.76, 60-Min-Remis 16 % (OT-Aufteilung geschätzt)",
2026-09-28T18:53:55+00:00,nhl,401891804,Edmonton Oilers – Vancouver Canucks,2026-09-30T02:00+00:00,home,0.7451,0.7186,0.7252,1.3789,True,nhl,"erw. Tore 4.31:2.66, 60-Min-Remis 13 % (OT-Aufteilung geschätzt)",
2026-09-28T18:53:55+00:00,nhl,401891804,Edmonton Oilers – Vancouver Canucks,2026-09-30T02:00+00:00,away,0.2549,0.2814,0.2748,3.6390,True,nhl,"erw. Tore 4.31:2.66, 60-Min-Remis 13 % (OT-Aufteilung geschätzt)",
2026-09-28T18:53:55+00:00,nhl,401891775,Vegas Golden Knights – Chicago Blackhawks,2026-09-30T02:30+00:00,home,0.6792,0.7034,0.6973,1.4340,True,nhl,"erw. Tore 3.49:2.43, 60-Min-Remis 15 % (OT-Aufteilung geschätzt)",
2026-09-28T18:53:55+00:00,nhl,401891775,Vegas Golden Knights – Chicago Blackhawks,2026-09-30T02:30+00:00,away,0.3208,0.2966,0.3027,3.3040,True,nhl,"erw. Tore 3.49:2.43, 60-Min-Remis 15 % (OT-Aufteilung geschätzt)",
2026-09-28T18:53:55+00:00,nhl,401891821,Philadelphia Flyers – Pittsburgh Penguins,2026-09-30T23:30+00:00,home,0.4749,0.5547,0.5347,1.8701,True,nhl,"erw. Tore 3.12:3.27, 60-Min-Remis 16 % (OT-Aufteilung geschätzt)",
2026-09-28T18:53:55+00:00,nhl,401891821,Philadelphia Flyers – Pittsburgh Penguins,2026-09-30T23:30+00:00,away,0.5251,0.4453,0.4653,2.1493,True,nhl,"erw. Tore 3.12:3.27, 60-Min-Remis 16 % (OT-Aufteilung geschätzt)",
2026-09-28T18:53:55+00:00,nhl,401892431,Toronto Maple Leafs – New York Islanders,2026-09-30T23:30+00:00,home,0.4627,0.5232,0.5081,1.9682,True,nhl,"erw. Tore 2.94:3.16, 60-Min-Remis 16 % (OT-Aufteilung geschätzt)",
2026-09-28T18:53:55+00:00,nhl,401892431,Toronto Maple Leafs – New York Islanders,2026-09-30T23:30+00:00,away,0.5373,0.4768,0.4919,2.0329,True,nhl,"erw. Tore 2.94:3.16, 60-Min-Remis 16 % (OT-Aufteilung geschätzt)",
2026-09-28T18:53:55+00:00,nhl,401891780,Colorado Avalanche – Los Angeles Kings,2026-10-01T02:00+00:00,home,0.7272,0.6240,0.6498,1.5389,True,nhl,"erw. Tore 3.46:2.12, 60-Min-Remis 15 % (OT-Aufteilung geschätzt)",
2026-09-28T18:53:55+00:00,nhl,401891780,Colorado Avalanche – Los Angeles Kings,2026-10-01T02:00+00:00,away,0.2728,0.3760,0.3502,2.8555,True,nhl,"erw. Tore 3.46:2.12, 60-Min-Remis 15 % (OT-Aufteilung geschätzt)",
2026-09-28T18:53:55+00:00,nhl,401891781,Columbus Blue Jackets – Buffalo Sabres,2026-10-01T23:00+00:00,home,0.4305,0.5116,0.4913,2.0353,True,nhl,"erw. Tore 2.89:3.30, 60-Min-Remis 16 % (OT-Aufteilung geschätzt)",
2026-09-28T18:53:55+00:00,nhl,401891781,Columbus Blue Jackets – Buffalo Sabres,2026-10-01T23:00+00:00,away,0.5695,0.4884,0.5087,1.9659,True,nhl,"erw. Tore 2.89:3.30, 60-Min-Remis 16 % (OT-Aufteilung geschätzt)",
2026-09-28T18:53:55+00:00,nhl,401891817,New Jersey Devils – Philadelphia Flyers,2026-10-01T23:00+00:00,home,0.4660,0.5674,0.5421,1.8448,True,nhl,"erw. Tore 2.68:2.87, 60-Min-Remis 17 % (OT-Aufteilung geschätzt)",
2026-09-28T18:53:55+00:00,nhl,401891817,New Jersey Devils – Philadelphia Flyers,2026-10-01T23:00+00:00,away,0.5340,0.4326,0.4579,2.1838,True,nhl,"erw. Tore 2.68:2.87, 60-Min-Remis 17 % (OT-Aufteilung geschätzt)",
2026-09-28T18:53:55+00:00,nhl,401891819,New York Rangers – Tampa Bay Lightning,2026-10-01T23:00+00:00,home,0.4005,0.4326,0.4245,2.3555,True,nhl,"erw. Tore 2.74:3.33, 60-Min-Remis 16 % (OT-Aufteilung geschätzt)",
2026-09-28T18:53:55+00:00,nhl,401891819,New York Rangers – Tampa Bay Lightning,2026-10-01T23:00+00:00,away,0.5995,0.5674,0.5755,1.7377,True,nhl,"erw. Tore 2.74:3.33, 60-Min-Remis 16 % (OT-Aufteilung geschätzt)",
2026-09-28T18:53:55+00:00,nhl,401891816,Nashville Predators – Minnesota Wild,2026-10-02T00:00+00:00,home,0.4205,0.4232,0.4226,2.3665,True,nhl,"erw. Tore 2.87:3.34, 60-Min-Remis 16 % (OT-Aufteilung geschätzt)",
2026-09-28T18:53:55+00:00,nhl,401891816,Nashville Predators – Minnesota Wild,2026-10-02T00:00+00:00,away,0.5795,0.5768,0.5774,1.7318,True,nhl,"erw. Tore 2.87:3.34, 60-Min-Remis 16 % (OT-Aufteilung geschätzt)",
2026-09-28T18:53:55+00:00,nhl,401891777,Calgary Flames – Seattle Kraken,2026-10-02T01:00+00:00,home,0.4992,0.5116,0.5085,1.9666,True,nhl,"erw. Tore 2.70:2.71, 60-Min-Remis 18 % (OT-Aufteilung geschätzt)",
2026-09-28T18:53:55+00:00,nhl,401891777,Calgary Flames – Seattle Kraken,2026-10-02T01:00+00:00,away,0.5008,0.4884,0.4915,2.0346,True,nhl,"erw. Tore 2.70:2.71, 60-Min-Remis 18 % (OT-Aufteilung geschätzt)",
2026-09-28T18:53:55+00:00,nhl,401891828,Utah Mammoth – Chicago Blackhawks,2026-10-02T01:30+00:00,home,0.6914,0.6393,0.6523,1.5330,True,nhl,"erw. Tore 3.59:2.43, 60-Min-Remis 15 % (OT-Aufteilung geschätzt)",
2026-09-28T18:53:55+00:00,nhl,401891828,Utah Mammoth – Chicago Blackhawks,2026-10-02T01:30+00:00,away,0.3086,0.3607,0.3477,2.8762,True,nhl,"erw. Tore 3.59:2.43, 60-Min-Remis 15 % (OT-Aufteilung geschätzt)",
2026-09-28T18:53:55+00:00,nhl,401891823,San Jose Sharks – Florida Panthers,2026-10-02T02:00+00:00,home,0.4864,0.4453,0.4556,2.1950,True,nhl,"erw. Tore 3.31:3.40, 60-Min-Remis 16 % (OT-Aufteilung geschätzt)",
2026-09-28T18:53:55+00:00,nhl,401891823,San Jose Sharks – Florida Panthers,2026-10-02T02:00+00:00,away,0.5136,0.5547,0.5444,1.8368,True,nhl,"erw. Tore 3.31:3.40, 60-Min-Remis 16 % (OT-Aufteilung geschätzt)",
2026-09-28T18:53:55+00:00,nhl,401891829,Vancouver Canucks – Edmonton Oilers,2026-10-02T02:00+00:00,home,0.2960,0.3541,0.3396,2.9446,True,nhl,"erw. Tore 2.79:4.12, 60-Min-Remis 14 % (OT-Aufteilung geschätzt)",
2026-09-28T18:53:55+00:00,nhl,401891829,Vancouver Canucks – Edmonton Oilers,2026-10-02T02:00+00:00,away,0.7040,0.6459,0.6604,1.5142,True,nhl,"erw. Tore 2.79:4.12, 60-Min-Remis 14 % (OT-Aufteilung geschätzt)",
2026-09-28T18:53:55+00:00,nhl,401891803,Detroit Red Wings – New York Rangers,2026-10-02T22:30+00:00,home,0.5141,0.5674,0.5541,1.8047,True,nhl,"erw. Tore 2.93:2.85, 60-Min-Remis 17 % (OT-Aufteilung geschätzt)",
2026-09-28T18:53:55+00:00,nhl,401891803,Detroit Red Wings – New York Rangers,2026-10-02T22:30+00:00,away,0.4859,0.4326,0.4459,2.2427,True,nhl,"erw. Tore 2.93:2.85, 60-Min-Remis 17 % (OT-Aufteilung geschätzt)",
2026-09-28T18:53:55+00:00,nhl,401892432,Carolina Hurricanes – Washington Capitals,2026-10-02T23:00+00:00,home,0.5852,0.5303,0.5440,1.8381,True,nhl,"erw. Tore 3.44:2.93, 60-Min-Remis 16 % (OT-Aufteilung geschätzt)",
2026-09-28T18:53:55+00:00,nhl,401892432,Carolina Hurricanes – Washington Capitals,2026-10-02T23:00+00:00,away,0.4148,0.4697,0.4560,2.1931,True,nhl,"erw. Tore 3.44:2.93, 60-Min-Remis 16 % (OT-Aufteilung geschätzt)",
2026-09-28T18:53:55+00:00,nhl,401891831,Winnipeg Jets – Boston Bruins,2026-10-03T00:00+00:00,home,0.4146,0.4884,0.4699,2.1279,True,nhl,"erw. Tore 2.75:3.25, 60-Min-Remis 16 % (OT-Aufteilung geschätzt)",
2026-09-28T18:53:55+00:00,nhl,401891831,Winnipeg Jets – Boston Bruins,2026-10-03T00:00+00:00,away,0.5854,0.5116,0.5301,1.8866,True,nhl,"erw. Tore 2.75:3.25, 60-Min-Remis 16 % (OT-Aufteilung geschätzt)",
2026-09-28T18:53:55+00:00,nhl,401891782,Dallas Stars – St. Louis Blues,2026-10-03T01:00+00:00,home,0.6483,0.6540,0.6526,1.5323,True,nhl,"erw. Tore 3.35:2.48, 60-Min-Remis 16 % (OT-Aufteilung geschätzt)",
2026-09-28T18:53:55+00:00,nhl,401891782,Dallas Stars – St. Louis Blues,2026-10-03T01:00+00:00,away,0.3517,0.3460,0.3474,2.8786,True,nhl,"erw. Tore 3.35:2.48, 60-Min-Remis 16 % (OT-Aufteilung geschätzt)",
2026-09-28T18:53:55+00:00,nhl,401892433,Vegas Golden Knights – Anaheim Ducks,2026-10-03T02:00+00:00,home,0.6154,0.4950,0.5251,1.9042,True,nhl,"erw. Tore 3.74:3.02, 60-Min-Remis 15 % (OT-Aufteilung geschätzt)",
2026-09-28T18:53:55+00:00,nhl,401892433,Vegas Golden Knights – Anaheim Ducks,2026-10-03T02:00+00:00,away,0.3846,0.5050,0.4749,2.1059,True,nhl,"erw. Tore 3.74:3.02, 60-Min-Remis 15 % (OT-Aufteilung geschätzt)",
2026-09-28T18:53:55+00:00,nhl,401891776,Buffalo Sabres – Chicago Blackhawks,2026-10-03T23:00+00:00,home,0.7302,0.6677,0.6833,1.4635,True,nhl,"erw. Tore 3.79:2.36, 60-Min-Remis 14 % (OT-Aufteilung geschätzt)",
2026-09-28T18:53:55+00:00,nhl,401891776,Buffalo Sabres – Chicago Blackhawks,2026-10-03T23:00+00:00,away,0.2698,0.3323,0.3167,3.1576,True,nhl,"erw. Tore 3.79:2.36, 60-Min-Remis 14 % (OT-Aufteilung geschätzt)",
2026-09-28T18:53:55+00:00,nhl,401891822,Pittsburgh Penguins – Montreal Canadiens,2026-10-03T23:00+00:00,home,0.5244,0.5000,0.5061,1.9759,True,nhl,"erw. Tore 3.57:3.41, 60-Min-Remis 15 % (OT-Aufteilung geschätzt)",
2026-09-28T18:53:55+00:00,nhl,401891822,Pittsburgh Penguins – Montreal Canadiens,2026-10-03T23:00+00:00,away,0.4756,0.5000,0.4939,2.0247,True,nhl,"erw. Tore 3.57:3.41, 60-Min-Remis 15 % (OT-Aufteilung geschätzt)",
2026-09-28T18:53:55+00:00,nhl,401891826,Tampa Bay Lightning – Washington Capitals,2026-10-03T23:00+00:00,home,0.5857,0.5768,0.5790,1.7272,True,nhl,"erw. Tore 3.36:2.85, 60-Min-Remis 16 % (OT-Aufteilung geschätzt)",
2026-09-28T18:53:55+00:00,nhl,401891826,Tampa Bay Lightning – Washington Capitals,2026-10-03T23:00+00:00,away,0.4143,0.4232,0.4210,2.3752,True,nhl,"erw. Tore 3.36:2.85, 60-Min-Remis 16 % (OT-Aufteilung geschätzt)",
2026-09-28T18:53:55+00:00,nhl,401892434,Toronto Maple Leafs – Ottawa Senators,2026-10-03T23:00+00:00,home,0.3754,0.5174,0.4819,2.0750,True,nhl,"erw. Tore 3.00:3.78, 60-Min-Remis 15 % (OT-Aufteilung geschätzt)",
2026-09-28T18:53:55+00:00,nhl,401892434,Toronto Maple Leafs – Ottawa Senators,2026-10-03T23:00+00:00,away,0.6246,0.4826,0.5181,1.9302,True,nhl,"erw. Tore 3.00:3.78, 60-Min-Remis 15 % (OT-Aufteilung geschätzt)",
2026-09-28T18:53:55+00:00,nhl,401892435,Philadelphia Flyers – Carolina Hurricanes,2026-10-03T23:00+00:00,home,0.4305,0.5075,0.4883,2.0480,True,nhl,"erw. Tore 2.84:3.25, 60-Min-Remis 16 % (OT-Aufteilung geschätzt)",
2026-09-28T18:53:55+00:00,nhl,401892435,Philadelphia Flyers – Carolina Hurricanes,2026-10-03T23:00+00:00,away,0.5695,0.4925,0.5117,1.9542,True,nhl,"erw. Tore 2.84:3.25, 60-Min-Remis 16 % (OT-Aufteilung geschätzt)",
2026-09-28T18:53:55+00:00,nhl,401892436,Columbus Blue Jackets – Utah Mammoth,2026-10-03T23:00+00:00,home,0.4752,0.5300,0.5163,1.9368,True,nhl,"erw. Tore 2.98:3.12, 60-Min-Remis 17 % (OT-Aufteilung geschätzt)",
2026-09-28T18:53:55+00:00,nhl,401892436,Columbus Blue Jackets – Utah Mammoth,2026-10-03T23:00+00:00,away,0.5248,0.4700,0.4837,2.0674,True,nhl,"erw. Tore 2.98:3.12, 60-Min-Remis 17 % (OT-Aufteilung geschätzt)",
2026-09-28T18:53:55+00:00,nhl,401892437,Edmonton Oilers – Seattle Kraken,2026-10-03T23:00+00:00,home,0.6254,0.5600,0.5764,1.7351,True,nhl,"erw. Tore 3.58:2.81, 60-Min-Remis 15 % (OT-Aufteilung geschätzt)",
2026-09-28T18:53:55+00:00,nhl,401892437,Edmonton Oilers – Seattle Kraken,2026-10-03T23:00+00:00,away,0.3746,0.4400,0.4236,2.3604,True,nhl,"erw. Tore 3.58:2.81, 60-Min-Remis 15 % (OT-Aufteilung geschätzt)",
2026-09-28T18:53:55+00:00,nhl,401891818,New York Islanders – New Jersey Devils,2026-10-03T23:30+00:00,home,0.5500,0.5186,0.5264,1.8996,True,nhl,"erw. Tore 2.84:2.57, 60-Min-Remis 18 % (OT-Aufteilung geschätzt)",
2026-09-28T18:53:55+00:00,nhl,401891818,New York Islanders – New Jersey Devils,2026-10-03T23:30+00:00,away,0.4500,0.4814,0.4736,2.1116,True,nhl,"erw. Tore 2.84:2.57, 60-Min-Remis 18 % (OT-Aufteilung geschätzt)",
2026-09-28T18:53:55+00:00,nhl,401891814,Minnesota Wild – Boston Bruins,2026-10-04T00:00+00:00,home,0.5340,0.6166,0.5959,1.6780,True,nhl,"erw. Tore 3.21:3.01, 60-Min-Remis 16 % (OT-Aufteilung geschätzt)",
2026-09-28T18:53:55+00:00,nhl,401891814,Minnesota Wild – Boston Bruins,2026-10-04T00:00+00:00,away,0.4660,0.3834,0.4041,2.4748,True,nhl,"erw. Tore 3.21:3.01, 60-Min-Remis 16 % (OT-Aufteilung geschätzt)",
2026-09-28T18:53:55+00:00,nhl,401892438,Nashville Predators – Dallas Stars,2026-10-04T00:00+00:00,home,0.3863,0.5075,0.4772,2.0954,True,nhl,"erw. Tore 2.71:3.39, 60-Min-Remis 16 % (OT-Aufteilung geschätzt)",
2026-09-28T18:53:55+00:00,nhl,401892438,Nashville Predators – Dallas Stars,2026-10-04T00:00+00:00,away,0.6137,0.4925,0.5228,1.9129,True,nhl,"erw. Tore 2.71:3.39, 60-Min-Remis 16 % (OT-Aufteilung geschätzt)",
2026-09-28T18:53:55+00:00,nhl,401892439,Colorado Avalanche – St. Louis Blues,2026-10-04T01:00+00:00,home,0.7225,0.6327,0.6551,1.5265,True,nhl,"erw. Tore 3.58:2.24, 60-Min-Remis 15 % (OT-Aufteilung geschätzt)",
2026-09-28T18:53:55+00:00,nhl,401892439,Colorado Avalanche – St. Louis Blues,2026-10-04T01:00+00:00,away,0.2775,0.3673,0.3449,2.8994,True,nhl,"erw. Tore 3.58:2.24, 60-Min-Remis 15 % (OT-Aufteilung geschätzt)",
2026-09-28T18:53:55+00:00,nhl,401892440,Vancouver Canucks – Calgary Flames,2026-10-04T02:00+00:00,home,0.4245,0.4949,0.4773,2.0949,True,nhl,"erw. Tore 2.68:3.12, 60-Min-Remis 17 % (OT-Aufteilung geschätzt)",
2026-09-28T18:53:55+00:00,nhl,401892440,Vancouver Canucks – Calgary Flames,2026-10-04T02:00+00:00,away,0.5755,0.5051,0.5227,1.9133,True,nhl,"erw. Tore 2.68:3.12, 60-Min-Remis 17 % (OT-Aufteilung geschätzt)",
2026-09-28T18:53:55+00:00,nhl,401892441,San Jose Sharks – Los Angeles Kings,2026-10-04T02:00+00:00,home,0.4887,0.4975,0.4953,2.0190,True,nhl,"erw. Tore 2.96:3.02, 60-Min-Remis 17 % (OT-Aufteilung geschätzt)",
2026-09-28T18:53:55+00:00,nhl,401892441,San Jose Sharks – Los Angeles Kings,2026-10-04T02:00+00:00,away,0.5113,0.5025,0.5047,1.9814,True,nhl,"erw. Tore 2.96:3.02, 60-Min-Remis 17 % (OT-Aufteilung geschätzt)",
2026-09-28T18:53:55+00:00,nhl,401892442,Detroit Red Wings – Winnipeg Jets,2026-10-04T17:00+00:00,home,0.5570,0.5176,0.5274,1.8960,True,nhl,"erw. Tore 3.04:2.72, 60-Min-Remis 17 % (OT-Aufteilung geschätzt)",
2026-09-28T18:53:55+00:00,nhl,401892442,Detroit Red Wings – Winnipeg Jets,2026-10-04T17:00+00:00,away,0.4430,0.4824,0.4726,2.1161,True,nhl,"erw. Tore 3.04:2.72, 60-Min-Remis 17 % (OT-Aufteilung geschätzt)",
2026-09-28T18:53:55+00:00,nhl,401892443,New York Rangers – Utah Mammoth,2026-10-04T22:00+00:00,home,0.4599,0.5248,0.5085,1.9664,True,nhl,"erw. Tore 2.90:3.13, 60-Min-Remis 17 % (OT-Aufteilung geschätzt)",
2026-09-28T18:53:55+00:00,nhl,401892443,New York Rangers – Utah Mammoth,2026-10-04T22:00+00:00,away,0.5401,0.4752,0.4915,2.0348,True,nhl,"erw. Tore 2.90:3.13, 60-Min-Remis 17 % (OT-Aufteilung geschätzt)",
2026-09-28T18:53:55+00:00,nhl,401891778,Anaheim Ducks – Florida Panthers,2026-10-05T00:00+00:00,home,0.5171,0.4654,0.4783,2.0905,True,nhl,"erw. Tore 3.51:3.40, 60-Min-Remis 15 % (OT-Aufteilung geschätzt)",
2026-09-28T18:53:55+00:00,nhl,401891778,Anaheim Ducks – Florida Panthers,2026-10-05T00:00+00:00,away,0.4829,0.5346,0.5217,1.9170,True,nhl,"erw. Tore 3.51:3.40, 60-Min-Remis 15 % (OT-Aufteilung geschätzt)",
2026-09-28T18:53:55+00:00,nhl,401891824,Seattle Kraken – Calgary Flames,2026-10-05T00:00+00:00,home,0.5453,0.5547,0.5523,1.8105,True,nhl,"erw. Tore 2.83:2.58, 60-Min-Remis 18 % (OT-Aufteilung geschätzt)",
2026-09-28T18:53:55+00:00,nhl,401891824,Seattle Kraken – Calgary Flames,2026-10-05T00:00+00:00,away,0.4547,0.4453,0.4477,2.2338,True,nhl,"erw. Tore 2.83:2.58, 60-Min-Remis 18 % (OT-Aufteilung geschätzt)",
2026-09-28T18:53:55+00:00,nhl,401892444,Vancouver Canucks – Vegas Golden Knights,2026-10-05T01:00+00:00,home,0.2924,0.4300,0.3956,2.5277,True,nhl,"erw. Tore 2.55:3.86, 60-Min-Remis 14 % (OT-Aufteilung geschätzt)",
2026-09-28T18:53:55+00:00,nhl,401892444,Vancouver Canucks – Vegas Golden Knights,2026-10-05T01:00+00:00,away,0.7076,0.5700,0.6044,1.6546,True,nhl,"erw. Tore 2.55:3.86, 60-Min-Remis 14 % (OT-Aufteilung geschätzt)",
2026-09-28T18:53:55+00:00,nhl,401892445,Tampa Bay Lightning – Philadelphia Flyers,2026-10-05T23:00+00:00,home,0.6153,,0.6153,1.6253,True,nhl,"erw. Tore 3.32:2.64, 60-Min-Remis 16 % (OT-Aufteilung geschätzt)",
2026-09-28T18:53:55+00:00,nhl,401892445,Tampa Bay Lightning – Philadelphia Flyers,2026-10-05T23:00+00:00,away,0.3847,,0.3847,2.5994,True,nhl,"erw. Tore 3.32:2.64, 60-Min-Remis 16 % (OT-Aufteilung geschätzt)",
2026-09-28T18:53:55+00:00,nhl,401892446,Boston Bruins – Ottawa Senators,2026-10-05T23:30+00:00,home,0.5061,,0.5061,1.9757,True,nhl,"erw. Tore 3.19:3.15, 60-Min-Remis 16 % (OT-Aufteilung geschätzt)",
2026-09-28T18:53:55+00:00,nhl,401892446,Boston Bruins – Ottawa Senators,2026-10-05T23:30+00:00,away,0.4939,,0.4939,2.0249,True,nhl,"erw. Tore 3.19:3.15, 60-Min-Remis 16 % (OT-Aufteilung geschätzt)",
2026-09-28T18:53:55+00:00,nhl,401892447,Pittsburgh Penguins – Winnipeg Jets,2026-10-05T23:30+00:00,home,0.6463,,0.6463,1.5473,True,nhl,"erw. Tore 3.72:2.81, 60-Min-Remis 15 % (OT-Aufteilung geschätzt)",
2026-09-28T18:53:55+00:00,nhl,401892447,Pittsburgh Penguins – Winnipeg Jets,2026-10-05T23:30+00:00,away,0.3537,,0.3537,2.8270,True,nhl,"erw. Tore 3.72:2.81, 60-Min-Remis 15 % (OT-Aufteilung geschätzt)",
2026-09-28T18:53:55+00:00,nhl,401892448,Dallas Stars – San Jose Sharks,2026-10-06T00:00+00:00,home,0.6977,,0.6977,1.4332,True,nhl,"erw. Tore 3.88:2.63, 60-Min-Remis 14 % (OT-Aufteilung geschätzt)",
2026-09-28T18:53:55+00:00,nhl,401892448,Dallas Stars – San Jose Sharks,2026-10-06T00:00+00:00,away,0.3023,,0.3023,3.3083,True,nhl,"erw. Tore 3.88:2.63, 60-Min-Remis 14 % (OT-Aufteilung geschätzt)",
2026-09-28T19:26:20+00:00,bundesliga,401884781,Borussia Dortmund – Werder Bremen,2026-10-09T18:30+00:00,home,0.7257,0.7150,0.7204,1.3882,False,soccer,"erw. Tore 2.24:0.68 (Tore+xG 50/50), O2.5 56 %",
2026-09-28T19:26:20+00:00,bundesliga,401884781,Borussia Dortmund – Werder Bremen,2026-10-09T18:30+00:00,draw,0.1813,0.1573,0.1693,5.9056,False,soccer,"erw. Tore 2.24:0.68 (Tore+xG 50/50), O2.5 56 %",
2026-09-28T19:26:20+00:00,bundesliga,401884781,Borussia Dortmund – Werder Bremen,2026-10-09T18:30+00:00,away,0.0930,0.1276,0.1103,9.0648,False,soccer,"erw. Tore 2.24:0.68 (Tore+xG 50/50), O2.5 56 %",
2026-09-28T19:26:20+00:00,bundesliga,401884775,1. FC Union Berlin – SV Elversberg,2026-10-10T13:30+00:00,home,0.2991,0.4295,0.3643,2.7447,False,soccer,"erw. Tore 1.41:1.79 (Tore+xG 50/50), O2.5 62 %",
2026-09-28T19:26:20+00:00,bundesliga,401884775,1. FC Union Berlin – SV Elversberg,2026-10-10T13:30+00:00,draw,0.2400,0.2431,0.2416,4.1399,False,soccer,"erw. Tore 1.41:1.79 (Tore+xG 50/50), O2.5 62 %",
2026-09-28T19:26:20+00:00,bundesliga,401884775,1. FC Union Berlin – SV Elversberg,2026-10-10T13:30+00:00,away,0.4609,0.3273,0.3941,2.5374,False,soccer,"erw. Tore 1.41:1.79 (Tore+xG 50/50), O2.5 62 %",
2026-09-28T19:26:20+00:00,bundesliga,401884777,FC Augsburg – Bayern Munich,2026-10-10T13:30+00:00,home,0.1057,0.0901,0.0979,10.2154,False,soccer,"erw. Tore 1.19:3.16 (Tore+xG 50/50), O2.5 81 %",
2026-09-28T19:26:20+00:00,bundesliga,401884777,FC Augsburg – Bayern Munich,2026-10-10T13:30+00:00,draw,0.1361,0.0979,0.1170,8.5469,False,soccer,"erw. Tore 1.19:3.16 (Tore+xG 50/50), O2.5 81 %",
2026-09-28T19:26:20+00:00,bundesliga,401884777,FC Augsburg – Bayern Munich,2026-10-10T13:30+00:00,away,0.7582,0.8120,0.7851,1.2737,False,soccer,"erw. Tore 1.19:3.16 (Tore+xG 50/50), O2.5 81 %",
2026-09-28T19:26:20+00:00,bundesliga,401884776,Mainz – Bayer Leverkusen,2026-10-10T13:30+00:00,home,0.3187,0.3354,0.3270,3.0577,False,soccer,"erw. Tore 1.43:1.70 (Tore+xG 50/50), O2.5 60 %",
2026-09-28T19:26:20+00:00,bundesliga,401884776,Mainz – Bayer Leverkusen,2026-10-10T13:30+00:00,draw,0.2458,0.2444,0.2451,4.0798,False,soccer,"erw. Tore 1.43:1.70 (Tore+xG 50/50), O2.5 60 %",
2026-09-28T19:26:20+00:00,bundesliga,401884776,Mainz – Bayer Leverkusen,2026-10-10T13:30+00:00,away,0.4356,0.4201,0.4279,2.3373,False,soccer,"erw. Tore 1.43:1.70 (Tore+xG 50/50), O2.5 60 %",
2026-09-28T19:26:20+00:00,bundesliga,401884773,SC Paderborn 07 – VfB Stuttgart,2026-10-10T13:30+00:00,home,0.3313,0.1870,0.2591,3.8588,False,soccer,"erw. Tore 1.56:1.81 (Tore+xG 50/50), O2.5 65 %",
2026-09-28T19:26:20+00:00,bundesliga,401884773,SC Paderborn 07 – VfB Stuttgart,2026-10-10T13:30+00:00,draw,0.2355,0.2019,0.2187,4.5719,False,soccer,"erw. Tore 1.56:1.81 (Tore+xG 50/50), O2.5 65 %",
2026-09-28T19:26:20+00:00,bundesliga,401884773,SC Paderborn 07 – VfB Stuttgart,2026-10-10T13:30+00:00,away,0.4332,0.6111,0.5221,1.9153,False,soccer,"erw. Tore 1.56:1.81 (Tore+xG 50/50), O2.5 65 %",
2026-09-28T19:26:20+00:00,bundesliga,401884779,TSG Hoffenheim – Hamburg SV,2026-10-10T13:30+00:00,home,0.6232,0.6733,0.6482,1.5426,False,soccer,"erw. Tore 2.19:1.07 (Tore+xG 50/50), O2.5 63 %",
2026-09-28T19:26:20+00:00,bundesliga,401884779,TSG Hoffenheim – Hamburg SV,2026-10-10T13:30+00:00,draw,0.2058,0.1881,0.1970,5.0768,False,soccer,"erw. Tore 2.19:1.07 (Tore+xG 50/50), O2.5 63 %",
2026-09-28T19:26:20+00:00,bundesliga,401884779,TSG Hoffenheim – Hamburg SV,2026-10-10T13:30+00:00,away,0.1709,0.1386,0.1548,6.4608,False,soccer,"erw. Tore 2.19:1.07 (Tore+xG 50/50), O2.5 63 %",
2026-09-28T19:26:20+00:00,bundesliga,401884780,RB Leipzig – Eintracht Frankfurt,2026-10-10T16:30+00:00,home,0.6214,0.6399,0.6307,1.5856,False,soccer,"erw. Tore 2.54:1.39 (Tore+xG 50/50), O2.5 75 %",
2026-09-28T19:26:20+00:00,bundesliga,401884780,RB Leipzig – Eintracht Frankfurt,2026-10-10T16:30+00:00,draw,0.1871,0.1845,0.1858,5.3819,False,soccer,"erw. Tore 2.54:1.39 (Tore+xG 50/50), O2.5 75 %",
2026-09-28T19:26:20+00:00,bundesliga,401884780,RB Leipzig – Eintracht Frankfurt,2026-10-10T16:30+00:00,away,0.1914,0.1757,0.1835,5.4485,False,soccer,"erw. Tore 2.54:1.39 (Tore+xG 50/50), O2.5 75 %",
2026-09-28T19:26:20+00:00,bundesliga,401884774,FC Cologne – Borussia Mönchengladbach,2026-10-11T13:30+00:00,home,0.4711,0.4901,0.4806,2.0807,False,soccer,"erw. Tore 1.86:1.44 (Tore+xG 50/50), O2.5 64 %",
2026-09-28T19:26:20+00:00,bundesliga,401884774,FC Cologne – Borussia Mönchengladbach,2026-10-11T13:30+00:00,draw,0.2348,0.2327,0.2338,4.2779,False,soccer,"erw. Tore 1.86:1.44 (Tore+xG 50/50), O2.5 64 %",
2026-09-28T19:26:20+00:00,bundesliga,401884774,FC Cologne – Borussia Mönchengladbach,2026-10-11T13:30+00:00,away,0.2941,0.2772,0.2856,3.5009,False,soccer,"erw. Tore 1.86:1.44 (Tore+xG 50/50), O2.5 64 %",
2026-09-28T19:26:20+00:00,bundesliga,401884778,SC Freiburg – Schalke 04,2026-10-11T15:30+00:00,home,0.4620,0.5970,0.5295,1.8885,False,soccer,"erw. Tore 1.50:1.08 (Tore+xG 50/50), O2.5 48 %",
2026-09-28T19:26:20+00:00,bundesliga,401884778,SC Freiburg – Schalke 04,2026-10-11T15:30+00:00,draw,0.2702,0.2291,0.2496,4.0057,False,soccer,"erw. Tore 1.50:1.08 (Tore+xG 50/50), O2.5 48 %",
2026-09-28T19:26:20+00:00,bundesliga,401884778,SC Freiburg – Schalke 04,2026-10-11T15:30+00:00,away,0.2677,0.1739,0.2208,4.5283,False,soccer,"erw. Tore 1.50:1.08 (Tore+xG 50/50), O2.5 48 %",
2026-09-28T19:26:20+00:00,2bundesliga,401885100,1. FC Heidenheim 1846 – Kaiserslautern,2026-10-09T16:30+00:00,home,0.4366,0.5080,0.4723,2.1173,False,soccer,"erw. Tore 1.59:1.30 (Tore+xG 50/50), O2.5 55 %",
2026-09-28T19:26:20+00:00,2bundesliga,401885100,1. FC Heidenheim 1846 – Kaiserslautern,2026-10-09T16:30+00:00,draw,0.2572,0.2659,0.2615,3.8235,False,soccer,"erw. Tore 1.59:1.30 (Tore+xG 50/50), O2.5 55 %",
2026-09-28T19:26:20+00:00,2bundesliga,401885100,1. FC Heidenheim 1846 – Kaiserslautern,2026-10-09T16:30+00:00,away,0.3063,0.2261,0.2662,3.7570,False,soccer,"erw. Tore 1.59:1.30 (Tore+xG 50/50), O2.5 55 %",
2026-09-28T19:26:20+00:00,2bundesliga,401885094,TSV Eintracht Braunschweig – Holstein Kiel,2026-10-09T16:30+00:00,home,0.4120,0.3548,0.3834,2.6084,False,soccer,"erw. Tore 1.52:1.33 (Tore+xG 50/50), O2.5 54 %",
2026-09-28T19:26:20+00:00,2bundesliga,401885094,TSV Eintracht Braunschweig – Holstein Kiel,2026-10-09T16:30+00:00,draw,0.2610,0.2493,0.2551,3.9195,False,soccer,"erw. Tore 1.52:1.33 (Tore+xG 50/50), O2.5 54 %",
2026-09-28T19:26:20+00:00,2bundesliga,401885094,TSV Eintracht Braunschweig – Holstein Kiel,2026-10-09T16:30+00:00,away,0.3271,0.3959,0.3615,2.7663,False,soccer,"erw. Tore 1.52:1.33 (Tore+xG 50/50), O2.5 54 %",
2026-09-28T19:26:20+00:00,2bundesliga,401885095,1. FC Magdeburg – Hannover 96,2026-10-10T11:00+00:00,home,0.3895,0.3646,0.3771,2.6520,False,soccer,"erw. Tore 1.63:1.57 (Tore+xG 50/50), O2.5 62 %",
2026-09-28T19:26:20+00:00,2bundesliga,401885095,1. FC Magdeburg – Hannover 96,2026-10-10T11:00+00:00,draw,0.2448,0.2372,0.2410,4.1498,False,soccer,"erw. Tore 1.63:1.57 (Tore+xG 50/50), O2.5 62 %",
2026-09-28T19:26:20+00:00,2bundesliga,401885095,1. FC Magdeburg – Hannover 96,2026-10-10T11:00+00:00,away,0.3657,0.3982,0.3819,2.6182,False,soccer,"erw. Tore 1.63:1.57 (Tore+xG 50/50), O2.5 62 %",
2026-09-28T19:26:20+00:00,2bundesliga,401885099,SV Darmstadt 98 – Energie Cottbus,2026-10-10T11:00+00:00,home,0.4814,0.4581,0.4698,2.1287,False,soccer,"erw. Tore 2.24:1.79 (Tore+xG 50/50), O2.5 77 %",
2026-09-28T19:26:20+00:00,2bundesliga,401885099,SV Darmstadt 98 – Energie Cottbus,2026-10-10T11:00+00:00,draw,0.2089,0.2277,0.2183,4.5818,False,soccer,"erw. Tore 2.24:1.79 (Tore+xG 50/50), O2.5 77 %",
2026-09-28T19:26:20+00:00,2bundesliga,401885099,SV Darmstadt 98 – Energie Cottbus,2026-10-10T11:00+00:00,away,0.3097,0.3142,0.3120,3.2055,False,soccer,"erw. Tore 2.24:1.79 (Tore+xG 50/50), O2.5 77 %",
2026-09-28T19:26:20+00:00,2bundesliga,401885093,VfL Osnabruck – Dynamo Dresden,2026-10-10T11:00+00:00,home,0.4324,0.3641,0.3983,2.5110,False,soccer,"erw. Tore 1.90:1.67 (Tore+xG 50/50), O2.5 69 %",
2026-09-28T19:26:20+00:00,2bundesliga,401885093,VfL Osnabruck – Dynamo Dresden,2026-10-10T11:00+00:00,draw,0.2282,0.2472,0.2377,4.2066,False,soccer,"erw. Tore 1.90:1.67 (Tore+xG 50/50), O2.5 69 %",
2026-09-28T19:26:20+00:00,2bundesliga,401885093,VfL Osnabruck – Dynamo Dresden,2026-10-10T11:00+00:00,away,0.3394,0.3887,0.3640,2.7471,False,soccer,"erw. Tore 1.90:1.67 (Tore+xG 50/50), O2.5 69 %",
2026-09-28T19:26:20+00:00,2bundesliga,401885097,1. FC Nürnberg – VfL Wolfsburg,2026-10-10T18:30+00:00,home,0.5136,0.3709,0.4423,2.2611,False,soccer,"erw. Tore 1.88:1.26 (Tore+xG 50/50), O2.5 61 %",
2026-09-28T19:26:20+00:00,2bundesliga,401885097,1. FC Nürnberg – VfL Wolfsburg,2026-10-10T18:30+00:00,draw,0.2353,0.2500,0.2426,4.1214,False,soccer,"erw. Tore 1.88:1.26 (Tore+xG 50/50), O2.5 61 %",
2026-09-28T19:26:20+00:00,2bundesliga,401885097,1. FC Nürnberg – VfL Wolfsburg,2026-10-10T18:30+00:00,away,0.2511,0.3791,0.3151,3.1735,False,soccer,"erw. Tore 1.88:1.26 (Tore+xG 50/50), O2.5 61 %",
2026-09-28T19:26:20+00:00,2bundesliga,401885098,Hertha Berlin – SpVgg Greuther Fürth,2026-10-11T11:30+00:00,home,0.5003,0.6048,0.5526,1.8097,False,soccer,"erw. Tore 1.92:1.36 (Tore+xG 50/50), O2.5 64 %",
2026-09-28T19:26:20+00:00,2bundesliga,401885098,Hertha Berlin – SpVgg Greuther Fürth,2026-10-11T11:30+00:00,draw,0.2319,0.2048,0.2183,4.5798,False,soccer,"erw. Tore 1.92:1.36 (Tore+xG 50/50), O2.5 64 %",
2026-09-28T19:26:20+00:00,2bundesliga,401885098,Hertha Berlin – SpVgg Greuther Fürth,2026-10-11T11:30+00:00,away,0.2678,0.1904,0.2291,4.3653,False,soccer,"erw. Tore 1.92:1.36 (Tore+xG 50/50), O2.5 64 %",
2026-09-28T19:26:20+00:00,2bundesliga,401885101,St. Pauli – Karlsruher SC,2026-10-11T11:30+00:00,home,0.4385,0.5758,0.5072,1.9718,False,soccer,"erw. Tore 1.48:1.17 (Tore+xG 50/50), O2.5 49 %",
2026-09-28T19:26:20+00:00,2bundesliga,401885101,St. Pauli – Karlsruher SC,2026-10-11T11:30+00:00,draw,0.2692,0.2121,0.2407,4.1553,False,soccer,"erw. Tore 1.48:1.17 (Tore+xG 50/50), O2.5 49 %",
2026-09-28T19:26:20+00:00,2bundesliga,401885101,St. Pauli – Karlsruher SC,2026-10-11T11:30+00:00,away,0.2923,0.2121,0.2522,3.9654,False,soccer,"erw. Tore 1.48:1.17 (Tore+xG 50/50), O2.5 49 %",
2026-09-28T19:26:20+00:00,2bundesliga,401885096,VfL Bochum – Arminia Bielefeld,2026-10-11T11:30+00:00,home,0.4592,0.4074,0.4333,2.3080,False,soccer,"erw. Tore 1.59:1.20 (Tore+xG 50/50), O2.5 53 %",
2026-09-28T19:26:20+00:00,2bundesliga,401885096,VfL Bochum – Arminia Bielefeld,2026-10-11T11:30+00:00,draw,0.2592,0.2631,0.2612,3.8291,False,soccer,"erw. Tore 1.59:1.20 (Tore+xG 50/50), O2.5 53 %",
2026-09-28T19:26:20+00:00,2bundesliga,401885096,VfL Bochum – Arminia Bielefeld,2026-10-11T11:30+00:00,away,0.2816,0.3295,0.3056,3.2725,False,soccer,"erw. Tore 1.59:1.20 (Tore+xG 50/50), O2.5 53 %",
2026-09-28T19:26:20+00:00,austria,401881776,Grazer AK – RB Salzburg,2026-10-10T15:00+00:00,home,0.2001,0.1472,0.1736,5.7590,True,soccer,"erw. Tore 1.08:1.96 (nur Tore (keine xG-Quelle für AT)), O2.5 59 %",
2026-09-28T19:26:20+00:00,austria,401881776,Grazer AK – RB Salzburg,2026-10-10T15:00+00:00,draw,0.2269,0.1794,0.2031,4.9228,True,soccer,"erw. Tore 1.08:1.96 (nur Tore (keine xG-Quelle für AT)), O2.5 59 %",
2026-09-28T19:26:20+00:00,austria,401881776,Grazer AK – RB Salzburg,2026-10-10T15:00+00:00,away,0.5731,0.6734,0.6232,1.6046,True,soccer,"erw. Tore 1.08:1.96 (nur Tore (keine xG-Quelle für AT)), O2.5 59 %",
2026-09-28T19:26:20+00:00,austria,401881774,WSG Swarovski Tirol – SV Josko Ried,2026-10-10T15:00+00:00,home,0.3821,0.3565,0.3693,2.7076,True,soccer,"erw. Tore 1.42:1.35 (nur Tore (keine xG-Quelle für AT)), O2.5 52 %",
2026-09-28T19:26:20+00:00,austria,401881774,WSG Swarovski Tirol – SV Josko Ried,2026-10-10T15:00+00:00,draw,0.2666,0.2548,0.2607,3.8364,True,soccer,"erw. Tore 1.42:1.35 (nur Tore (keine xG-Quelle für AT)), O2.5 52 %",
2026-09-28T19:26:20+00:00,austria,401881774,WSG Swarovski Tirol – SV Josko Ried,2026-10-10T15:00+00:00,away,0.3513,0.3887,0.3700,2.7026,True,soccer,"erw. Tore 1.42:1.35 (nur Tore (keine xG-Quelle für AT)), O2.5 52 %",
2026-09-28T19:26:20+00:00,austria,401881777,Austria Vienna – SK Sturm Graz,2026-10-10T17:30+00:00,home,0.3049,0.2999,0.3024,3.3066,True,soccer,"erw. Tore 1.14:1.37 (nur Tore (keine xG-Quelle für AT)), O2.5 46 %",
2026-09-28T19:26:20+00:00,austria,401881777,Austria Vienna – SK Sturm Graz,2026-10-10T17:30+00:00,draw,0.2796,0.2626,0.2711,3.6888,True,soccer,"erw. Tore 1.14:1.37 (nur Tore (keine xG-Quelle für AT)), O2.5 46 %",
2026-09-28T19:26:20+00:00,austria,401881777,Austria Vienna – SK Sturm Graz,2026-10-10T17:30+00:00,away,0.4154,0.4375,0.4265,2.3448,True,soccer,"erw. Tore 1.14:1.37 (nur Tore (keine xG-Quelle für AT)), O2.5 46 %",
2026-09-28T19:26:20+00:00,austria,401881775,SC Rheindorf Altach – Wolfsberger,2026-10-11T12:30+00:00,home,0.4028,0.4870,0.4449,2.2477,True,soccer,"erw. Tore 1.24:1.03 (nur Tore (keine xG-Quelle für AT)), O2.5 39 %",
2026-09-28T19:26:20+00:00,austria,401881775,SC Rheindorf Altach – Wolfsberger,2026-10-11T12:30+00:00,draw,0.2976,0.2449,0.2712,3.6866,True,soccer,"erw. Tore 1.24:1.03 (nur Tore (keine xG-Quelle für AT)), O2.5 39 %",
2026-09-28T19:26:20+00:00,austria,401881775,SC Rheindorf Altach – Wolfsberger,2026-10-11T12:30+00:00,away,0.2996,0.2682,0.2839,3.5229,True,soccer,"erw. Tore 1.24:1.03 (nur Tore (keine xG-Quelle für AT)), O2.5 39 %",
2026-09-28T19:26:20+00:00,austria,401881778,TSV Hartberg – Austria Lustenau,2026-10-11T12:30+00:00,home,0.5658,0.4590,0.5124,1.9516,True,soccer,"erw. Tore 1.83:0.99 (nur Tore (keine xG-Quelle für AT)), O2.5 53 %",
2026-09-28T19:26:20+00:00,austria,401881778,TSV Hartberg – Austria Lustenau,2026-10-11T12:30+00:00,draw,0.2384,0.2530,0.2457,4.0704,True,soccer,"erw. Tore 1.83:0.99 (nur Tore (keine xG-Quelle für AT)), O2.5 53 %",
2026-09-28T19:26:20+00:00,austria,401881778,TSV Hartberg – Austria Lustenau,2026-10-11T12:30+00:00,away,0.1958,0.2880,0.2419,4.1334,True,soccer,"erw. Tore 1.83:0.99 (nur Tore (keine xG-Quelle für AT)), O2.5 53 %",
2026-09-28T19:26:20+00:00,austria,401881779,LASK Linz – Rapid Vienna,2026-10-11T15:00+00:00,home,0.5595,0.5399,0.5497,1.8192,True,soccer,"erw. Tore 2.15:1.32 (nur Tore (keine xG-Quelle für AT)), O2.5 67 %",
2026-09-28T19:26:20+00:00,austria,401881779,LASK Linz – Rapid Vienna,2026-10-11T15:00+00:00,draw,0.2147,0.2237,0.2192,4.5627,True,soccer,"erw. Tore 2.15:1.32 (nur Tore (keine xG-Quelle für AT)), O2.5 67 %",
2026-09-28T19:26:20+00:00,austria,401881779,LASK Linz – Rapid Vienna,2026-10-11T15:00+00:00,away,0.2258,0.2364,0.2311,4.3266,True,soccer,"erw. Tore 2.15:1.32 (nur Tore (keine xG-Quelle für AT)), O2.5 67 %",
2026-09-28T19:26:20+00:00,nfl,401872963,Chicago Bears – Philadelphia Eagles,2026-09-29T00:15+00:00,home,0.5933,0.3607,0.4189,2.3875,False,nfl,"erw. Punkte 24.8:21.7 (Marge +3.1, Total 46.5)",
2026-09-28T19:26:20+00:00,nfl,401872963,Chicago Bears – Philadelphia Eagles,2026-09-29T00:15+00:00,away,0.4067,0.6393,0.5811,1.7207,False,nfl,"erw. Punkte 24.8:21.7 (Marge +3.1, Total 46.5)",
2026-09-28T19:26:20+00:00,nfl,401872964,Cleveland Browns – Pittsburgh Steelers,2026-10-02T00:15+00:00,home,0.4880,0.4117,0.4308,2.3215,False,nfl,"erw. Punkte 19.3:19.7 (Marge -0.4, Total 39.0)",
2026-09-28T19:26:20+00:00,nfl,401872964,Cleveland Browns – Pittsburgh Steelers,2026-10-02T00:15+00:00,away,0.5120,0.5883,0.5692,1.7567,False,nfl,"erw. Punkte 19.3:19.7 (Marge -0.4, Total 39.0)",
2026-09-28T19:26:20+00:00,nfl,401872965,Washington Commanders – Indianapolis Colts,2026-10-04T13:30+00:00,home,0.4403,0.3760,0.3921,2.5504,False,nfl,"erw. Punkte 26.5:28.5 (Marge -2.0, Total 55.0)",
2026-09-28T19:26:20+00:00,nfl,401872965,Washington Commanders – Indianapolis Colts,2026-10-04T13:30+00:00,away,0.5597,0.6240,0.6079,1.6450,False,nfl,"erw. Punkte 26.5:28.5 (Marge -2.0, Total 55.0)",
2026-09-28T19:26:20+00:00,nfl,401872971,Buffalo Bills – New England Patriots,2026-10-04T17:00+00:00,home,0.5724,0.7402,0.6983,1.4321,False,nfl,"erw. Punkte 24.9:22.4 (Marge +2.4, Total 47.3)",
2026-09-28T19:26:20+00:00,nfl,401872971,Buffalo Bills – New England Patriots,2026-10-04T17:00+00:00,away,0.4276,0.2598,0.3017,3.3141,False,nfl,"erw. Punkte 24.9:22.4 (Marge +2.4, Total 47.3)",
2026-09-28T19:26:20+00:00,nfl,401872972,Chicago Bears – New York Jets,2026-10-04T17:00+00:00,home,0.7405,0.5768,0.6177,1.6189,False,nfl,"erw. Punkte 28.1:19.5 (Marge +8.6, Total 47.6)",
2026-09-28T19:26:20+00:00,nfl,401872972,Chicago Bears – New York Jets,2026-10-04T17:00+00:00,away,0.2595,0.4232,0.3823,2.6157,False,nfl,"erw. Punkte 28.1:19.5 (Marge +8.6, Total 47.6)",
2026-09-28T19:26:20+00:00,nfl,401872969,Cincinnati Bengals – Jacksonville Jaguars,2026-10-04T17:00+00:00,home,0.3207,0.5883,0.5214,1.9178,False,nfl,"erw. Punkte 21.5:27.7 (Marge -6.2, Total 49.3)",
2026-09-28T19:26:20+00:00,nfl,401872969,Cincinnati Bengals – Jacksonville Jaguars,2026-10-04T17:00+00:00,away,0.6793,0.4117,0.4786,2.0896,False,nfl,"erw. Punkte 21.5:27.7 (Marge -6.2, Total 49.3)",
2026-09-28T19:26:20+00:00,nfl,401872966,New York Giants – Arizona Cardinals,2026-10-04T17:00+00:00,home,0.5710,0.4884,0.5090,1.9645,False,nfl,"erw. Punkte 23.3:20.9 (Marge +2.4, Total 44.1)",
2026-09-28T19:26:20+00:00,nfl,401872966,New York Giants – Arizona Cardinals,2026-10-04T17:00+00:00,away,0.4290,0.5116,0.4910,2.0368,False,nfl,"erw. Punkte 23.3:20.9 (Marge +2.4, Total 44.1)",
2026-09-28T19:26:20+00:00,nfl,401872970,Philadelphia Eagles – Los Angeles Rams,2026-10-04T17:00+00:00,home,0.4389,0.4546,0.4507,2.2189,False,nfl,"erw. Punkte 21.2:23.3 (Marge -2.1, Total 44.5)",
2026-09-28T19:26:20+00:00,nfl,401872970,Philadelphia Eagles – Los Angeles Rams,2026-10-04T17:00+00:00,away,0.5611,0.5454,0.5493,1.8204,False,nfl,"erw. Punkte 21.2:23.3 (Marge -2.1, Total 44.5)",
2026-09-28T19:26:20+00:00,nfl,401872968,Tampa Bay Buccaneers – Green Bay Packers,2026-10-04T17:00+00:00,home,0.5689,0.3541,0.4078,2.4521,False,nfl,"erw. Punkte 25.4:23.1 (Marge +2.3, Total 48.5)",
2026-09-28T19:26:20+00:00,nfl,401872968,Tampa Bay Buccaneers – Green Bay Packers,2026-10-04T17:00+00:00,away,0.4311,0.6459,0.5922,1.6887,False,nfl,"erw. Punkte 25.4:23.1 (Marge +2.3, Total 48.5)",
2026-09-28T19:26:20+00:00,nfl,401872973,Baltimore Ravens – Tennessee Titans,2026-10-04T17:00+00:00,home,0.7517,0.8625,0.8348,1.1978,False,nfl,"erw. Punkte 27.1:18.0 (Marge +9.1, Total 45.2)",
2026-09-28T19:26:20+00:00,nfl,401872973,Baltimore Ravens – Tennessee Titans,2026-10-04T17:00+00:00,away,0.2483,0.1375,0.1652,6.0545,False,nfl,"erw. Punkte 27.1:18.0 (Marge +9.1, Total 45.2)",
2026-09-28T19:26:20+00:00,nfl,401872967,Houston Texans – Dallas Cowboys,2026-10-04T17:00+00:00,home,0.5767,0.5674,0.5697,1.7552,False,nfl,"erw. Punkte 25.8:23.2 (Marge +2.6, Total 49.0)",
2026-09-28T19:26:20+00:00,nfl,401872967,Houston Texans – Dallas Cowboys,2026-10-04T17:00+00:00,away,0.4233,0.4326,0.4303,2.3242,False,nfl,"erw. Punkte 25.8:23.2 (Marge +2.6, Total 49.0)",
2026-09-28T19:26:20+00:00,nfl,401872974,Minnesota Vikings – Miami Dolphins,2026-10-04T20:05+00:00,home,0.7881,0.8384,0.8258,1.2109,False,nfl,"erw. Punkte 24.1:13.5 (Marge +10.7, Total 37.6)",
2026-09-28T19:26:20+00:00,nfl,401872974,Minnesota Vikings – Miami Dolphins,2026-10-04T20:05+00:00,away,0.2119,0.1616,0.1742,5.7419,False,nfl,"erw. Punkte 24.1:13.5 (Marge +10.7, Total 37.6)",
2026-09-28T19:26:20+00:00,nfl,401872976,Las Vegas Raiders – Kansas City Chiefs,2026-10-04T20:25+00:00,home,0.4024,0.3256,0.3448,2.9001,False,nfl,"erw. Punkte 20.1:23.4 (Marge -3.3, Total 43.5)",
2026-09-28T19:26:20+00:00,nfl,401872976,Las Vegas Raiders – Kansas City Chiefs,2026-10-04T20:25+00:00,away,0.5976,0.6744,0.6552,1.5263,False,nfl,"erw. Punkte 20.1:23.4 (Marge -3.3, Total 43.5)",
2026-09-28T19:26:20+00:00,nfl,401872975,San Francisco 49ers – Denver Broncos,2026-10-04T20:25+00:00,home,0.6235,0.5993,0.6053,1.6520,False,nfl,"erw. Punkte 25.0:20.8 (Marge +4.2, Total 45.8)",
2026-09-28T19:26:20+00:00,nfl,401872975,San Francisco 49ers – Denver Broncos,2026-10-04T20:25+00:00,away,0.3765,0.4007,0.3947,2.5338,False,nfl,"erw. Punkte 25.0:20.8 (Marge +4.2, Total 45.8)",
2026-09-28T19:26:20+00:00,nfl,401872977,Seattle Seahawks – Los Angeles Chargers,2026-10-04T20:25+00:00,home,0.8138,0.7402,0.7586,1.3182,False,nfl,"erw. Punkte 25.9:14.0 (Marge +11.9, Total 39.9)",
2026-09-28T19:26:20+00:00,nfl,401872977,Seattle Seahawks – Los Angeles Chargers,2026-10-04T20:25+00:00,away,0.1862,0.2598,0.2414,4.1427,False,nfl,"erw. Punkte 25.9:14.0 (Marge +11.9, Total 39.9)",
2026-09-28T19:26:20+00:00,nfl,401872978,Carolina Panthers – Detroit Lions,2026-10-05T00:20+00:00,home,0.4984,0.3696,0.4018,2.4887,False,nfl,"erw. Punkte 27.7:27.8 (Marge -0.1, Total 55.5)",
2026-09-28T19:26:20+00:00,nfl,401872978,Carolina Panthers – Detroit Lions,2026-10-05T00:20+00:00,away,0.5016,0.6304,0.5982,1.6717,False,nfl,"erw. Punkte 27.7:27.8 (Marge -0.1, Total 55.5)",
2026-09-28T19:26:20+00:00,nfl,401872979,New Orleans Saints – Atlanta Falcons,2026-10-06T00:15+00:00,home,0.5917,0.5883,0.5892,1.6973,False,nfl,"erw. Punkte 23.3:20.2 (Marge +3.1, Total 43.5)",
2026-09-28T19:26:20+00:00,nfl,401872979,New Orleans Saints – Atlanta Falcons,2026-10-06T00:15+00:00,away,0.4083,0.4117,0.4108,2.4340,False,nfl,"erw. Punkte 23.3:20.2 (Marge +3.1, Total 43.5)",
2026-09-28T19:26:20+00:00,nhl,401891773,Carolina Hurricanes – Florida Panthers,2026-09-29T21:00+00:00,home,0.6765,0.5346,0.5701,1.7542,True,nhl,"erw. Tore 3.89:2.77, 60-Min-Remis 14 % (OT-Aufteilung geschätzt)",
2026-09-28T19:26:20+00:00,nhl,401891773,Carolina Hurricanes – Florida Panthers,2026-09-29T21:00+00:00,away,0.3235,0.4654,0.4299,2.3259,True,nhl,"erw. Tore 3.89:2.77, 60-Min-Remis 14 % (OT-Aufteilung geschätzt)",
2026-09-28T19:26:20+00:00,nhl,401891827,Toronto Maple Leafs – Montreal Canadiens,2026-09-29T23:00+00:00,home,0.3796,0.5186,0.4838,2.0669,True,nhl,"erw. Tore 3.07:3.83, 60-Min-Remis 15 % (OT-Aufteilung geschätzt)",
2026-09-28T19:26:20+00:00,nhl,401891827,Toronto Maple Leafs – Montreal Canadiens,2026-09-29T23:00+00:00,away,0.6204,0.4814,0.5162,1.9373,True,nhl,"erw. Tore 3.07:3.83, 60-Min-Remis 15 % (OT-Aufteilung geschätzt)",
2026-09-28T19:26:20+00:00,nhl,401891774,Boston Bruins – New York Rangers,2026-09-30T00:00+00:00,home,0.5884,0.5116,0.5308,1.8839,True,nhl,"erw. Tore 3.28:2.76, 60-Min-Remis 16 % (OT-Aufteilung geschätzt)",
2026-09-28T19:26:20+00:00,nhl,401891774,Boston Bruins – New York Rangers,2026-09-30T00:00+00:00,away,0.4116,0.4884,0.4692,2.1313,True,nhl,"erw. Tore 3.28:2.76, 60-Min-Remis 16 % (OT-Aufteilung geschätzt)",
2026-09-28T19:26:20+00:00,nhl,401891804,Edmonton Oilers – Vancouver Canucks,2026-09-30T02:00+00:00,home,0.7451,0.7186,0.7252,1.3789,True,nhl,"erw. Tore 4.31:2.66, 60-Min-Remis 13 % (OT-Aufteilung geschätzt)",
2026-09-28T19:26:20+00:00,nhl,401891804,Edmonton Oilers – Vancouver Canucks,2026-09-30T02:00+00:00,away,0.2549,0.2814,0.2748,3.6390,True,nhl,"erw. Tore 4.31:2.66, 60-Min-Remis 13 % (OT-Aufteilung geschätzt)",
2026-09-28T19:26:20+00:00,nhl,401891775,Vegas Golden Knights – Chicago Blackhawks,2026-09-30T02:30+00:00,home,0.6792,0.7034,0.6973,1.4340,True,nhl,"erw. Tore 3.49:2.43, 60-Min-Remis 15 % (OT-Aufteilung geschätzt)",
2026-09-28T19:26:20+00:00,nhl,401891775,Vegas Golden Knights – Chicago Blackhawks,2026-09-30T02:30+00:00,away,0.3208,0.2966,0.3027,3.3040,True,nhl,"erw. Tore 3.49:2.43, 60-Min-Remis 15 % (OT-Aufteilung geschätzt)",
2026-09-28T19:26:20+00:00,nhl,401891821,Philadelphia Flyers – Pittsburgh Penguins,2026-09-30T23:30+00:00,home,0.4749,0.5547,0.5347,1.8701,True,nhl,"erw. Tore 3.12:3.27, 60-Min-Remis 16 % (OT-Aufteilung geschätzt)",
2026-09-28T19:26:20+00:00,nhl,401891821,Philadelphia Flyers – Pittsburgh Penguins,2026-09-30T23:30+00:00,away,0.5251,0.4453,0.4653,2.1493,True,nhl,"erw. Tore 3.12:3.27, 60-Min-Remis 16 % (OT-Aufteilung geschätzt)",
2026-09-28T19:26:20+00:00,nhl,401892431,Toronto Maple Leafs – New York Islanders,2026-09-30T23:30+00:00,home,0.4627,0.5232,0.5081,1.9682,True,nhl,"erw. Tore 2.94:3.16, 60-Min-Remis 16 % (OT-Aufteilung geschätzt)",
2026-09-28T19:26:20+00:00,nhl,401892431,Toronto Maple Leafs – New York Islanders,2026-09-30T23:30+00:00,away,0.5373,0.4768,0.4919,2.0329,True,nhl,"erw. Tore 2.94:3.16, 60-Min-Remis 16 % (OT-Aufteilung geschätzt)",
2026-09-28T19:26:20+00:00,nhl,401891780,Colorado Avalanche – Los Angeles Kings,2026-10-01T02:00+00:00,home,0.7272,0.6240,0.6498,1.5389,True,nhl,"erw. Tore 3.46:2.12, 60-Min-Remis 15 % (OT-Aufteilung geschätzt)",
2026-09-28T19:26:20+00:00,nhl,401891780,Colorado Avalanche – Los Angeles Kings,2026-10-01T02:00+00:00,away,0.2728,0.3760,0.3502,2.8555,True,nhl,"erw. Tore 3.46:2.12, 60-Min-Remis 15 % (OT-Aufteilung geschätzt)",
2026-09-28T19:26:20+00:00,nhl,401891781,Columbus Blue Jackets – Buffalo Sabres,2026-10-01T23:00+00:00,home,0.4305,0.5116,0.4913,2.0353,True,nhl,"erw. Tore 2.89:3.30, 60-Min-Remis 16 % (OT-Aufteilung geschätzt)",
2026-09-28T19:26:20+00:00,nhl,401891781,Columbus Blue Jackets – Buffalo Sabres,2026-10-01T23:00+00:00,away,0.5695,0.4884,0.5087,1.9659,True,nhl,"erw. Tore 2.89:3.30, 60-Min-Remis 16 % (OT-Aufteilung geschätzt)",
2026-09-28T19:26:20+00:00,nhl,401891817,New Jersey Devils – Philadelphia Flyers,2026-10-01T23:00+00:00,home,0.4660,0.5674,0.5421,1.8448,True,nhl,"erw. Tore 2.68:2.87, 60-Min-Remis 17 % (OT-Aufteilung geschätzt)",
2026-09-28T19:26:20+00:00,nhl,401891817,New Jersey Devils – Philadelphia Flyers,2026-10-01T23:00+00:00,away,0.5340,0.4326,0.4579,2.1838,True,nhl,"erw. Tore 2.68:2.87, 60-Min-Remis 17 % (OT-Aufteilung geschätzt)",
2026-09-28T19:26:20+00:00,nhl,401891819,New York Rangers – Tampa Bay Lightning,2026-10-01T23:00+00:00,home,0.4005,0.4326,0.4245,2.3555,True,nhl,"erw. Tore 2.74:3.33, 60-Min-Remis 16 % (OT-Aufteilung geschätzt)",
2026-09-28T19:26:20+00:00,nhl,401891819,New York Rangers – Tampa Bay Lightning,2026-10-01T23:00+00:00,away,0.5995,0.5674,0.5755,1.7377,True,nhl,"erw. Tore 2.74:3.33, 60-Min-Remis 16 % (OT-Aufteilung geschätzt)",
2026-09-28T19:26:20+00:00,nhl,401891816,Nashville Predators – Minnesota Wild,2026-10-02T00:00+00:00,home,0.4205,0.4232,0.4226,2.3665,True,nhl,"erw. Tore 2.87:3.34, 60-Min-Remis 16 % (OT-Aufteilung geschätzt)",
2026-09-28T19:26:20+00:00,nhl,401891816,Nashville Predators – Minnesota Wild,2026-10-02T00:00+00:00,away,0.5795,0.5768,0.5774,1.7318,True,nhl,"erw. Tore 2.87:3.34, 60-Min-Remis 16 % (OT-Aufteilung geschätzt)",
2026-09-28T19:26:20+00:00,nhl,401891777,Calgary Flames – Seattle Kraken,2026-10-02T01:00+00:00,home,0.4992,0.5116,0.5085,1.9666,True,nhl,"erw. Tore 2.70:2.71, 60-Min-Remis 18 % (OT-Aufteilung geschätzt)",
2026-09-28T19:26:20+00:00,nhl,401891777,Calgary Flames – Seattle Kraken,2026-10-02T01:00+00:00,away,0.5008,0.4884,0.4915,2.0346,True,nhl,"erw. Tore 2.70:2.71, 60-Min-Remis 18 % (OT-Aufteilung geschätzt)",
2026-09-28T19:26:20+00:00,nhl,401891828,Utah Mammoth – Chicago Blackhawks,2026-10-02T01:30+00:00,home,0.6914,0.6393,0.6523,1.5330,True,nhl,"erw. Tore 3.59:2.43, 60-Min-Remis 15 % (OT-Aufteilung geschätzt)",
2026-09-28T19:26:20+00:00,nhl,401891828,Utah Mammoth – Chicago Blackhawks,2026-10-02T01:30+00:00,away,0.3086,0.3607,0.3477,2.8762,True,nhl,"erw. Tore 3.59:2.43, 60-Min-Remis 15 % (OT-Aufteilung geschätzt)",
2026-09-28T19:26:20+00:00,nhl,401891823,San Jose Sharks – Florida Panthers,2026-10-02T02:00+00:00,home,0.4864,0.4453,0.4556,2.1950,True,nhl,"erw. Tore 3.31:3.40, 60-Min-Remis 16 % (OT-Aufteilung geschätzt)",
2026-09-28T19:26:20+00:00,nhl,401891823,San Jose Sharks – Florida Panthers,2026-10-02T02:00+00:00,away,0.5136,0.5547,0.5444,1.8368,True,nhl,"erw. Tore 3.31:3.40, 60-Min-Remis 16 % (OT-Aufteilung geschätzt)",
2026-09-28T19:26:20+00:00,nhl,401891829,Vancouver Canucks – Edmonton Oilers,2026-10-02T02:00+00:00,home,0.2960,0.3541,0.3396,2.9446,True,nhl,"erw. Tore 2.79:4.12, 60-Min-Remis 14 % (OT-Aufteilung geschätzt)",
2026-09-28T19:26:20+00:00,nhl,401891829,Vancouver Canucks – Edmonton Oilers,2026-10-02T02:00+00:00,away,0.7040,0.6459,0.6604,1.5142,True,nhl,"erw. Tore 2.79:4.12, 60-Min-Remis 14 % (OT-Aufteilung geschätzt)",
2026-09-28T19:26:20+00:00,nhl,401891803,Detroit Red Wings – New York Rangers,2026-10-02T22:30+00:00,home,0.5141,0.5674,0.5541,1.8047,True,nhl,"erw. Tore 2.93:2.85, 60-Min-Remis 17 % (OT-Aufteilung geschätzt)",
2026-09-28T19:26:20+00:00,nhl,401891803,Detroit Red Wings – New York Rangers,2026-10-02T22:30+00:00,away,0.4859,0.4326,0.4459,2.2427,True,nhl,"erw. Tore 2.93:2.85, 60-Min-Remis 17 % (OT-Aufteilung geschätzt)",
2026-09-28T19:26:20+00:00,nhl,401892432,Carolina Hurricanes – Washington Capitals,2026-10-02T23:00+00:00,home,0.5852,0.5303,0.5440,1.8381,True,nhl,"erw. Tore 3.44:2.93, 60-Min-Remis 16 % (OT-Aufteilung geschätzt)",
2026-09-28T19:26:20+00:00,nhl,401892432,Carolina Hurricanes – Washington Capitals,2026-10-02T23:00+00:00,away,0.4148,0.4697,0.4560,2.1931,True,nhl,"erw. Tore 3.44:2.93, 60-Min-Remis 16 % (OT-Aufteilung geschätzt)",
2026-09-28T19:26:20+00:00,nhl,401891831,Winnipeg Jets – Boston Bruins,2026-10-03T00:00+00:00,home,0.4146,0.4884,0.4699,2.1279,True,nhl,"erw. Tore 2.75:3.25, 60-Min-Remis 16 % (OT-Aufteilung geschätzt)",
2026-09-28T19:26:20+00:00,nhl,401891831,Winnipeg Jets – Boston Bruins,2026-10-03T00:00+00:00,away,0.5854,0.5116,0.5301,1.8866,True,nhl,"erw. Tore 2.75:3.25, 60-Min-Remis 16 % (OT-Aufteilung geschätzt)",
2026-09-28T19:26:20+00:00,nhl,401891782,Dallas Stars – St. Louis Blues,2026-10-03T01:00+00:00,home,0.6483,0.6540,0.6526,1.5323,True,nhl,"erw. Tore 3.35:2.48, 60-Min-Remis 16 % (OT-Aufteilung geschätzt)",
2026-09-28T19:26:20+00:00,nhl,401891782,Dallas Stars – St. Louis Blues,2026-10-03T01:00+00:00,away,0.3517,0.3460,0.3474,2.8786,True,nhl,"erw. Tore 3.35:2.48, 60-Min-Remis 16 % (OT-Aufteilung geschätzt)",
2026-09-28T19:26:20+00:00,nhl,401892433,Vegas Golden Knights – Anaheim Ducks,2026-10-03T02:00+00:00,home,0.6154,0.4975,0.5270,1.8976,True,nhl,"erw. Tore 3.74:3.02, 60-Min-Remis 15 % (OT-Aufteilung geschätzt)",
2026-09-28T19:26:20+00:00,nhl,401892433,Vegas Golden Knights – Anaheim Ducks,2026-10-03T02:00+00:00,away,0.3846,0.5025,0.4730,2.1141,True,nhl,"erw. Tore 3.74:3.02, 60-Min-Remis 15 % (OT-Aufteilung geschätzt)",
2026-09-28T19:26:20+00:00,nhl,401891776,Buffalo Sabres – Chicago Blackhawks,2026-10-03T23:00+00:00,home,0.7302,0.6677,0.6833,1.4635,True,nhl,"erw. Tore 3.79:2.36, 60-Min-Remis 14 % (OT-Aufteilung geschätzt)",
2026-09-28T19:26:20+00:00,nhl,401891776,Buffalo Sabres – Chicago Blackhawks,2026-10-03T23:00+00:00,away,0.2698,0.3323,0.3167,3.1576,True,nhl,"erw. Tore 3.79:2.36, 60-Min-Remis 14 % (OT-Aufteilung geschätzt)",
2026-09-28T19:26:20+00:00,nhl,401891822,Pittsburgh Penguins – Montreal Canadiens,2026-10-03T23:00+00:00,home,0.5244,0.5000,0.5061,1.9759,True,nhl,"erw. Tore 3.57:3.41, 60-Min-Remis 15 % (OT-Aufteilung geschätzt)",
2026-09-28T19:26:20+00:00,nhl,401891822,Pittsburgh Penguins – Montreal Canadiens,2026-10-03T23:00+00:00,away,0.4756,0.5000,0.4939,2.0247,True,nhl,"erw. Tore 3.57:3.41, 60-Min-Remis 15 % (OT-Aufteilung geschätzt)",
2026-09-28T19:26:20+00:00,nhl,401891826,Tampa Bay Lightning – Washington Capitals,2026-10-03T23:00+00:00,home,0.5857,0.5768,0.5790,1.7272,True,nhl,"erw. Tore 3.36:2.85, 60-Min-Remis 16 % (OT-Aufteilung geschätzt)",
2026-09-28T19:26:20+00:00,nhl,401891826,Tampa Bay Lightning – Washington Capitals,2026-10-03T23:00+00:00,away,0.4143,0.4232,0.4210,2.3752,True,nhl,"erw. Tore 3.36:2.85, 60-Min-Remis 16 % (OT-Aufteilung geschätzt)",
2026-09-28T19:26:20+00:00,nhl,401892434,Toronto Maple Leafs – Ottawa Senators,2026-10-03T23:00+00:00,home,0.3754,0.5124,0.4782,2.0912,True,nhl,"erw. Tore 3.00:3.78, 60-Min-Remis 15 % (OT-Aufteilung geschätzt)",
2026-09-28T19:26:20+00:00,nhl,401892434,Toronto Maple Leafs – Ottawa Senators,2026-10-03T23:00+00:00,away,0.6246,0.4876,0.5218,1.9164,True,nhl,"erw. Tore 3.00:3.78, 60-Min-Remis 15 % (OT-Aufteilung geschätzt)",
2026-09-28T19:26:20+00:00,nhl,401892435,Philadelphia Flyers – Carolina Hurricanes,2026-10-03T23:00+00:00,home,0.4305,0.5075,0.4883,2.0480,True,nhl,"erw. Tore 2.84:3.25, 60-Min-Remis 16 % (OT-Aufteilung geschätzt)",
2026-09-28T19:26:20+00:00,nhl,401892435,Philadelphia Flyers – Carolina Hurricanes,2026-10-03T23:00+00:00,away,0.5695,0.4925,0.5117,1.9542,True,nhl,"erw. Tore 2.84:3.25, 60-Min-Remis 16 % (OT-Aufteilung geschätzt)",
2026-09-28T19:26:20+00:00,nhl,401892436,Columbus Blue Jackets – Utah Mammoth,2026-10-03T23:00+00:00,home,0.4752,0.5300,0.5163,1.9368,True,nhl,"erw. Tore 2.98:3.12, 60-Min-Remis 17 % (OT-Aufteilung geschätzt)",
2026-09-28T19:26:20+00:00,nhl,401892436,Columbus Blue Jackets – Utah Mammoth,2026-10-03T23:00+00:00,away,0.5248,0.4700,0.4837,2.0674,True,nhl,"erw. Tore 2.98:3.12, 60-Min-Remis 17 % (OT-Aufteilung geschätzt)",
2026-09-28T19:26:20+00:00,nhl,401892437,Edmonton Oilers – Seattle Kraken,2026-10-03T23:00+00:00,home,0.6254,0.5600,0.5764,1.7351,True,nhl,"erw. Tore 3.58:2.81, 60-Min-Remis 15 % (OT-Aufteilung geschätzt)",
2026-09-28T19:26:20+00:00,nhl,401892437,Edmonton Oilers – Seattle Kraken,2026-10-03T23:00+00:00,away,0.3746,0.4400,0.4236,2.3604,True,nhl,"erw. Tore 3.58:2.81, 60-Min-Remis 15 % (OT-Aufteilung geschätzt)",
2026-09-28T19:26:20+00:00,nhl,401891818,New York Islanders – New Jersey Devils,2026-10-03T23:30+00:00,home,0.5500,0.5186,0.5264,1.8996,True,nhl,"erw. Tore 2.84:2.57, 60-Min-Remis 18 % (OT-Aufteilung geschätzt)",
2026-09-28T19:26:20+00:00,nhl,401891818,New York Islanders – New Jersey Devils,2026-10-03T23:30+00:00,away,0.4500,0.4814,0.4736,2.1116,True,nhl,"erw. Tore 2.84:2.57, 60-Min-Remis 18 % (OT-Aufteilung geschätzt)",
2026-09-28T19:26:20+00:00,nhl,401891814,Minnesota Wild – Boston Bruins,2026-10-04T00:00+00:00,home,0.5340,0.6166,0.5959,1.6780,True,nhl,"erw. Tore 3.21:3.01, 60-Min-Remis 16 % (OT-Aufteilung geschätzt)",
2026-09-28T19:26:20+00:00,nhl,401891814,Minnesota Wild – Boston Bruins,2026-10-04T00:00+00:00,away,0.4660,0.3834,0.4041,2.4748,True,nhl,"erw. Tore 3.21:3.01, 60-Min-Remis 16 % (OT-Aufteilung geschätzt)",
2026-09-28T19:26:20+00:00,nhl,401892438,Nashville Predators – Dallas Stars,2026-10-04T00:00+00:00,home,0.3863,0.5075,0.4772,2.0954,True,nhl,"erw. Tore 2.71:3.39, 60-Min-Remis 16 % (OT-Aufteilung geschätzt)",
2026-09-28T19:26:20+00:00,nhl,401892438,Nashville Predators – Dallas Stars,2026-10-04T00:00+00:00,away,0.6137,0.4925,0.5228,1.9129,True,nhl,"erw. Tore 2.71:3.39, 60-Min-Remis 16 % (OT-Aufteilung geschätzt)",
2026-09-28T19:26:20+00:00,nhl,401892439,Colorado Avalanche – St. Louis Blues,2026-10-04T01:00+00:00,home,0.7225,0.6327,0.6551,1.5265,True,nhl,"erw. Tore 3.58:2.24, 60-Min-Remis 15 % (OT-Aufteilung geschätzt)",
2026-09-28T19:26:20+00:00,nhl,401892439,Colorado Avalanche – St. Louis Blues,2026-10-04T01:00+00:00,away,0.2775,0.3673,0.3449,2.8994,True,nhl,"erw. Tore 3.58:2.24, 60-Min-Remis 15 % (OT-Aufteilung geschätzt)",
2026-09-28T19:26:20+00:00,nhl,401892440,Vancouver Canucks – Calgary Flames,2026-10-04T02:00+00:00,home,0.4245,0.4949,0.4773,2.0949,True,nhl,"erw. Tore 2.68:3.12, 60-Min-Remis 17 % (OT-Aufteilung geschätzt)",
2026-09-28T19:26:20+00:00,nhl,401892440,Vancouver Canucks – Calgary Flames,2026-10-04T02:00+00:00,away,0.5755,0.5051,0.5227,1.9133,True,nhl,"erw. Tore 2.68:3.12, 60-Min-Remis 17 % (OT-Aufteilung geschätzt)",
2026-09-28T19:26:20+00:00,nhl,401892441,San Jose Sharks – Los Angeles Kings,2026-10-04T02:00+00:00,home,0.4887,0.4697,0.4744,2.1077,True,nhl,"erw. Tore 2.96:3.02, 60-Min-Remis 17 % (OT-Aufteilung geschätzt)",
2026-09-28T19:26:20+00:00,nhl,401892441,San Jose Sharks – Los Angeles Kings,2026-10-04T02:00+00:00,away,0.5113,0.5303,0.5256,1.9027,True,nhl,"erw. Tore 2.96:3.02, 60-Min-Remis 17 % (OT-Aufteilung geschätzt)",
2026-09-28T19:26:20+00:00,nhl,401892442,Detroit Red Wings – Winnipeg Jets,2026-10-04T17:00+00:00,home,0.5570,0.5250,0.5330,1.8762,True,nhl,"erw. Tore 3.04:2.72, 60-Min-Remis 17 % (OT-Aufteilung geschätzt)",
2026-09-28T19:26:20+00:00,nhl,401892442,Detroit Red Wings – Winnipeg Jets,2026-10-04T17:00+00:00,away,0.4430,0.4750,0.4670,2.1413,True,nhl,"erw. Tore 3.04:2.72, 60-Min-Remis 17 % (OT-Aufteilung geschätzt)",
2026-09-28T19:26:20+00:00,nhl,401892443,New York Rangers – Utah Mammoth,2026-10-04T22:00+00:00,home,0.4599,0.5150,0.5012,1.9951,True,nhl,"erw. Tore 2.90:3.13, 60-Min-Remis 17 % (OT-Aufteilung geschätzt)",
2026-09-28T19:26:20+00:00,nhl,401892443,New York Rangers – Utah Mammoth,2026-10-04T22:00+00:00,away,0.5401,0.4850,0.4988,2.0049,True,nhl,"erw. Tore 2.90:3.13, 60-Min-Remis 17 % (OT-Aufteilung geschätzt)",
2026-09-28T19:26:20+00:00,nhl,401891778,Anaheim Ducks – Florida Panthers,2026-10-05T00:00+00:00,home,0.5171,0.4654,0.4783,2.0905,True,nhl,"erw. Tore 3.51:3.40, 60-Min-Remis 15 % (OT-Aufteilung geschätzt)",
2026-09-28T19:26:20+00:00,nhl,401891778,Anaheim Ducks – Florida Panthers,2026-10-05T00:00+00:00,away,0.4829,0.5346,0.5217,1.9170,True,nhl,"erw. Tore 3.51:3.40, 60-Min-Remis 15 % (OT-Aufteilung geschätzt)",
2026-09-28T19:26:20+00:00,nhl,401891824,Seattle Kraken – Calgary Flames,2026-10-05T00:00+00:00,home,0.5453,0.5547,0.5523,1.8105,True,nhl,"erw. Tore 2.83:2.58, 60-Min-Remis 18 % (OT-Aufteilung geschätzt)",
2026-09-28T19:26:20+00:00,nhl,401891824,Seattle Kraken – Calgary Flames,2026-10-05T00:00+00:00,away,0.4547,0.4453,0.4477,2.2338,True,nhl,"erw. Tore 2.83:2.58, 60-Min-Remis 18 % (OT-Aufteilung geschätzt)",
2026-09-28T19:26:20+00:00,nhl,401892444,Vancouver Canucks – Vegas Golden Knights,2026-10-05T01:00+00:00,home,0.2924,0.4300,0.3956,2.5277,True,nhl,"erw. Tore 2.55:3.86, 60-Min-Remis 14 % (OT-Aufteilung geschätzt)",
2026-09-28T19:26:20+00:00,nhl,401892444,Vancouver Canucks – Vegas Golden Knights,2026-10-05T01:00+00:00,away,0.7076,0.5700,0.6044,1.6546,True,nhl,"erw. Tore 2.55:3.86, 60-Min-Remis 14 % (OT-Aufteilung geschätzt)",
2026-09-28T19:26:20+00:00,nhl,401892445,Tampa Bay Lightning – Philadelphia Flyers,2026-10-05T23:00+00:00,home,0.6153,,0.6153,1.6253,True,nhl,"erw. Tore 3.32:2.64, 60-Min-Remis 16 % (OT-Aufteilung geschätzt)",
2026-09-28T19:26:20+00:00,nhl,401892445,Tampa Bay Lightning – Philadelphia Flyers,2026-10-05T23:00+00:00,away,0.3847,,0.3847,2.5994,True,nhl,"erw. Tore 3.32:2.64, 60-Min-Remis 16 % (OT-Aufteilung geschätzt)",
2026-09-28T19:26:20+00:00,nhl,401892446,Boston Bruins – Ottawa Senators,2026-10-05T23:30+00:00,home,0.5061,,0.5061,1.9757,True,nhl,"erw. Tore 3.19:3.15, 60-Min-Remis 16 % (OT-Aufteilung geschätzt)",
2026-09-28T19:26:20+00:00,nhl,401892446,Boston Bruins – Ottawa Senators,2026-10-05T23:30+00:00,away,0.4939,,0.4939,2.0249,True,nhl,"erw. Tore 3.19:3.15, 60-Min-Remis 16 % (OT-Aufteilung geschätzt)",
2026-09-28T19:26:20+00:00,nhl,401892447,Pittsburgh Penguins – Winnipeg Jets,2026-10-05T23:30+00:00,home,0.6463,,0.6463,1.5473,True,nhl,"erw. Tore 3.72:2.81, 60-Min-Remis 15 % (OT-Aufteilung geschätzt)",
2026-09-28T19:26:20+00:00,nhl,401892447,Pittsburgh Penguins – Winnipeg Jets,2026-10-05T23:30+00:00,away,0.3537,,0.3537,2.8270,True,nhl,"erw. Tore 3.72:2.81, 60-Min-Remis 15 % (OT-Aufteilung geschätzt)",
2026-09-28T19:26:20+00:00,nhl,401892448,Dallas Stars – San Jose Sharks,2026-10-06T00:00+00:00,home,0.6977,,0.6977,1.4332,True,nhl,"erw. Tore 3.88:2.63, 60-Min-Remis 14 % (OT-Aufteilung geschätzt)",
2026-09-28T19:26:20+00:00,nhl,401892448,Dallas Stars – San Jose Sharks,2026-10-06T00:00+00:00,away,0.3023,,0.3023,3.3083,True,nhl,"erw. Tore 3.88:2.63, 60-Min-Remis 14 % (OT-Aufteilung geschätzt)",
2026-09-28T19:29:15+00:00,bundesliga,401884781,Borussia Dortmund – Werder Bremen,2026-10-09T18:30+00:00,home,0.7257,0.7150,0.7204,1.3882,False,soccer,"erw. Tore 2.24:0.68 (Tore+xG 50/50), O2.5 56 %",
2026-09-28T19:29:15+00:00,bundesliga,401884781,Borussia Dortmund – Werder Bremen,2026-10-09T18:30+00:00,draw,0.1813,0.1573,0.1693,5.9056,False,soccer,"erw. Tore 2.24:0.68 (Tore+xG 50/50), O2.5 56 %",
2026-09-28T19:29:15+00:00,bundesliga,401884781,Borussia Dortmund – Werder Bremen,2026-10-09T18:30+00:00,away,0.0930,0.1276,0.1103,9.0648,False,soccer,"erw. Tore 2.24:0.68 (Tore+xG 50/50), O2.5 56 %",
2026-09-28T19:29:15+00:00,bundesliga,401884775,1. FC Union Berlin – SV Elversberg,2026-10-10T13:30+00:00,home,0.2991,0.4295,0.3643,2.7447,False,soccer,"erw. Tore 1.41:1.79 (Tore+xG 50/50), O2.5 62 %",
2026-09-28T19:29:15+00:00,bundesliga,401884775,1. FC Union Berlin – SV Elversberg,2026-10-10T13:30+00:00,draw,0.2400,0.2431,0.2416,4.1399,False,soccer,"erw. Tore 1.41:1.79 (Tore+xG 50/50), O2.5 62 %",
2026-09-28T19:29:15+00:00,bundesliga,401884775,1. FC Union Berlin – SV Elversberg,2026-10-10T13:30+00:00,away,0.4609,0.3273,0.3941,2.5374,False,soccer,"erw. Tore 1.41:1.79 (Tore+xG 50/50), O2.5 62 %",
2026-09-28T19:29:15+00:00,bundesliga,401884777,FC Augsburg – Bayern Munich,2026-10-10T13:30+00:00,home,0.1057,0.0901,0.0979,10.2154,False,soccer,"erw. Tore 1.19:3.16 (Tore+xG 50/50), O2.5 81 %",
2026-09-28T19:29:15+00:00,bundesliga,401884777,FC Augsburg – Bayern Munich,2026-10-10T13:30+00:00,draw,0.1361,0.0979,0.1170,8.5469,False,soccer,"erw. Tore 1.19:3.16 (Tore+xG 50/50), O2.5 81 %",
2026-09-28T19:29:15+00:00,bundesliga,401884777,FC Augsburg – Bayern Munich,2026-10-10T13:30+00:00,away,0.7582,0.8120,0.7851,1.2737,False,soccer,"erw. Tore 1.19:3.16 (Tore+xG 50/50), O2.5 81 %",
2026-09-28T19:29:15+00:00,bundesliga,401884776,Mainz – Bayer Leverkusen,2026-10-10T13:30+00:00,home,0.3187,0.3354,0.3270,3.0577,False,soccer,"erw. Tore 1.43:1.70 (Tore+xG 50/50), O2.5 60 %",
2026-09-28T19:29:15+00:00,bundesliga,401884776,Mainz – Bayer Leverkusen,2026-10-10T13:30+00:00,draw,0.2458,0.2444,0.2451,4.0798,False,soccer,"erw. Tore 1.43:1.70 (Tore+xG 50/50), O2.5 60 %",
2026-09-28T19:29:15+00:00,bundesliga,401884776,Mainz – Bayer Leverkusen,2026-10-10T13:30+00:00,away,0.4356,0.4201,0.4279,2.3373,False,soccer,"erw. Tore 1.43:1.70 (Tore+xG 50/50), O2.5 60 %",
2026-09-28T19:29:15+00:00,bundesliga,401884773,SC Paderborn 07 – VfB Stuttgart,2026-10-10T13:30+00:00,home,0.3313,0.1870,0.2591,3.8588,False,soccer,"erw. Tore 1.56:1.81 (Tore+xG 50/50), O2.5 65 %",
2026-09-28T19:29:15+00:00,bundesliga,401884773,SC Paderborn 07 – VfB Stuttgart,2026-10-10T13:30+00:00,draw,0.2355,0.2019,0.2187,4.5719,False,soccer,"erw. Tore 1.56:1.81 (Tore+xG 50/50), O2.5 65 %",
2026-09-28T19:29:15+00:00,bundesliga,401884773,SC Paderborn 07 – VfB Stuttgart,2026-10-10T13:30+00:00,away,0.4332,0.6111,0.5221,1.9153,False,soccer,"erw. Tore 1.56:1.81 (Tore+xG 50/50), O2.5 65 %",
2026-09-28T19:29:15+00:00,bundesliga,401884779,TSG Hoffenheim – Hamburg SV,2026-10-10T13:30+00:00,home,0.6232,0.6733,0.6482,1.5426,False,soccer,"erw. Tore 2.19:1.07 (Tore+xG 50/50), O2.5 63 %",
2026-09-28T19:29:15+00:00,bundesliga,401884779,TSG Hoffenheim – Hamburg SV,2026-10-10T13:30+00:00,draw,0.2058,0.1881,0.1970,5.0768,False,soccer,"erw. Tore 2.19:1.07 (Tore+xG 50/50), O2.5 63 %",
2026-09-28T19:29:15+00:00,bundesliga,401884779,TSG Hoffenheim – Hamburg SV,2026-10-10T13:30+00:00,away,0.1709,0.1386,0.1548,6.4608,False,soccer,"erw. Tore 2.19:1.07 (Tore+xG 50/50), O2.5 63 %",
2026-09-28T19:29:15+00:00,bundesliga,401884780,RB Leipzig – Eintracht Frankfurt,2026-10-10T16:30+00:00,home,0.6214,0.6399,0.6307,1.5856,False,soccer,"erw. Tore 2.54:1.39 (Tore+xG 50/50), O2.5 75 %",
2026-09-28T19:29:15+00:00,bundesliga,401884780,RB Leipzig – Eintracht Frankfurt,2026-10-10T16:30+00:00,draw,0.1871,0.1845,0.1858,5.3819,False,soccer,"erw. Tore 2.54:1.39 (Tore+xG 50/50), O2.5 75 %",
2026-09-28T19:29:15+00:00,bundesliga,401884780,RB Leipzig – Eintracht Frankfurt,2026-10-10T16:30+00:00,away,0.1914,0.1757,0.1835,5.4485,False,soccer,"erw. Tore 2.54:1.39 (Tore+xG 50/50), O2.5 75 %",
2026-09-28T19:29:15+00:00,bundesliga,401884774,FC Cologne – Borussia Mönchengladbach,2026-10-11T13:30+00:00,home,0.4711,0.4901,0.4806,2.0807,False,soccer,"erw. Tore 1.86:1.44 (Tore+xG 50/50), O2.5 64 %",
2026-09-28T19:29:15+00:00,bundesliga,401884774,FC Cologne – Borussia Mönchengladbach,2026-10-11T13:30+00:00,draw,0.2348,0.2327,0.2338,4.2779,False,soccer,"erw. Tore 1.86:1.44 (Tore+xG 50/50), O2.5 64 %",
2026-09-28T19:29:15+00:00,bundesliga,401884774,FC Cologne – Borussia Mönchengladbach,2026-10-11T13:30+00:00,away,0.2941,0.2772,0.2856,3.5009,False,soccer,"erw. Tore 1.86:1.44 (Tore+xG 50/50), O2.5 64 %",
2026-09-28T19:29:15+00:00,bundesliga,401884778,SC Freiburg – Schalke 04,2026-10-11T15:30+00:00,home,0.4620,0.5970,0.5295,1.8885,False,soccer,"erw. Tore 1.50:1.08 (Tore+xG 50/50), O2.5 48 %",
2026-09-28T19:29:15+00:00,bundesliga,401884778,SC Freiburg – Schalke 04,2026-10-11T15:30+00:00,draw,0.2702,0.2291,0.2496,4.0057,False,soccer,"erw. Tore 1.50:1.08 (Tore+xG 50/50), O2.5 48 %",
2026-09-28T19:29:15+00:00,bundesliga,401884778,SC Freiburg – Schalke 04,2026-10-11T15:30+00:00,away,0.2677,0.1739,0.2208,4.5283,False,soccer,"erw. Tore 1.50:1.08 (Tore+xG 50/50), O2.5 48 %",
2026-09-28T19:29:15+00:00,2bundesliga,401885100,1. FC Heidenheim 1846 – Kaiserslautern,2026-10-09T16:30+00:00,home,0.4366,0.5080,0.4723,2.1173,False,soccer,"erw. Tore 1.59:1.30 (Tore+xG 50/50), O2.5 55 %",
2026-09-28T19:29:15+00:00,2bundesliga,401885100,1. FC Heidenheim 1846 – Kaiserslautern,2026-10-09T16:30+00:00,draw,0.2572,0.2659,0.2615,3.8235,False,soccer,"erw. Tore 1.59:1.30 (Tore+xG 50/50), O2.5 55 %",
2026-09-28T19:29:15+00:00,2bundesliga,401885100,1. FC Heidenheim 1846 – Kaiserslautern,2026-10-09T16:30+00:00,away,0.3063,0.2261,0.2662,3.7570,False,soccer,"erw. Tore 1.59:1.30 (Tore+xG 50/50), O2.5 55 %",
2026-09-28T19:29:15+00:00,2bundesliga,401885094,TSV Eintracht Braunschweig – Holstein Kiel,2026-10-09T16:30+00:00,home,0.4120,0.3548,0.3834,2.6084,False,soccer,"erw. Tore 1.52:1.33 (Tore+xG 50/50), O2.5 54 %",
2026-09-28T19:29:15+00:00,2bundesliga,401885094,TSV Eintracht Braunschweig – Holstein Kiel,2026-10-09T16:30+00:00,draw,0.2610,0.2493,0.2551,3.9195,False,soccer,"erw. Tore 1.52:1.33 (Tore+xG 50/50), O2.5 54 %",
2026-09-28T19:29:15+00:00,2bundesliga,401885094,TSV Eintracht Braunschweig – Holstein Kiel,2026-10-09T16:30+00:00,away,0.3271,0.3959,0.3615,2.7663,False,soccer,"erw. Tore 1.52:1.33 (Tore+xG 50/50), O2.5 54 %",
2026-09-28T19:29:15+00:00,2bundesliga,401885095,1. FC Magdeburg – Hannover 96,2026-10-10T11:00+00:00,home,0.3895,0.3646,0.3771,2.6520,False,soccer,"erw. Tore 1.63:1.57 (Tore+xG 50/50), O2.5 62 %",
2026-09-28T19:29:15+00:00,2bundesliga,401885095,1. FC Magdeburg – Hannover 96,2026-10-10T11:00+00:00,draw,0.2448,0.2372,0.2410,4.1498,False,soccer,"erw. Tore 1.63:1.57 (Tore+xG 50/50), O2.5 62 %",
2026-09-28T19:29:15+00:00,2bundesliga,401885095,1. FC Magdeburg – Hannover 96,2026-10-10T11:00+00:00,away,0.3657,0.3982,0.3819,2.6182,False,soccer,"erw. Tore 1.63:1.57 (Tore+xG 50/50), O2.5 62 %",
2026-09-28T19:29:15+00:00,2bundesliga,401885099,SV Darmstadt 98 – Energie Cottbus,2026-10-10T11:00+00:00,home,0.4814,0.4581,0.4698,2.1287,False,soccer,"erw. Tore 2.24:1.79 (Tore+xG 50/50), O2.5 77 %",
2026-09-28T19:29:15+00:00,2bundesliga,401885099,SV Darmstadt 98 – Energie Cottbus,2026-10-10T11:00+00:00,draw,0.2089,0.2277,0.2183,4.5818,False,soccer,"erw. Tore 2.24:1.79 (Tore+xG 50/50), O2.5 77 %",
2026-09-28T19:29:15+00:00,2bundesliga,401885099,SV Darmstadt 98 – Energie Cottbus,2026-10-10T11:00+00:00,away,0.3097,0.3142,0.3120,3.2055,False,soccer,"erw. Tore 2.24:1.79 (Tore+xG 50/50), O2.5 77 %",
2026-09-28T19:29:15+00:00,2bundesliga,401885093,VfL Osnabruck – Dynamo Dresden,2026-10-10T11:00+00:00,home,0.4324,0.3641,0.3983,2.5110,False,soccer,"erw. Tore 1.90:1.67 (Tore+xG 50/50), O2.5 69 %",
2026-09-28T19:29:15+00:00,2bundesliga,401885093,VfL Osnabruck – Dynamo Dresden,2026-10-10T11:00+00:00,draw,0.2282,0.2472,0.2377,4.2066,False,soccer,"erw. Tore 1.90:1.67 (Tore+xG 50/50), O2.5 69 %",
2026-09-28T19:29:15+00:00,2bundesliga,401885093,VfL Osnabruck – Dynamo Dresden,2026-10-10T11:00+00:00,away,0.3394,0.3887,0.3640,2.7471,False,soccer,"erw. Tore 1.90:1.67 (Tore+xG 50/50), O2.5 69 %",
2026-09-28T19:29:15+00:00,2bundesliga,401885097,1. FC Nürnberg – VfL Wolfsburg,2026-10-10T18:30+00:00,home,0.5136,0.3709,0.4423,2.2611,False,soccer,"erw. Tore 1.88:1.26 (Tore+xG 50/50), O2.5 61 %",
2026-09-28T19:29:15+00:00,2bundesliga,401885097,1. FC Nürnberg – VfL Wolfsburg,2026-10-10T18:30+00:00,draw,0.2353,0.2500,0.2426,4.1214,False,soccer,"erw. Tore 1.88:1.26 (Tore+xG 50/50), O2.5 61 %",
2026-09-28T19:29:15+00:00,2bundesliga,401885097,1. FC Nürnberg – VfL Wolfsburg,2026-10-10T18:30+00:00,away,0.2511,0.3791,0.3151,3.1735,False,soccer,"erw. Tore 1.88:1.26 (Tore+xG 50/50), O2.5 61 %",
2026-09-28T19:29:15+00:00,2bundesliga,401885098,Hertha Berlin – SpVgg Greuther Fürth,2026-10-11T11:30+00:00,home,0.5003,0.6048,0.5526,1.8097,False,soccer,"erw. Tore 1.92:1.36 (Tore+xG 50/50), O2.5 64 %",
2026-09-28T19:29:15+00:00,2bundesliga,401885098,Hertha Berlin – SpVgg Greuther Fürth,2026-10-11T11:30+00:00,draw,0.2319,0.2048,0.2183,4.5798,False,soccer,"erw. Tore 1.92:1.36 (Tore+xG 50/50), O2.5 64 %",
2026-09-28T19:29:15+00:00,2bundesliga,401885098,Hertha Berlin – SpVgg Greuther Fürth,2026-10-11T11:30+00:00,away,0.2678,0.1904,0.2291,4.3653,False,soccer,"erw. Tore 1.92:1.36 (Tore+xG 50/50), O2.5 64 %",
2026-09-28T19:29:15+00:00,2bundesliga,401885101,St. Pauli – Karlsruher SC,2026-10-11T11:30+00:00,home,0.4385,0.5758,0.5072,1.9718,False,soccer,"erw. Tore 1.48:1.17 (Tore+xG 50/50), O2.5 49 %",
2026-09-28T19:29:15+00:00,2bundesliga,401885101,St. Pauli – Karlsruher SC,2026-10-11T11:30+00:00,draw,0.2692,0.2121,0.2407,4.1553,False,soccer,"erw. Tore 1.48:1.17 (Tore+xG 50/50), O2.5 49 %",
2026-09-28T19:29:15+00:00,2bundesliga,401885101,St. Pauli – Karlsruher SC,2026-10-11T11:30+00:00,away,0.2923,0.2121,0.2522,3.9654,False,soccer,"erw. Tore 1.48:1.17 (Tore+xG 50/50), O2.5 49 %",
2026-09-28T19:29:15+00:00,2bundesliga,401885096,VfL Bochum – Arminia Bielefeld,2026-10-11T11:30+00:00,home,0.4592,0.4074,0.4333,2.3080,False,soccer,"erw. Tore 1.59:1.20 (Tore+xG 50/50), O2.5 53 %",
2026-09-28T19:29:15+00:00,2bundesliga,401885096,VfL Bochum – Arminia Bielefeld,2026-10-11T11:30+00:00,draw,0.2592,0.2631,0.2612,3.8291,False,soccer,"erw. Tore 1.59:1.20 (Tore+xG 50/50), O2.5 53 %",
2026-09-28T19:29:15+00:00,2bundesliga,401885096,VfL Bochum – Arminia Bielefeld,2026-10-11T11:30+00:00,away,0.2816,0.3295,0.3056,3.2725,False,soccer,"erw. Tore 1.59:1.20 (Tore+xG 50/50), O2.5 53 %",
2026-09-28T19:29:15+00:00,austria,401881776,Grazer AK – RB Salzburg,2026-10-10T15:00+00:00,home,0.2001,0.1472,0.1736,5.7590,True,soccer,"erw. Tore 1.08:1.96 (nur Tore (keine xG-Quelle für AT)), O2.5 59 %",
2026-09-28T19:29:15+00:00,austria,401881776,Grazer AK – RB Salzburg,2026-10-10T15:00+00:00,draw,0.2269,0.1794,0.2031,4.9228,True,soccer,"erw. Tore 1.08:1.96 (nur Tore (keine xG-Quelle für AT)), O2.5 59 %",
2026-09-28T19:29:15+00:00,austria,401881776,Grazer AK – RB Salzburg,2026-10-10T15:00+00:00,away,0.5731,0.6734,0.6232,1.6046,True,soccer,"erw. Tore 1.08:1.96 (nur Tore (keine xG-Quelle für AT)), O2.5 59 %",
2026-09-28T19:29:15+00:00,austria,401881774,WSG Swarovski Tirol – SV Josko Ried,2026-10-10T15:00+00:00,home,0.3821,0.3565,0.3693,2.7076,True,soccer,"erw. Tore 1.42:1.35 (nur Tore (keine xG-Quelle für AT)), O2.5 52 %",
2026-09-28T19:29:15+00:00,austria,401881774,WSG Swarovski Tirol – SV Josko Ried,2026-10-10T15:00+00:00,draw,0.2666,0.2548,0.2607,3.8364,True,soccer,"erw. Tore 1.42:1.35 (nur Tore (keine xG-Quelle für AT)), O2.5 52 %",
2026-09-28T19:29:15+00:00,austria,401881774,WSG Swarovski Tirol – SV Josko Ried,2026-10-10T15:00+00:00,away,0.3513,0.3887,0.3700,2.7026,True,soccer,"erw. Tore 1.42:1.35 (nur Tore (keine xG-Quelle für AT)), O2.5 52 %",
2026-09-28T19:29:15+00:00,austria,401881777,Austria Vienna – SK Sturm Graz,2026-10-10T17:30+00:00,home,0.3049,0.2999,0.3024,3.3066,True,soccer,"erw. Tore 1.14:1.37 (nur Tore (keine xG-Quelle für AT)), O2.5 46 %",
2026-09-28T19:29:15+00:00,austria,401881777,Austria Vienna – SK Sturm Graz,2026-10-10T17:30+00:00,draw,0.2796,0.2626,0.2711,3.6888,True,soccer,"erw. Tore 1.14:1.37 (nur Tore (keine xG-Quelle für AT)), O2.5 46 %",
2026-09-28T19:29:15+00:00,austria,401881777,Austria Vienna – SK Sturm Graz,2026-10-10T17:30+00:00,away,0.4154,0.4375,0.4265,2.3448,True,soccer,"erw. Tore 1.14:1.37 (nur Tore (keine xG-Quelle für AT)), O2.5 46 %",
2026-09-28T19:29:15+00:00,austria,401881775,SC Rheindorf Altach – Wolfsberger,2026-10-11T12:30+00:00,home,0.4028,0.4870,0.4449,2.2477,True,soccer,"erw. Tore 1.24:1.03 (nur Tore (keine xG-Quelle für AT)), O2.5 39 %",
2026-09-28T19:29:15+00:00,austria,401881775,SC Rheindorf Altach – Wolfsberger,2026-10-11T12:30+00:00,draw,0.2976,0.2449,0.2712,3.6866,True,soccer,"erw. Tore 1.24:1.03 (nur Tore (keine xG-Quelle für AT)), O2.5 39 %",
2026-09-28T19:29:15+00:00,austria,401881775,SC Rheindorf Altach – Wolfsberger,2026-10-11T12:30+00:00,away,0.2996,0.2682,0.2839,3.5229,True,soccer,"erw. Tore 1.24:1.03 (nur Tore (keine xG-Quelle für AT)), O2.5 39 %",
2026-09-28T19:29:15+00:00,austria,401881778,TSV Hartberg – Austria Lustenau,2026-10-11T12:30+00:00,home,0.5658,0.4590,0.5124,1.9516,True,soccer,"erw. Tore 1.83:0.99 (nur Tore (keine xG-Quelle für AT)), O2.5 53 %",
2026-09-28T19:29:15+00:00,austria,401881778,TSV Hartberg – Austria Lustenau,2026-10-11T12:30+00:00,draw,0.2384,0.2530,0.2457,4.0704,True,soccer,"erw. Tore 1.83:0.99 (nur Tore (keine xG-Quelle für AT)), O2.5 53 %",
2026-09-28T19:29:15+00:00,austria,401881778,TSV Hartberg – Austria Lustenau,2026-10-11T12:30+00:00,away,0.1958,0.2880,0.2419,4.1334,True,soccer,"erw. Tore 1.83:0.99 (nur Tore (keine xG-Quelle für AT)), O2.5 53 %",
2026-09-28T19:29:15+00:00,austria,401881779,LASK Linz – Rapid Vienna,2026-10-11T15:00+00:00,home,0.5595,0.5399,0.5497,1.8192,True,soccer,"erw. Tore 2.15:1.32 (nur Tore (keine xG-Quelle für AT)), O2.5 67 %",
2026-09-28T19:29:15+00:00,austria,401881779,LASK Linz – Rapid Vienna,2026-10-11T15:00+00:00,draw,0.2147,0.2237,0.2192,4.5627,True,soccer,"erw. Tore 2.15:1.32 (nur Tore (keine xG-Quelle für AT)), O2.5 67 %",
2026-09-28T19:29:15+00:00,austria,401881779,LASK Linz – Rapid Vienna,2026-10-11T15:00+00:00,away,0.2258,0.2364,0.2311,4.3266,True,soccer,"erw. Tore 2.15:1.32 (nur Tore (keine xG-Quelle für AT)), O2.5 67 %",
2026-09-28T19:29:15+00:00,nfl,401872963,Chicago Bears – Philadelphia Eagles,2026-09-29T00:15+00:00,home,0.5933,0.3607,0.4189,2.3875,False,nfl,"erw. Punkte 24.8:21.7 (Marge +3.1, Total 46.5)",
2026-09-28T19:29:15+00:00,nfl,401872963,Chicago Bears – Philadelphia Eagles,2026-09-29T00:15+00:00,away,0.4067,0.6393,0.5811,1.7207,False,nfl,"erw. Punkte 24.8:21.7 (Marge +3.1, Total 46.5)",
2026-09-28T19:29:15+00:00,nfl,401872964,Cleveland Browns – Pittsburgh Steelers,2026-10-02T00:15+00:00,home,0.4880,0.4117,0.4308,2.3215,False,nfl,"erw. Punkte 19.3:19.7 (Marge -0.4, Total 39.0)",
2026-09-28T19:29:15+00:00,nfl,401872964,Cleveland Browns – Pittsburgh Steelers,2026-10-02T00:15+00:00,away,0.5120,0.5883,0.5692,1.7567,False,nfl,"erw. Punkte 19.3:19.7 (Marge -0.4, Total 39.0)",
2026-09-28T19:29:15+00:00,nfl,401872965,Washington Commanders – Indianapolis Colts,2026-10-04T13:30+00:00,home,0.4403,0.3760,0.3921,2.5504,False,nfl,"erw. Punkte 26.5:28.5 (Marge -2.0, Total 55.0)",
2026-09-28T19:29:15+00:00,nfl,401872965,Washington Commanders – Indianapolis Colts,2026-10-04T13:30+00:00,away,0.5597,0.6240,0.6079,1.6450,False,nfl,"erw. Punkte 26.5:28.5 (Marge -2.0, Total 55.0)",
2026-09-28T19:29:15+00:00,nfl,401872971,Buffalo Bills – New England Patriots,2026-10-04T17:00+00:00,home,0.5724,0.7402,0.6983,1.4321,False,nfl,"erw. Punkte 24.9:22.4 (Marge +2.4, Total 47.3)",
2026-09-28T19:29:15+00:00,nfl,401872971,Buffalo Bills – New England Patriots,2026-10-04T17:00+00:00,away,0.4276,0.2598,0.3017,3.3141,False,nfl,"erw. Punkte 24.9:22.4 (Marge +2.4, Total 47.3)",
2026-09-28T19:29:15+00:00,nfl,401872972,Chicago Bears – New York Jets,2026-10-04T17:00+00:00,home,0.7405,0.5768,0.6177,1.6189,False,nfl,"erw. Punkte 28.1:19.5 (Marge +8.6, Total 47.6)",
2026-09-28T19:29:15+00:00,nfl,401872972,Chicago Bears – New York Jets,2026-10-04T17:00+00:00,away,0.2595,0.4232,0.3823,2.6157,False,nfl,"erw. Punkte 28.1:19.5 (Marge +8.6, Total 47.6)",
2026-09-28T19:29:15+00:00,nfl,401872969,Cincinnati Bengals – Jacksonville Jaguars,2026-10-04T17:00+00:00,home,0.3207,0.5883,0.5214,1.9178,False,nfl,"erw. Punkte 21.5:27.7 (Marge -6.2, Total 49.3)",
2026-09-28T19:29:15+00:00,nfl,401872969,Cincinnati Bengals – Jacksonville Jaguars,2026-10-04T17:00+00:00,away,0.6793,0.4117,0.4786,2.0896,False,nfl,"erw. Punkte 21.5:27.7 (Marge -6.2, Total 49.3)",
2026-09-28T19:29:15+00:00,nfl,401872966,New York Giants – Arizona Cardinals,2026-10-04T17:00+00:00,home,0.5710,0.4884,0.5090,1.9645,False,nfl,"erw. Punkte 23.3:20.9 (Marge +2.4, Total 44.1)",
2026-09-28T19:29:15+00:00,nfl,401872966,New York Giants – Arizona Cardinals,2026-10-04T17:00+00:00,away,0.4290,0.5116,0.4910,2.0368,False,nfl,"erw. Punkte 23.3:20.9 (Marge +2.4, Total 44.1)",
2026-09-28T19:29:15+00:00,nfl,401872970,Philadelphia Eagles – Los Angeles Rams,2026-10-04T17:00+00:00,home,0.4389,0.4546,0.4507,2.2189,False,nfl,"erw. Punkte 21.2:23.3 (Marge -2.1, Total 44.5)",
2026-09-28T19:29:15+00:00,nfl,401872970,Philadelphia Eagles – Los Angeles Rams,2026-10-04T17:00+00:00,away,0.5611,0.5454,0.5493,1.8204,False,nfl,"erw. Punkte 21.2:23.3 (Marge -2.1, Total 44.5)",
2026-09-28T19:29:15+00:00,nfl,401872968,Tampa Bay Buccaneers – Green Bay Packers,2026-10-04T17:00+00:00,home,0.5689,0.3541,0.4078,2.4521,False,nfl,"erw. Punkte 25.4:23.1 (Marge +2.3, Total 48.5)",
2026-09-28T19:29:15+00:00,nfl,401872968,Tampa Bay Buccaneers – Green Bay Packers,2026-10-04T17:00+00:00,away,0.4311,0.6459,0.5922,1.6887,False,nfl,"erw. Punkte 25.4:23.1 (Marge +2.3, Total 48.5)",
2026-09-28T19:29:15+00:00,nfl,401872973,Baltimore Ravens – Tennessee Titans,2026-10-04T17:00+00:00,home,0.7517,0.8625,0.8348,1.1978,False,nfl,"erw. Punkte 27.1:18.0 (Marge +9.1, Total 45.2)",
2026-09-28T19:29:15+00:00,nfl,401872973,Baltimore Ravens – Tennessee Titans,2026-10-04T17:00+00:00,away,0.2483,0.1375,0.1652,6.0545,False,nfl,"erw. Punkte 27.1:18.0 (Marge +9.1, Total 45.2)",
2026-09-28T19:29:15+00:00,nfl,401872967,Houston Texans – Dallas Cowboys,2026-10-04T17:00+00:00,home,0.5767,0.5674,0.5697,1.7552,False,nfl,"erw. Punkte 25.8:23.2 (Marge +2.6, Total 49.0)",
2026-09-28T19:29:15+00:00,nfl,401872967,Houston Texans – Dallas Cowboys,2026-10-04T17:00+00:00,away,0.4233,0.4326,0.4303,2.3242,False,nfl,"erw. Punkte 25.8:23.2 (Marge +2.6, Total 49.0)",
2026-09-28T19:29:15+00:00,nfl,401872974,Minnesota Vikings – Miami Dolphins,2026-10-04T20:05+00:00,home,0.7881,0.8384,0.8258,1.2109,False,nfl,"erw. Punkte 24.1:13.5 (Marge +10.7, Total 37.6)",
2026-09-28T19:29:15+00:00,nfl,401872974,Minnesota Vikings – Miami Dolphins,2026-10-04T20:05+00:00,away,0.2119,0.1616,0.1742,5.7419,False,nfl,"erw. Punkte 24.1:13.5 (Marge +10.7, Total 37.6)",
2026-09-28T19:29:15+00:00,nfl,401872976,Las Vegas Raiders – Kansas City Chiefs,2026-10-04T20:25+00:00,home,0.4024,0.3256,0.3448,2.9001,False,nfl,"erw. Punkte 20.1:23.4 (Marge -3.3, Total 43.5)",
2026-09-28T19:29:15+00:00,nfl,401872976,Las Vegas Raiders – Kansas City Chiefs,2026-10-04T20:25+00:00,away,0.5976,0.6744,0.6552,1.5263,False,nfl,"erw. Punkte 20.1:23.4 (Marge -3.3, Total 43.5)",
2026-09-28T19:29:15+00:00,nfl,401872975,San Francisco 49ers – Denver Broncos,2026-10-04T20:25+00:00,home,0.6235,0.5993,0.6053,1.6520,False,nfl,"erw. Punkte 25.0:20.8 (Marge +4.2, Total 45.8)",
2026-09-28T19:29:15+00:00,nfl,401872975,San Francisco 49ers – Denver Broncos,2026-10-04T20:25+00:00,away,0.3765,0.4007,0.3947,2.5338,False,nfl,"erw. Punkte 25.0:20.8 (Marge +4.2, Total 45.8)",
2026-09-28T19:29:15+00:00,nfl,401872977,Seattle Seahawks – Los Angeles Chargers,2026-10-04T20:25+00:00,home,0.8138,0.7402,0.7586,1.3182,False,nfl,"erw. Punkte 25.9:14.0 (Marge +11.9, Total 39.9)",
2026-09-28T19:29:15+00:00,nfl,401872977,Seattle Seahawks – Los Angeles Chargers,2026-10-04T20:25+00:00,away,0.1862,0.2598,0.2414,4.1427,False,nfl,"erw. Punkte 25.9:14.0 (Marge +11.9, Total 39.9)",
2026-09-28T19:29:15+00:00,nfl,401872978,Carolina Panthers – Detroit Lions,2026-10-05T00:20+00:00,home,0.4984,0.3696,0.4018,2.4887,False,nfl,"erw. Punkte 27.7:27.8 (Marge -0.1, Total 55.5)",
2026-09-28T19:29:15+00:00,nfl,401872978,Carolina Panthers – Detroit Lions,2026-10-05T00:20+00:00,away,0.5016,0.6304,0.5982,1.6717,False,nfl,"erw. Punkte 27.7:27.8 (Marge -0.1, Total 55.5)",
2026-09-28T19:29:15+00:00,nfl,401872979,New Orleans Saints – Atlanta Falcons,2026-10-06T00:15+00:00,home,0.5917,0.5883,0.5892,1.6973,False,nfl,"erw. Punkte 23.3:20.2 (Marge +3.1, Total 43.5)",
2026-09-28T19:29:15+00:00,nfl,401872979,New Orleans Saints – Atlanta Falcons,2026-10-06T00:15+00:00,away,0.4083,0.4117,0.4108,2.4340,False,nfl,"erw. Punkte 23.3:20.2 (Marge +3.1, Total 43.5)",
2026-09-28T19:29:15+00:00,nhl,401891773,Carolina Hurricanes – Florida Panthers,2026-09-29T21:00+00:00,home,0.6765,0.5346,0.5701,1.7542,True,nhl,"erw. Tore 3.89:2.77, 60-Min-Remis 14 % (OT-Aufteilung geschätzt)",
2026-09-28T19:29:15+00:00,nhl,401891773,Carolina Hurricanes – Florida Panthers,2026-09-29T21:00+00:00,away,0.3235,0.4654,0.4299,2.3259,True,nhl,"erw. Tore 3.89:2.77, 60-Min-Remis 14 % (OT-Aufteilung geschätzt)",
2026-09-28T19:29:15+00:00,nhl,401891827,Toronto Maple Leafs – Montreal Canadiens,2026-09-29T23:00+00:00,home,0.3796,0.5186,0.4838,2.0669,True,nhl,"erw. Tore 3.07:3.83, 60-Min-Remis 15 % (OT-Aufteilung geschätzt)",
2026-09-28T19:29:15+00:00,nhl,401891827,Toronto Maple Leafs – Montreal Canadiens,2026-09-29T23:00+00:00,away,0.6204,0.4814,0.5162,1.9373,True,nhl,"erw. Tore 3.07:3.83, 60-Min-Remis 15 % (OT-Aufteilung geschätzt)",
2026-09-28T19:29:15+00:00,nhl,401891774,Boston Bruins – New York Rangers,2026-09-30T00:00+00:00,home,0.5884,0.5116,0.5308,1.8839,True,nhl,"erw. Tore 3.28:2.76, 60-Min-Remis 16 % (OT-Aufteilung geschätzt)",
2026-09-28T19:29:15+00:00,nhl,401891774,Boston Bruins – New York Rangers,2026-09-30T00:00+00:00,away,0.4116,0.4884,0.4692,2.1313,True,nhl,"erw. Tore 3.28:2.76, 60-Min-Remis 16 % (OT-Aufteilung geschätzt)",
2026-09-28T19:29:15+00:00,nhl,401891804,Edmonton Oilers – Vancouver Canucks,2026-09-30T02:00+00:00,home,0.7451,0.7186,0.7252,1.3789,True,nhl,"erw. Tore 4.31:2.66, 60-Min-Remis 13 % (OT-Aufteilung geschätzt)",
2026-09-28T19:29:15+00:00,nhl,401891804,Edmonton Oilers – Vancouver Canucks,2026-09-30T02:00+00:00,away,0.2549,0.2814,0.2748,3.6390,True,nhl,"erw. Tore 4.31:2.66, 60-Min-Remis 13 % (OT-Aufteilung geschätzt)",
2026-09-28T19:29:15+00:00,nhl,401891775,Vegas Golden Knights – Chicago Blackhawks,2026-09-30T02:30+00:00,home,0.6792,0.7034,0.6973,1.4340,True,nhl,"erw. Tore 3.49:2.43, 60-Min-Remis 15 % (OT-Aufteilung geschätzt)",
2026-09-28T19:29:15+00:00,nhl,401891775,Vegas Golden Knights – Chicago Blackhawks,2026-09-30T02:30+00:00,away,0.3208,0.2966,0.3027,3.3040,True,nhl,"erw. Tore 3.49:2.43, 60-Min-Remis 15 % (OT-Aufteilung geschätzt)",
2026-09-28T19:29:15+00:00,nhl,401891821,Philadelphia Flyers – Pittsburgh Penguins,2026-09-30T23:30+00:00,home,0.4749,0.5547,0.5347,1.8701,True,nhl,"erw. Tore 3.12:3.27, 60-Min-Remis 16 % (OT-Aufteilung geschätzt)",
2026-09-28T19:29:15+00:00,nhl,401891821,Philadelphia Flyers – Pittsburgh Penguins,2026-09-30T23:30+00:00,away,0.5251,0.4453,0.4653,2.1493,True,nhl,"erw. Tore 3.12:3.27, 60-Min-Remis 16 % (OT-Aufteilung geschätzt)",
2026-09-28T19:29:15+00:00,nhl,401892431,Toronto Maple Leafs – New York Islanders,2026-09-30T23:30+00:00,home,0.4627,0.5346,0.5166,1.9357,True,nhl,"erw. Tore 2.94:3.16, 60-Min-Remis 16 % (OT-Aufteilung geschätzt)",
2026-09-28T19:29:15+00:00,nhl,401892431,Toronto Maple Leafs – New York Islanders,2026-09-30T23:30+00:00,away,0.5373,0.4654,0.4834,2.0687,True,nhl,"erw. Tore 2.94:3.16, 60-Min-Remis 16 % (OT-Aufteilung geschätzt)",
2026-09-28T19:29:15+00:00,nhl,401891780,Colorado Avalanche – Los Angeles Kings,2026-10-01T02:00+00:00,home,0.7272,0.6240,0.6498,1.5389,True,nhl,"erw. Tore 3.46:2.12, 60-Min-Remis 15 % (OT-Aufteilung geschätzt)",
2026-09-28T19:29:15+00:00,nhl,401891780,Colorado Avalanche – Los Angeles Kings,2026-10-01T02:00+00:00,away,0.2728,0.3760,0.3502,2.8555,True,nhl,"erw. Tore 3.46:2.12, 60-Min-Remis 15 % (OT-Aufteilung geschätzt)",
2026-09-28T19:29:15+00:00,nhl,401891781,Columbus Blue Jackets – Buffalo Sabres,2026-10-01T23:00+00:00,home,0.4305,0.5116,0.4913,2.0353,True,nhl,"erw. Tore 2.89:3.30, 60-Min-Remis 16 % (OT-Aufteilung geschätzt)",
2026-09-28T19:29:15+00:00,nhl,401891781,Columbus Blue Jackets – Buffalo Sabres,2026-10-01T23:00+00:00,away,0.5695,0.4884,0.5087,1.9659,True,nhl,"erw. Tore 2.89:3.30, 60-Min-Remis 16 % (OT-Aufteilung geschätzt)",
2026-09-28T19:29:15+00:00,nhl,401891817,New Jersey Devils – Philadelphia Flyers,2026-10-01T23:00+00:00,home,0.4660,0.5674,0.5421,1.8448,True,nhl,"erw. Tore 2.68:2.87, 60-Min-Remis 17 % (OT-Aufteilung geschätzt)",
2026-09-28T19:29:15+00:00,nhl,401891817,New Jersey Devils – Philadelphia Flyers,2026-10-01T23:00+00:00,away,0.5340,0.4326,0.4579,2.1838,True,nhl,"erw. Tore 2.68:2.87, 60-Min-Remis 17 % (OT-Aufteilung geschätzt)",
2026-09-28T19:29:15+00:00,nhl,401891819,New York Rangers – Tampa Bay Lightning,2026-10-01T23:00+00:00,home,0.4005,0.4326,0.4245,2.3555,True,nhl,"erw. Tore 2.74:3.33, 60-Min-Remis 16 % (OT-Aufteilung geschätzt)",
2026-09-28T19:29:15+00:00,nhl,401891819,New York Rangers – Tampa Bay Lightning,2026-10-01T23:00+00:00,away,0.5995,0.5674,0.5755,1.7377,True,nhl,"erw. Tore 2.74:3.33, 60-Min-Remis 16 % (OT-Aufteilung geschätzt)",
2026-09-28T19:29:15+00:00,nhl,401891816,Nashville Predators – Minnesota Wild,2026-10-02T00:00+00:00,home,0.4205,0.4232,0.4226,2.3665,True,nhl,"erw. Tore 2.87:3.34, 60-Min-Remis 16 % (OT-Aufteilung geschätzt)",
2026-09-28T19:29:15+00:00,nhl,401891816,Nashville Predators – Minnesota Wild,2026-10-02T00:00+00:00,away,0.5795,0.5768,0.5774,1.7318,True,nhl,"erw. Tore 2.87:3.34, 60-Min-Remis 16 % (OT-Aufteilung geschätzt)",
2026-09-28T19:29:15+00:00,nhl,401891777,Calgary Flames – Seattle Kraken,2026-10-02T01:00+00:00,home,0.4992,0.5116,0.5085,1.9666,True,nhl,"erw. Tore 2.70:2.71, 60-Min-Remis 18 % (OT-Aufteilung geschätzt)",
2026-09-28T19:29:15+00:00,nhl,401891777,Calgary Flames – Seattle Kraken,2026-10-02T01:00+00:00,away,0.5008,0.4884,0.4915,2.0346,True,nhl,"erw. Tore 2.70:2.71, 60-Min-Remis 18 % (OT-Aufteilung geschätzt)",
2026-09-28T19:29:15+00:00,nhl,401891828,Utah Mammoth – Chicago Blackhawks,2026-10-02T01:30+00:00,home,0.6914,0.6393,0.6523,1.5330,True,nhl,"erw. Tore 3.59:2.43, 60-Min-Remis 15 % (OT-Aufteilung geschätzt)",
2026-09-28T19:29:15+00:00,nhl,401891828,Utah Mammoth – Chicago Blackhawks,2026-10-02T01:30+00:00,away,0.3086,0.3607,0.3477,2.8762,True,nhl,"erw. Tore 3.59:2.43, 60-Min-Remis 15 % (OT-Aufteilung geschätzt)",
2026-09-28T19:29:15+00:00,nhl,401891823,San Jose Sharks – Florida Panthers,2026-10-02T02:00+00:00,home,0.4864,0.4453,0.4556,2.1950,True,nhl,"erw. Tore 3.31:3.40, 60-Min-Remis 16 % (OT-Aufteilung geschätzt)",
2026-09-28T19:29:15+00:00,nhl,401891823,San Jose Sharks – Florida Panthers,2026-10-02T02:00+00:00,away,0.5136,0.5547,0.5444,1.8368,True,nhl,"erw. Tore 3.31:3.40, 60-Min-Remis 16 % (OT-Aufteilung geschätzt)",
2026-09-28T19:29:15+00:00,nhl,401891829,Vancouver Canucks – Edmonton Oilers,2026-10-02T02:00+00:00,home,0.2960,0.3541,0.3396,2.9446,True,nhl,"erw. Tore 2.79:4.12, 60-Min-Remis 14 % (OT-Aufteilung geschätzt)",
2026-09-28T19:29:15+00:00,nhl,401891829,Vancouver Canucks – Edmonton Oilers,2026-10-02T02:00+00:00,away,0.7040,0.6459,0.6604,1.5142,True,nhl,"erw. Tore 2.79:4.12, 60-Min-Remis 14 % (OT-Aufteilung geschätzt)",
2026-09-28T19:29:15+00:00,nhl,401891803,Detroit Red Wings – New York Rangers,2026-10-02T22:30+00:00,home,0.5141,0.5674,0.5541,1.8047,True,nhl,"erw. Tore 2.93:2.85, 60-Min-Remis 17 % (OT-Aufteilung geschätzt)",
2026-09-28T19:29:15+00:00,nhl,401891803,Detroit Red Wings – New York Rangers,2026-10-02T22:30+00:00,away,0.4859,0.4326,0.4459,2.2427,True,nhl,"erw. Tore 2.93:2.85, 60-Min-Remis 17 % (OT-Aufteilung geschätzt)",
2026-09-28T19:29:15+00:00,nhl,401892432,Carolina Hurricanes – Washington Capitals,2026-10-02T23:00+00:00,home,0.5852,0.5303,0.5440,1.8381,True,nhl,"erw. Tore 3.44:2.93, 60-Min-Remis 16 % (OT-Aufteilung geschätzt)",
2026-09-28T19:29:15+00:00,nhl,401892432,Carolina Hurricanes – Washington Capitals,2026-10-02T23:00+00:00,away,0.4148,0.4697,0.4560,2.1931,True,nhl,"erw. Tore 3.44:2.93, 60-Min-Remis 16 % (OT-Aufteilung geschätzt)",
2026-09-28T19:29:15+00:00,nhl,401891831,Winnipeg Jets – Boston Bruins,2026-10-03T00:00+00:00,home,0.4146,0.4884,0.4699,2.1279,True,nhl,"erw. Tore 2.75:3.25, 60-Min-Remis 16 % (OT-Aufteilung geschätzt)",
2026-09-28T19:29:15+00:00,nhl,401891831,Winnipeg Jets – Boston Bruins,2026-10-03T00:00+00:00,away,0.5854,0.5116,0.5301,1.8866,True,nhl,"erw. Tore 2.75:3.25, 60-Min-Remis 16 % (OT-Aufteilung geschätzt)",
2026-09-28T19:29:15+00:00,nhl,401891782,Dallas Stars – St. Louis Blues,2026-10-03T01:00+00:00,home,0.6483,0.6540,0.6526,1.5323,True,nhl,"erw. Tore 3.35:2.48, 60-Min-Remis 16 % (OT-Aufteilung geschätzt)",
2026-09-28T19:29:15+00:00,nhl,401891782,Dallas Stars – St. Louis Blues,2026-10-03T01:00+00:00,away,0.3517,0.3460,0.3474,2.8786,True,nhl,"erw. Tore 3.35:2.48, 60-Min-Remis 16 % (OT-Aufteilung geschätzt)",
2026-09-28T19:29:15+00:00,nhl,401892433,Vegas Golden Knights – Anaheim Ducks,2026-10-03T02:00+00:00,home,0.6154,0.4975,0.5270,1.8976,True,nhl,"erw. Tore 3.74:3.02, 60-Min-Remis 15 % (OT-Aufteilung geschätzt)",
2026-09-28T19:29:15+00:00,nhl,401892433,Vegas Golden Knights – Anaheim Ducks,2026-10-03T02:00+00:00,away,0.3846,0.5025,0.4730,2.1141,True,nhl,"erw. Tore 3.74:3.02, 60-Min-Remis 15 % (OT-Aufteilung geschätzt)",
2026-09-28T19:29:15+00:00,nhl,401891776,Buffalo Sabres – Chicago Blackhawks,2026-10-03T23:00+00:00,home,0.7302,0.6677,0.6833,1.4635,True,nhl,"erw. Tore 3.79:2.36, 60-Min-Remis 14 % (OT-Aufteilung geschätzt)",
2026-09-28T19:29:15+00:00,nhl,401891776,Buffalo Sabres – Chicago Blackhawks,2026-10-03T23:00+00:00,away,0.2698,0.3323,0.3167,3.1576,True,nhl,"erw. Tore 3.79:2.36, 60-Min-Remis 14 % (OT-Aufteilung geschätzt)",
2026-09-28T19:29:15+00:00,nhl,401891822,Pittsburgh Penguins – Montreal Canadiens,2026-10-03T23:00+00:00,home,0.5244,0.5000,0.5061,1.9759,True,nhl,"erw. Tore 3.57:3.41, 60-Min-Remis 15 % (OT-Aufteilung geschätzt)",
2026-09-28T19:29:15+00:00,nhl,401891822,Pittsburgh Penguins – Montreal Canadiens,2026-10-03T23:00+00:00,away,0.4756,0.5000,0.4939,2.0247,True,nhl,"erw. Tore 3.57:3.41, 60-Min-Remis 15 % (OT-Aufteilung geschätzt)",
2026-09-28T19:29:15+00:00,nhl,401891826,Tampa Bay Lightning – Washington Capitals,2026-10-03T23:00+00:00,home,0.5857,0.5768,0.5790,1.7272,True,nhl,"erw. Tore 3.36:2.85, 60-Min-Remis 16 % (OT-Aufteilung geschätzt)",
2026-09-28T19:29:15+00:00,nhl,401891826,Tampa Bay Lightning – Washington Capitals,2026-10-03T23:00+00:00,away,0.4143,0.4232,0.4210,2.3752,True,nhl,"erw. Tore 3.36:2.85, 60-Min-Remis 16 % (OT-Aufteilung geschätzt)",
2026-09-28T19:29:15+00:00,nhl,401892434,Toronto Maple Leafs – Ottawa Senators,2026-10-03T23:00+00:00,home,0.3754,0.5124,0.4782,2.0912,True,nhl,"erw. Tore 3.00:3.78, 60-Min-Remis 15 % (OT-Aufteilung geschätzt)",
2026-09-28T19:29:15+00:00,nhl,401892434,Toronto Maple Leafs – Ottawa Senators,2026-10-03T23:00+00:00,away,0.6246,0.4876,0.5218,1.9164,True,nhl,"erw. Tore 3.00:3.78, 60-Min-Remis 15 % (OT-Aufteilung geschätzt)",
2026-09-28T19:29:15+00:00,nhl,401892435,Philadelphia Flyers – Carolina Hurricanes,2026-10-03T23:00+00:00,home,0.4305,0.5075,0.4883,2.0480,True,nhl,"erw. Tore 2.84:3.25, 60-Min-Remis 16 % (OT-Aufteilung geschätzt)",
2026-09-28T19:29:15+00:00,nhl,401892435,Philadelphia Flyers – Carolina Hurricanes,2026-10-03T23:00+00:00,away,0.5695,0.4925,0.5117,1.9542,True,nhl,"erw. Tore 2.84:3.25, 60-Min-Remis 16 % (OT-Aufteilung geschätzt)",
2026-09-28T19:29:15+00:00,nhl,401892436,Columbus Blue Jackets – Utah Mammoth,2026-10-03T23:00+00:00,home,0.4752,0.5300,0.5163,1.9368,True,nhl,"erw. Tore 2.98:3.12, 60-Min-Remis 17 % (OT-Aufteilung geschätzt)",
2026-09-28T19:29:15+00:00,nhl,401892436,Columbus Blue Jackets – Utah Mammoth,2026-10-03T23:00+00:00,away,0.5248,0.4700,0.4837,2.0674,True,nhl,"erw. Tore 2.98:3.12, 60-Min-Remis 17 % (OT-Aufteilung geschätzt)",
2026-09-28T19:29:15+00:00,nhl,401892437,Edmonton Oilers – Seattle Kraken,2026-10-03T23:00+00:00,home,0.6254,0.5600,0.5764,1.7351,True,nhl,"erw. Tore 3.58:2.81, 60-Min-Remis 15 % (OT-Aufteilung geschätzt)",
2026-09-28T19:29:15+00:00,nhl,401892437,Edmonton Oilers – Seattle Kraken,2026-10-03T23:00+00:00,away,0.3746,0.4400,0.4236,2.3604,True,nhl,"erw. Tore 3.58:2.81, 60-Min-Remis 15 % (OT-Aufteilung geschätzt)",
2026-09-28T19:29:15+00:00,nhl,401891818,New York Islanders – New Jersey Devils,2026-10-03T23:30+00:00,home,0.5500,0.5186,0.5264,1.8996,True,nhl,"erw. Tore 2.84:2.57, 60-Min-Remis 18 % (OT-Aufteilung geschätzt)",
2026-09-28T19:29:15+00:00,nhl,401891818,New York Islanders – New Jersey Devils,2026-10-03T23:30+00:00,away,0.4500,0.4814,0.4736,2.1116,True,nhl,"erw. Tore 2.84:2.57, 60-Min-Remis 18 % (OT-Aufteilung geschätzt)",
2026-09-28T19:29:15+00:00,nhl,401891814,Minnesota Wild – Boston Bruins,2026-10-04T00:00+00:00,home,0.5340,0.6166,0.5959,1.6780,True,nhl,"erw. Tore 3.21:3.01, 60-Min-Remis 16 % (OT-Aufteilung geschätzt)",
2026-09-28T19:29:15+00:00,nhl,401891814,Minnesota Wild – Boston Bruins,2026-10-04T00:00+00:00,away,0.4660,0.3834,0.4041,2.4748,True,nhl,"erw. Tore 3.21:3.01, 60-Min-Remis 16 % (OT-Aufteilung geschätzt)",
2026-09-28T19:29:15+00:00,nhl,401892438,Nashville Predators – Dallas Stars,2026-10-04T00:00+00:00,home,0.3863,0.5075,0.4772,2.0954,True,nhl,"erw. Tore 2.71:3.39, 60-Min-Remis 16 % (OT-Aufteilung geschätzt)",
2026-09-28T19:29:15+00:00,nhl,401892438,Nashville Predators – Dallas Stars,2026-10-04T00:00+00:00,away,0.6137,0.4925,0.5228,1.9129,True,nhl,"erw. Tore 2.71:3.39, 60-Min-Remis 16 % (OT-Aufteilung geschätzt)",
2026-09-28T19:29:15+00:00,nhl,401892439,Colorado Avalanche – St. Louis Blues,2026-10-04T01:00+00:00,home,0.7225,0.6327,0.6551,1.5265,True,nhl,"erw. Tore 3.58:2.24, 60-Min-Remis 15 % (OT-Aufteilung geschätzt)",
2026-09-28T19:29:15+00:00,nhl,401892439,Colorado Avalanche – St. Louis Blues,2026-10-04T01:00+00:00,away,0.2775,0.3673,0.3449,2.8994,True,nhl,"erw. Tore 3.58:2.24, 60-Min-Remis 15 % (OT-Aufteilung geschätzt)",
2026-09-28T19:29:15+00:00,nhl,401892440,Vancouver Canucks – Calgary Flames,2026-10-04T02:00+00:00,home,0.4245,0.4949,0.4773,2.0949,True,nhl,"erw. Tore 2.68:3.12, 60-Min-Remis 17 % (OT-Aufteilung geschätzt)",
2026-09-28T19:29:15+00:00,nhl,401892440,Vancouver Canucks – Calgary Flames,2026-10-04T02:00+00:00,away,0.5755,0.5051,0.5227,1.9133,True,nhl,"erw. Tore 2.68:3.12, 60-Min-Remis 17 % (OT-Aufteilung geschätzt)",
2026-09-28T19:29:15+00:00,nhl,401892441,San Jose Sharks – Los Angeles Kings,2026-10-04T02:00+00:00,home,0.4887,0.4697,0.4744,2.1077,True,nhl,"erw. Tore 2.96:3.02, 60-Min-Remis 17 % (OT-Aufteilung geschätzt)",
2026-09-28T19:29:15+00:00,nhl,401892441,San Jose Sharks – Los Angeles Kings,2026-10-04T02:00+00:00,away,0.5113,0.5303,0.5256,1.9027,True,nhl,"erw. Tore 2.96:3.02, 60-Min-Remis 17 % (OT-Aufteilung geschätzt)",
2026-09-28T19:29:15+00:00,nhl,401892442,Detroit Red Wings – Winnipeg Jets,2026-10-04T17:00+00:00,home,0.5570,0.5250,0.5330,1.8762,True,nhl,"erw. Tore 3.04:2.72, 60-Min-Remis 17 % (OT-Aufteilung geschätzt)",
2026-09-28T19:29:15+00:00,nhl,401892442,Detroit Red Wings – Winnipeg Jets,2026-10-04T17:00+00:00,away,0.4430,0.4750,0.4670,2.1413,True,nhl,"erw. Tore 3.04:2.72, 60-Min-Remis 17 % (OT-Aufteilung geschätzt)",
2026-09-28T19:29:15+00:00,nhl,401892443,New York Rangers – Utah Mammoth,2026-10-04T22:00+00:00,home,0.4599,0.5150,0.5012,1.9951,True,nhl,"erw. Tore 2.90:3.13, 60-Min-Remis 17 % (OT-Aufteilung geschätzt)",
2026-09-28T19:29:15+00:00,nhl,401892443,New York Rangers – Utah Mammoth,2026-10-04T22:00+00:00,away,0.5401,0.4850,0.4988,2.0049,True,nhl,"erw. Tore 2.90:3.13, 60-Min-Remis 17 % (OT-Aufteilung geschätzt)",
2026-09-28T19:29:15+00:00,nhl,401891778,Anaheim Ducks – Florida Panthers,2026-10-05T00:00+00:00,home,0.5171,0.4654,0.4783,2.0905,True,nhl,"erw. Tore 3.51:3.40, 60-Min-Remis 15 % (OT-Aufteilung geschätzt)",
2026-09-28T19:29:15+00:00,nhl,401891778,Anaheim Ducks – Florida Panthers,2026-10-05T00:00+00:00,away,0.4829,0.5346,0.5217,1.9170,True,nhl,"erw. Tore 3.51:3.40, 60-Min-Remis 15 % (OT-Aufteilung geschätzt)",
2026-09-28T19:29:15+00:00,nhl,401891824,Seattle Kraken – Calgary Flames,2026-10-05T00:00+00:00,home,0.5453,0.5547,0.5523,1.8105,True,nhl,"erw. Tore 2.83:2.58, 60-Min-Remis 18 % (OT-Aufteilung geschätzt)",
2026-09-28T19:29:15+00:00,nhl,401891824,Seattle Kraken – Calgary Flames,2026-10-05T00:00+00:00,away,0.4547,0.4453,0.4477,2.2338,True,nhl,"erw. Tore 2.83:2.58, 60-Min-Remis 18 % (OT-Aufteilung geschätzt)",
2026-09-28T19:29:15+00:00,nhl,401892444,Vancouver Canucks – Vegas Golden Knights,2026-10-05T01:00+00:00,home,0.2924,0.4300,0.3956,2.5277,True,nhl,"erw. Tore 2.55:3.86, 60-Min-Remis 14 % (OT-Aufteilung geschätzt)",
2026-09-28T19:29:15+00:00,nhl,401892444,Vancouver Canucks – Vegas Golden Knights,2026-10-05T01:00+00:00,away,0.7076,0.5700,0.6044,1.6546,True,nhl,"erw. Tore 2.55:3.86, 60-Min-Remis 14 % (OT-Aufteilung geschätzt)",
2026-09-28T19:29:15+00:00,nhl,401892445,Tampa Bay Lightning – Philadelphia Flyers,2026-10-05T23:00+00:00,home,0.6153,,0.6153,1.6253,True,nhl,"erw. Tore 3.32:2.64, 60-Min-Remis 16 % (OT-Aufteilung geschätzt)",
2026-09-28T19:29:15+00:00,nhl,401892445,Tampa Bay Lightning – Philadelphia Flyers,2026-10-05T23:00+00:00,away,0.3847,,0.3847,2.5994,True,nhl,"erw. Tore 3.32:2.64, 60-Min-Remis 16 % (OT-Aufteilung geschätzt)",
2026-09-28T19:29:15+00:00,nhl,401892446,Boston Bruins – Ottawa Senators,2026-10-05T23:30+00:00,home,0.5061,,0.5061,1.9757,True,nhl,"erw. Tore 3.19:3.15, 60-Min-Remis 16 % (OT-Aufteilung geschätzt)",
2026-09-28T19:29:15+00:00,nhl,401892446,Boston Bruins – Ottawa Senators,2026-10-05T23:30+00:00,away,0.4939,,0.4939,2.0249,True,nhl,"erw. Tore 3.19:3.15, 60-Min-Remis 16 % (OT-Aufteilung geschätzt)",
2026-09-28T19:29:15+00:00,nhl,401892447,Pittsburgh Penguins – Winnipeg Jets,2026-10-05T23:30+00:00,home,0.6463,,0.6463,1.5473,True,nhl,"erw. Tore 3.72:2.81, 60-Min-Remis 15 % (OT-Aufteilung geschätzt)",
2026-09-28T19:29:15+00:00,nhl,401892447,Pittsburgh Penguins – Winnipeg Jets,2026-10-05T23:30+00:00,away,0.3537,,0.3537,2.8270,True,nhl,"erw. Tore 3.72:2.81, 60-Min-Remis 15 % (OT-Aufteilung geschätzt)",
2026-09-28T19:29:15+00:00,nhl,401892448,Dallas Stars – San Jose Sharks,2026-10-06T00:00+00:00,home,0.6977,,0.6977,1.4332,True,nhl,"erw. Tore 3.88:2.63, 60-Min-Remis 14 % (OT-Aufteilung geschätzt)",
2026-09-28T19:29:15+00:00,nhl,401892448,Dallas Stars – San Jose Sharks,2026-10-06T00:00+00:00,away,0.3023,,0.3023,3.3083,True,nhl,"erw. Tore 3.88:2.63, 60-Min-Remis 14 % (OT-Aufteilung geschätzt)",
2026-09-28T19:31:04+00:00,bundesliga,401884781,Borussia Dortmund – Werder Bremen,2026-10-09T18:30+00:00,home,0.7257,0.7150,0.7204,1.3882,False,soccer,"erw. Tore 2.24:0.68 (Tore+xG 50/50), O2.5 56 %",
2026-09-28T19:31:04+00:00,bundesliga,401884781,Borussia Dortmund – Werder Bremen,2026-10-09T18:30+00:00,draw,0.1813,0.1573,0.1693,5.9056,False,soccer,"erw. Tore 2.24:0.68 (Tore+xG 50/50), O2.5 56 %",
2026-09-28T19:31:04+00:00,bundesliga,401884781,Borussia Dortmund – Werder Bremen,2026-10-09T18:30+00:00,away,0.0930,0.1276,0.1103,9.0648,False,soccer,"erw. Tore 2.24:0.68 (Tore+xG 50/50), O2.5 56 %",
2026-09-28T19:31:04+00:00,bundesliga,401884775,1. FC Union Berlin – SV Elversberg,2026-10-10T13:30+00:00,home,0.2991,0.4295,0.3643,2.7447,False,soccer,"erw. Tore 1.41:1.79 (Tore+xG 50/50), O2.5 62 %",
2026-09-28T19:31:04+00:00,bundesliga,401884775,1. FC Union Berlin – SV Elversberg,2026-10-10T13:30+00:00,draw,0.2400,0.2431,0.2416,4.1399,False,soccer,"erw. Tore 1.41:1.79 (Tore+xG 50/50), O2.5 62 %",
2026-09-28T19:31:04+00:00,bundesliga,401884775,1. FC Union Berlin – SV Elversberg,2026-10-10T13:30+00:00,away,0.4609,0.3273,0.3941,2.5374,False,soccer,"erw. Tore 1.41:1.79 (Tore+xG 50/50), O2.5 62 %",
2026-09-28T19:31:04+00:00,bundesliga,401884777,FC Augsburg – Bayern Munich,2026-10-10T13:30+00:00,home,0.1057,0.0901,0.0979,10.2154,False,soccer,"erw. Tore 1.19:3.16 (Tore+xG 50/50), O2.5 81 %",
2026-09-28T19:31:04+00:00,bundesliga,401884777,FC Augsburg – Bayern Munich,2026-10-10T13:30+00:00,draw,0.1361,0.0979,0.1170,8.5469,False,soccer,"erw. Tore 1.19:3.16 (Tore+xG 50/50), O2.5 81 %",
2026-09-28T19:31:04+00:00,bundesliga,401884777,FC Augsburg – Bayern Munich,2026-10-10T13:30+00:00,away,0.7582,0.8120,0.7851,1.2737,False,soccer,"erw. Tore 1.19:3.16 (Tore+xG 50/50), O2.5 81 %",
2026-09-28T19:31:04+00:00,bundesliga,401884776,Mainz – Bayer Leverkusen,2026-10-10T13:30+00:00,home,0.3187,0.3354,0.3270,3.0577,False,soccer,"erw. Tore 1.43:1.70 (Tore+xG 50/50), O2.5 60 %",
2026-09-28T19:31:04+00:00,bundesliga,401884776,Mainz – Bayer Leverkusen,2026-10-10T13:30+00:00,draw,0.2458,0.2444,0.2451,4.0798,False,soccer,"erw. Tore 1.43:1.70 (Tore+xG 50/50), O2.5 60 %",
2026-09-28T19:31:04+00:00,bundesliga,401884776,Mainz – Bayer Leverkusen,2026-10-10T13:30+00:00,away,0.4356,0.4201,0.4279,2.3373,False,soccer,"erw. Tore 1.43:1.70 (Tore+xG 50/50), O2.5 60 %",
2026-09-28T19:31:04+00:00,bundesliga,401884773,SC Paderborn 07 – VfB Stuttgart,2026-10-10T13:30+00:00,home,0.3313,0.1870,0.2591,3.8588,False,soccer,"erw. Tore 1.56:1.81 (Tore+xG 50/50), O2.5 65 %",
2026-09-28T19:31:04+00:00,bundesliga,401884773,SC Paderborn 07 – VfB Stuttgart,2026-10-10T13:30+00:00,draw,0.2355,0.2019,0.2187,4.5719,False,soccer,"erw. Tore 1.56:1.81 (Tore+xG 50/50), O2.5 65 %",
2026-09-28T19:31:04+00:00,bundesliga,401884773,SC Paderborn 07 – VfB Stuttgart,2026-10-10T13:30+00:00,away,0.4332,0.6111,0.5221,1.9153,False,soccer,"erw. Tore 1.56:1.81 (Tore+xG 50/50), O2.5 65 %",
2026-09-28T19:31:04+00:00,bundesliga,401884779,TSG Hoffenheim – Hamburg SV,2026-10-10T13:30+00:00,home,0.6232,0.6733,0.6482,1.5426,False,soccer,"erw. Tore 2.19:1.07 (Tore+xG 50/50), O2.5 63 %",
2026-09-28T19:31:04+00:00,bundesliga,401884779,TSG Hoffenheim – Hamburg SV,2026-10-10T13:30+00:00,draw,0.2058,0.1881,0.1970,5.0768,False,soccer,"erw. Tore 2.19:1.07 (Tore+xG 50/50), O2.5 63 %",
2026-09-28T19:31:04+00:00,bundesliga,401884779,TSG Hoffenheim – Hamburg SV,2026-10-10T13:30+00:00,away,0.1709,0.1386,0.1548,6.4608,False,soccer,"erw. Tore 2.19:1.07 (Tore+xG 50/50), O2.5 63 %",
2026-09-28T19:31:04+00:00,bundesliga,401884780,RB Leipzig – Eintracht Frankfurt,2026-10-10T16:30+00:00,home,0.6214,0.6399,0.6307,1.5856,False,soccer,"erw. Tore 2.54:1.39 (Tore+xG 50/50), O2.5 75 %",
2026-09-28T19:31:04+00:00,bundesliga,401884780,RB Leipzig – Eintracht Frankfurt,2026-10-10T16:30+00:00,draw,0.1871,0.1845,0.1858,5.3819,False,soccer,"erw. Tore 2.54:1.39 (Tore+xG 50/50), O2.5 75 %",
2026-09-28T19:31:04+00:00,bundesliga,401884780,RB Leipzig – Eintracht Frankfurt,2026-10-10T16:30+00:00,away,0.1914,0.1757,0.1835,5.4485,False,soccer,"erw. Tore 2.54:1.39 (Tore+xG 50/50), O2.5 75 %",
2026-09-28T19:31:04+00:00,bundesliga,401884774,FC Cologne – Borussia Mönchengladbach,2026-10-11T13:30+00:00,home,0.4711,0.4901,0.4806,2.0807,False,soccer,"erw. Tore 1.86:1.44 (Tore+xG 50/50), O2.5 64 %",
2026-09-28T19:31:04+00:00,bundesliga,401884774,FC Cologne – Borussia Mönchengladbach,2026-10-11T13:30+00:00,draw,0.2348,0.2327,0.2338,4.2779,False,soccer,"erw. Tore 1.86:1.44 (Tore+xG 50/50), O2.5 64 %",
2026-09-28T19:31:04+00:00,bundesliga,401884774,FC Cologne – Borussia Mönchengladbach,2026-10-11T13:30+00:00,away,0.2941,0.2772,0.2856,3.5009,False,soccer,"erw. Tore 1.86:1.44 (Tore+xG 50/50), O2.5 64 %",
2026-09-28T19:31:04+00:00,bundesliga,401884778,SC Freiburg – Schalke 04,2026-10-11T15:30+00:00,home,0.4620,0.5970,0.5295,1.8885,False,soccer,"erw. Tore 1.50:1.08 (Tore+xG 50/50), O2.5 48 %",
2026-09-28T19:31:04+00:00,bundesliga,401884778,SC Freiburg – Schalke 04,2026-10-11T15:30+00:00,draw,0.2702,0.2291,0.2496,4.0057,False,soccer,"erw. Tore 1.50:1.08 (Tore+xG 50/50), O2.5 48 %",
2026-09-28T19:31:04+00:00,bundesliga,401884778,SC Freiburg – Schalke 04,2026-10-11T15:30+00:00,away,0.2677,0.1739,0.2208,4.5283,False,soccer,"erw. Tore 1.50:1.08 (Tore+xG 50/50), O2.5 48 %",
2026-09-28T19:31:04+00:00,2bundesliga,401885100,1. FC Heidenheim 1846 – Kaiserslautern,2026-10-09T16:30+00:00,home,0.4366,0.5080,0.4723,2.1173,False,soccer,"erw. Tore 1.59:1.30 (Tore+xG 50/50), O2.5 55 %",
2026-09-28T19:31:04+00:00,2bundesliga,401885100,1. FC Heidenheim 1846 – Kaiserslautern,2026-10-09T16:30+00:00,draw,0.2572,0.2659,0.2615,3.8235,False,soccer,"erw. Tore 1.59:1.30 (Tore+xG 50/50), O2.5 55 %",
2026-09-28T19:31:04+00:00,2bundesliga,401885100,1. FC Heidenheim 1846 – Kaiserslautern,2026-10-09T16:30+00:00,away,0.3063,0.2261,0.2662,3.7570,False,soccer,"erw. Tore 1.59:1.30 (Tore+xG 50/50), O2.5 55 %",
2026-09-28T19:31:04+00:00,2bundesliga,401885094,TSV Eintracht Braunschweig – Holstein Kiel,2026-10-09T16:30+00:00,home,0.4120,0.3548,0.3834,2.6084,False,soccer,"erw. Tore 1.52:1.33 (Tore+xG 50/50), O2.5 54 %",
2026-09-28T19:31:04+00:00,2bundesliga,401885094,TSV Eintracht Braunschweig – Holstein Kiel,2026-10-09T16:30+00:00,draw,0.2610,0.2493,0.2551,3.9195,False,soccer,"erw. Tore 1.52:1.33 (Tore+xG 50/50), O2.5 54 %",
2026-09-28T19:31:04+00:00,2bundesliga,401885094,TSV Eintracht Braunschweig – Holstein Kiel,2026-10-09T16:30+00:00,away,0.3271,0.3959,0.3615,2.7663,False,soccer,"erw. Tore 1.52:1.33 (Tore+xG 50/50), O2.5 54 %",
2026-09-28T19:31:04+00:00,2bundesliga,401885095,1. FC Magdeburg – Hannover 96,2026-10-10T11:00+00:00,home,0.3895,0.3646,0.3771,2.6520,False,soccer,"erw. Tore 1.63:1.57 (Tore+xG 50/50), O2.5 62 %",
2026-09-28T19:31:04+00:00,2bundesliga,401885095,1. FC Magdeburg – Hannover 96,2026-10-10T11:00+00:00,draw,0.2448,0.2372,0.2410,4.1498,False,soccer,"erw. Tore 1.63:1.57 (Tore+xG 50/50), O2.5 62 %",
2026-09-28T19:31:04+00:00,2bundesliga,401885095,1. FC Magdeburg – Hannover 96,2026-10-10T11:00+00:00,away,0.3657,0.3982,0.3819,2.6182,False,soccer,"erw. Tore 1.63:1.57 (Tore+xG 50/50), O2.5 62 %",
2026-09-28T19:31:04+00:00,2bundesliga,401885099,SV Darmstadt 98 – Energie Cottbus,2026-10-10T11:00+00:00,home,0.4814,0.4581,0.4698,2.1287,False,soccer,"erw. Tore 2.24:1.79 (Tore+xG 50/50), O2.5 77 %",
2026-09-28T19:31:04+00:00,2bundesliga,401885099,SV Darmstadt 98 – Energie Cottbus,2026-10-10T11:00+00:00,draw,0.2089,0.2277,0.2183,4.5818,False,soccer,"erw. Tore 2.24:1.79 (Tore+xG 50/50), O2.5 77 %",
2026-09-28T19:31:04+00:00,2bundesliga,401885099,SV Darmstadt 98 – Energie Cottbus,2026-10-10T11:00+00:00,away,0.3097,0.3142,0.3120,3.2055,False,soccer,"erw. Tore 2.24:1.79 (Tore+xG 50/50), O2.5 77 %",
2026-09-28T19:31:04+00:00,2bundesliga,401885093,VfL Osnabruck – Dynamo Dresden,2026-10-10T11:00+00:00,home,0.4324,0.3641,0.3983,2.5110,False,soccer,"erw. Tore 1.90:1.67 (Tore+xG 50/50), O2.5 69 %",
2026-09-28T19:31:04+00:00,2bundesliga,401885093,VfL Osnabruck – Dynamo Dresden,2026-10-10T11:00+00:00,draw,0.2282,0.2472,0.2377,4.2066,False,soccer,"erw. Tore 1.90:1.67 (Tore+xG 50/50), O2.5 69 %",
2026-09-28T19:31:04+00:00,2bundesliga,401885093,VfL Osnabruck – Dynamo Dresden,2026-10-10T11:00+00:00,away,0.3394,0.3887,0.3640,2.7471,False,soccer,"erw. Tore 1.90:1.67 (Tore+xG 50/50), O2.5 69 %",
2026-09-28T19:31:04+00:00,2bundesliga,401885097,1. FC Nürnberg – VfL Wolfsburg,2026-10-10T18:30+00:00,home,0.5136,0.3709,0.4423,2.2611,False,soccer,"erw. Tore 1.88:1.26 (Tore+xG 50/50), O2.5 61 %",
2026-09-28T19:31:04+00:00,2bundesliga,401885097,1. FC Nürnberg – VfL Wolfsburg,2026-10-10T18:30+00:00,draw,0.2353,0.2500,0.2426,4.1214,False,soccer,"erw. Tore 1.88:1.26 (Tore+xG 50/50), O2.5 61 %",
2026-09-28T19:31:04+00:00,2bundesliga,401885097,1. FC Nürnberg – VfL Wolfsburg,2026-10-10T18:30+00:00,away,0.2511,0.3791,0.3151,3.1735,False,soccer,"erw. Tore 1.88:1.26 (Tore+xG 50/50), O2.5 61 %",
2026-09-28T19:31:04+00:00,2bundesliga,401885098,Hertha Berlin – SpVgg Greuther Fürth,2026-10-11T11:30+00:00,home,0.5003,0.6048,0.5526,1.8097,False,soccer,"erw. Tore 1.92:1.36 (Tore+xG 50/50), O2.5 64 %",
2026-09-28T19:31:04+00:00,2bundesliga,401885098,Hertha Berlin – SpVgg Greuther Fürth,2026-10-11T11:30+00:00,draw,0.2319,0.2048,0.2183,4.5798,False,soccer,"erw. Tore 1.92:1.36 (Tore+xG 50/50), O2.5 64 %",
2026-09-28T19:31:04+00:00,2bundesliga,401885098,Hertha Berlin – SpVgg Greuther Fürth,2026-10-11T11:30+00:00,away,0.2678,0.1904,0.2291,4.3653,False,soccer,"erw. Tore 1.92:1.36 (Tore+xG 50/50), O2.5 64 %",
2026-09-28T19:31:04+00:00,2bundesliga,401885101,St. Pauli – Karlsruher SC,2026-10-11T11:30+00:00,home,0.4385,0.5758,0.5072,1.9718,False,soccer,"erw. Tore 1.48:1.17 (Tore+xG 50/50), O2.5 49 %",
2026-09-28T19:31:04+00:00,2bundesliga,401885101,St. Pauli – Karlsruher SC,2026-10-11T11:30+00:00,draw,0.2692,0.2121,0.2407,4.1553,False,soccer,"erw. Tore 1.48:1.17 (Tore+xG 50/50), O2.5 49 %",
2026-09-28T19:31:04+00:00,2bundesliga,401885101,St. Pauli – Karlsruher SC,2026-10-11T11:30+00:00,away,0.2923,0.2121,0.2522,3.9654,False,soccer,"erw. Tore 1.48:1.17 (Tore+xG 50/50), O2.5 49 %",
2026-09-28T19:31:04+00:00,2bundesliga,401885096,VfL Bochum – Arminia Bielefeld,2026-10-11T11:30+00:00,home,0.4592,0.4074,0.4333,2.3080,False,soccer,"erw. Tore 1.59:1.20 (Tore+xG 50/50), O2.5 53 %",
2026-09-28T19:31:04+00:00,2bundesliga,401885096,VfL Bochum – Arminia Bielefeld,2026-10-11T11:30+00:00,draw,0.2592,0.2631,0.2612,3.8291,False,soccer,"erw. Tore 1.59:1.20 (Tore+xG 50/50), O2.5 53 %",
2026-09-28T19:31:04+00:00,2bundesliga,401885096,VfL Bochum – Arminia Bielefeld,2026-10-11T11:30+00:00,away,0.2816,0.3295,0.3056,3.2725,False,soccer,"erw. Tore 1.59:1.20 (Tore+xG 50/50), O2.5 53 %",
2026-09-28T19:31:04+00:00,austria,401881776,Grazer AK – RB Salzburg,2026-10-10T15:00+00:00,home,0.2001,0.1472,0.1736,5.7590,True,soccer,"erw. Tore 1.08:1.96 (nur Tore (keine xG-Quelle für AT)), O2.5 59 %",
2026-09-28T19:31:04+00:00,austria,401881776,Grazer AK – RB Salzburg,2026-10-10T15:00+00:00,draw,0.2269,0.1794,0.2031,4.9228,True,soccer,"erw. Tore 1.08:1.96 (nur Tore (keine xG-Quelle für AT)), O2.5 59 %",
2026-09-28T19:31:04+00:00,austria,401881776,Grazer AK – RB Salzburg,2026-10-10T15:00+00:00,away,0.5731,0.6734,0.6232,1.6046,True,soccer,"erw. Tore 1.08:1.96 (nur Tore (keine xG-Quelle für AT)), O2.5 59 %",
2026-09-28T19:31:04+00:00,austria,401881774,WSG Swarovski Tirol – SV Josko Ried,2026-10-10T15:00+00:00,home,0.3821,0.3565,0.3693,2.7076,True,soccer,"erw. Tore 1.42:1.35 (nur Tore (keine xG-Quelle für AT)), O2.5 52 %",
2026-09-28T19:31:04+00:00,austria,401881774,WSG Swarovski Tirol – SV Josko Ried,2026-10-10T15:00+00:00,draw,0.2666,0.2548,0.2607,3.8364,True,soccer,"erw. Tore 1.42:1.35 (nur Tore (keine xG-Quelle für AT)), O2.5 52 %",
2026-09-28T19:31:04+00:00,austria,401881774,WSG Swarovski Tirol – SV Josko Ried,2026-10-10T15:00+00:00,away,0.3513,0.3887,0.3700,2.7026,True,soccer,"erw. Tore 1.42:1.35 (nur Tore (keine xG-Quelle für AT)), O2.5 52 %",
2026-09-28T19:31:04+00:00,austria,401881777,Austria Vienna – SK Sturm Graz,2026-10-10T17:30+00:00,home,0.3049,0.2999,0.3024,3.3066,True,soccer,"erw. Tore 1.14:1.37 (nur Tore (keine xG-Quelle für AT)), O2.5 46 %",
2026-09-28T19:31:04+00:00,austria,401881777,Austria Vienna – SK Sturm Graz,2026-10-10T17:30+00:00,draw,0.2796,0.2626,0.2711,3.6888,True,soccer,"erw. Tore 1.14:1.37 (nur Tore (keine xG-Quelle für AT)), O2.5 46 %",
2026-09-28T19:31:04+00:00,austria,401881777,Austria Vienna – SK Sturm Graz,2026-10-10T17:30+00:00,away,0.4154,0.4375,0.4265,2.3448,True,soccer,"erw. Tore 1.14:1.37 (nur Tore (keine xG-Quelle für AT)), O2.5 46 %",
2026-09-28T19:31:04+00:00,austria,401881775,SC Rheindorf Altach – Wolfsberger,2026-10-11T12:30+00:00,home,0.4028,0.4870,0.4449,2.2477,True,soccer,"erw. Tore 1.24:1.03 (nur Tore (keine xG-Quelle für AT)), O2.5 39 %",
2026-09-28T19:31:04+00:00,austria,401881775,SC Rheindorf Altach – Wolfsberger,2026-10-11T12:30+00:00,draw,0.2976,0.2449,0.2712,3.6866,True,soccer,"erw. Tore 1.24:1.03 (nur Tore (keine xG-Quelle für AT)), O2.5 39 %",
2026-09-28T19:31:04+00:00,austria,401881775,SC Rheindorf Altach – Wolfsberger,2026-10-11T12:30+00:00,away,0.2996,0.2682,0.2839,3.5229,True,soccer,"erw. Tore 1.24:1.03 (nur Tore (keine xG-Quelle für AT)), O2.5 39 %",
2026-09-28T19:31:04+00:00,austria,401881778,TSV Hartberg – Austria Lustenau,2026-10-11T12:30+00:00,home,0.5658,0.4590,0.5124,1.9516,True,soccer,"erw. Tore 1.83:0.99 (nur Tore (keine xG-Quelle für AT)), O2.5 53 %",
2026-09-28T19:31:04+00:00,austria,401881778,TSV Hartberg – Austria Lustenau,2026-10-11T12:30+00:00,draw,0.2384,0.2530,0.2457,4.0704,True,soccer,"erw. Tore 1.83:0.99 (nur Tore (keine xG-Quelle für AT)), O2.5 53 %",
2026-09-28T19:31:04+00:00,austria,401881778,TSV Hartberg – Austria Lustenau,2026-10-11T12:30+00:00,away,0.1958,0.2880,0.2419,4.1334,True,soccer,"erw. Tore 1.83:0.99 (nur Tore (keine xG-Quelle für AT)), O2.5 53 %",
2026-09-28T19:31:04+00:00,austria,401881779,LASK Linz – Rapid Vienna,2026-10-11T15:00+00:00,home,0.5595,0.5399,0.5497,1.8192,True,soccer,"erw. Tore 2.15:1.32 (nur Tore (keine xG-Quelle für AT)), O2.5 67 %",
2026-09-28T19:31:04+00:00,austria,401881779,LASK Linz – Rapid Vienna,2026-10-11T15:00+00:00,draw,0.2147,0.2237,0.2192,4.5627,True,soccer,"erw. Tore 2.15:1.32 (nur Tore (keine xG-Quelle für AT)), O2.5 67 %",
2026-09-28T19:31:04+00:00,austria,401881779,LASK Linz – Rapid Vienna,2026-10-11T15:00+00:00,away,0.2258,0.2364,0.2311,4.3266,True,soccer,"erw. Tore 2.15:1.32 (nur Tore (keine xG-Quelle für AT)), O2.5 67 %",
2026-09-28T19:31:04+00:00,nfl,401872963,Chicago Bears – Philadelphia Eagles,2026-09-29T00:15+00:00,home,0.5933,0.3607,0.4189,2.3875,False,nfl,"erw. Punkte 24.8:21.7 (Marge +3.1, Total 46.5)",
2026-09-28T19:31:04+00:00,nfl,401872963,Chicago Bears – Philadelphia Eagles,2026-09-29T00:15+00:00,away,0.4067,0.6393,0.5811,1.7207,False,nfl,"erw. Punkte 24.8:21.7 (Marge +3.1, Total 46.5)",
2026-09-28T19:31:04+00:00,nfl,401872964,Cleveland Browns – Pittsburgh Steelers,2026-10-02T00:15+00:00,home,0.4880,0.4117,0.4308,2.3215,False,nfl,"erw. Punkte 19.3:19.7 (Marge -0.4, Total 39.0)",
2026-09-28T19:31:04+00:00,nfl,401872964,Cleveland Browns – Pittsburgh Steelers,2026-10-02T00:15+00:00,away,0.5120,0.5883,0.5692,1.7567,False,nfl,"erw. Punkte 19.3:19.7 (Marge -0.4, Total 39.0)",
2026-09-28T19:31:04+00:00,nfl,401872965,Washington Commanders – Indianapolis Colts,2026-10-04T13:30+00:00,home,0.4403,0.3760,0.3921,2.5504,False,nfl,"erw. Punkte 26.5:28.5 (Marge -2.0, Total 55.0)",
2026-09-28T19:31:04+00:00,nfl,401872965,Washington Commanders – Indianapolis Colts,2026-10-04T13:30+00:00,away,0.5597,0.6240,0.6079,1.6450,False,nfl,"erw. Punkte 26.5:28.5 (Marge -2.0, Total 55.0)",
2026-09-28T19:31:04+00:00,nfl,401872971,Buffalo Bills – New England Patriots,2026-10-04T17:00+00:00,home,0.5724,0.7402,0.6983,1.4321,False,nfl,"erw. Punkte 24.9:22.4 (Marge +2.4, Total 47.3)",
2026-09-28T19:31:04+00:00,nfl,401872971,Buffalo Bills – New England Patriots,2026-10-04T17:00+00:00,away,0.4276,0.2598,0.3017,3.3141,False,nfl,"erw. Punkte 24.9:22.4 (Marge +2.4, Total 47.3)",
2026-09-28T19:31:04+00:00,nfl,401872972,Chicago Bears – New York Jets,2026-10-04T17:00+00:00,home,0.7405,0.5768,0.6177,1.6189,False,nfl,"erw. Punkte 28.1:19.5 (Marge +8.6, Total 47.6)",
2026-09-28T19:31:04+00:00,nfl,401872972,Chicago Bears – New York Jets,2026-10-04T17:00+00:00,away,0.2595,0.4232,0.3823,2.6157,False,nfl,"erw. Punkte 28.1:19.5 (Marge +8.6, Total 47.6)",
2026-09-28T19:31:04+00:00,nfl,401872969,Cincinnati Bengals – Jacksonville Jaguars,2026-10-04T17:00+00:00,home,0.3207,0.5883,0.5214,1.9178,False,nfl,"erw. Punkte 21.5:27.7 (Marge -6.2, Total 49.3)",
2026-09-28T19:31:04+00:00,nfl,401872969,Cincinnati Bengals – Jacksonville Jaguars,2026-10-04T17:00+00:00,away,0.6793,0.4117,0.4786,2.0896,False,nfl,"erw. Punkte 21.5:27.7 (Marge -6.2, Total 49.3)",
2026-09-28T19:31:04+00:00,nfl,401872966,New York Giants – Arizona Cardinals,2026-10-04T17:00+00:00,home,0.5710,0.4884,0.5090,1.9645,False,nfl,"erw. Punkte 23.3:20.9 (Marge +2.4, Total 44.1)",
2026-09-28T19:31:04+00:00,nfl,401872966,New York Giants – Arizona Cardinals,2026-10-04T17:00+00:00,away,0.4290,0.5116,0.4910,2.0368,False,nfl,"erw. Punkte 23.3:20.9 (Marge +2.4, Total 44.1)",
2026-09-28T19:31:04+00:00,nfl,401872970,Philadelphia Eagles – Los Angeles Rams,2026-10-04T17:00+00:00,home,0.4389,0.4546,0.4507,2.2189,False,nfl,"erw. Punkte 21.2:23.3 (Marge -2.1, Total 44.5)",
2026-09-28T19:31:04+00:00,nfl,401872970,Philadelphia Eagles – Los Angeles Rams,2026-10-04T17:00+00:00,away,0.5611,0.5454,0.5493,1.8204,False,nfl,"erw. Punkte 21.2:23.3 (Marge -2.1, Total 44.5)",
2026-09-28T19:31:04+00:00,nfl,401872968,Tampa Bay Buccaneers – Green Bay Packers,2026-10-04T17:00+00:00,home,0.5689,0.3541,0.4078,2.4521,False,nfl,"erw. Punkte 25.4:23.1 (Marge +2.3, Total 48.5)",
2026-09-28T19:31:04+00:00,nfl,401872968,Tampa Bay Buccaneers – Green Bay Packers,2026-10-04T17:00+00:00,away,0.4311,0.6459,0.5922,1.6887,False,nfl,"erw. Punkte 25.4:23.1 (Marge +2.3, Total 48.5)",
2026-09-28T19:31:04+00:00,nfl,401872973,Baltimore Ravens – Tennessee Titans,2026-10-04T17:00+00:00,home,0.7517,0.8625,0.8348,1.1978,False,nfl,"erw. Punkte 27.1:18.0 (Marge +9.1, Total 45.2)",
2026-09-28T19:31:04+00:00,nfl,401872973,Baltimore Ravens – Tennessee Titans,2026-10-04T17:00+00:00,away,0.2483,0.1375,0.1652,6.0545,False,nfl,"erw. Punkte 27.1:18.0 (Marge +9.1, Total 45.2)",
2026-09-28T19:31:04+00:00,nfl,401872967,Houston Texans – Dallas Cowboys,2026-10-04T17:00+00:00,home,0.5767,0.5674,0.5697,1.7552,False,nfl,"erw. Punkte 25.8:23.2 (Marge +2.6, Total 49.0)",
2026-09-28T19:31:04+00:00,nfl,401872967,Houston Texans – Dallas Cowboys,2026-10-04T17:00+00:00,away,0.4233,0.4326,0.4303,2.3242,False,nfl,"erw. Punkte 25.8:23.2 (Marge +2.6, Total 49.0)",
2026-09-28T19:31:04+00:00,nfl,401872974,Minnesota Vikings – Miami Dolphins,2026-10-04T20:05+00:00,home,0.7881,0.8384,0.8258,1.2109,False,nfl,"erw. Punkte 24.1:13.5 (Marge +10.7, Total 37.6)",
2026-09-28T19:31:04+00:00,nfl,401872974,Minnesota Vikings – Miami Dolphins,2026-10-04T20:05+00:00,away,0.2119,0.1616,0.1742,5.7419,False,nfl,"erw. Punkte 24.1:13.5 (Marge +10.7, Total 37.6)",
2026-09-28T19:31:04+00:00,nfl,401872976,Las Vegas Raiders – Kansas City Chiefs,2026-10-04T20:25+00:00,home,0.4024,0.3256,0.3448,2.9001,False,nfl,"erw. Punkte 20.1:23.4 (Marge -3.3, Total 43.5)",
2026-09-28T19:31:04+00:00,nfl,401872976,Las Vegas Raiders – Kansas City Chiefs,2026-10-04T20:25+00:00,away,0.5976,0.6744,0.6552,1.5263,False,nfl,"erw. Punkte 20.1:23.4 (Marge -3.3, Total 43.5)",
2026-09-28T19:31:04+00:00,nfl,401872975,San Francisco 49ers – Denver Broncos,2026-10-04T20:25+00:00,home,0.6235,0.5993,0.6053,1.6520,False,nfl,"erw. Punkte 25.0:20.8 (Marge +4.2, Total 45.8)",
2026-09-28T19:31:04+00:00,nfl,401872975,San Francisco 49ers – Denver Broncos,2026-10-04T20:25+00:00,away,0.3765,0.4007,0.3947,2.5338,False,nfl,"erw. Punkte 25.0:20.8 (Marge +4.2, Total 45.8)",
2026-09-28T19:31:04+00:00,nfl,401872977,Seattle Seahawks – Los Angeles Chargers,2026-10-04T20:25+00:00,home,0.8138,0.7402,0.7586,1.3182,False,nfl,"erw. Punkte 25.9:14.0 (Marge +11.9, Total 39.9)",
2026-09-28T19:31:04+00:00,nfl,401872977,Seattle Seahawks – Los Angeles Chargers,2026-10-04T20:25+00:00,away,0.1862,0.2598,0.2414,4.1427,False,nfl,"erw. Punkte 25.9:14.0 (Marge +11.9, Total 39.9)",
2026-09-28T19:31:04+00:00,nfl,401872978,Carolina Panthers – Detroit Lions,2026-10-05T00:20+00:00,home,0.4984,0.3696,0.4018,2.4887,False,nfl,"erw. Punkte 27.7:27.8 (Marge -0.1, Total 55.5)",
2026-09-28T19:31:04+00:00,nfl,401872978,Carolina Panthers – Detroit Lions,2026-10-05T00:20+00:00,away,0.5016,0.6304,0.5982,1.6717,False,nfl,"erw. Punkte 27.7:27.8 (Marge -0.1, Total 55.5)",
2026-09-28T19:31:04+00:00,nfl,401872979,New Orleans Saints – Atlanta Falcons,2026-10-06T00:15+00:00,home,0.5917,0.5883,0.5892,1.6973,False,nfl,"erw. Punkte 23.3:20.2 (Marge +3.1, Total 43.5)",
2026-09-28T19:31:04+00:00,nfl,401872979,New Orleans Saints – Atlanta Falcons,2026-10-06T00:15+00:00,away,0.4083,0.4117,0.4108,2.4340,False,nfl,"erw. Punkte 23.3:20.2 (Marge +3.1, Total 43.5)",
2026-09-28T19:31:04+00:00,nhl,401891773,Carolina Hurricanes – Florida Panthers,2026-09-29T21:00+00:00,home,0.6765,0.5346,0.5701,1.7542,True,nhl,"erw. Tore 3.89:2.77, 60-Min-Remis 14 % (OT-Aufteilung geschätzt)",
2026-09-28T19:31:04+00:00,nhl,401891773,Carolina Hurricanes – Florida Panthers,2026-09-29T21:00+00:00,away,0.3235,0.4654,0.4299,2.3259,True,nhl,"erw. Tore 3.89:2.77, 60-Min-Remis 14 % (OT-Aufteilung geschätzt)",
2026-09-28T19:31:04+00:00,nhl,401891827,Toronto Maple Leafs – Montreal Canadiens,2026-09-29T23:00+00:00,home,0.3796,0.5186,0.4838,2.0669,True,nhl,"erw. Tore 3.07:3.83, 60-Min-Remis 15 % (OT-Aufteilung geschätzt)",
2026-09-28T19:31:04+00:00,nhl,401891827,Toronto Maple Leafs – Montreal Canadiens,2026-09-29T23:00+00:00,away,0.6204,0.4814,0.5162,1.9373,True,nhl,"erw. Tore 3.07:3.83, 60-Min-Remis 15 % (OT-Aufteilung geschätzt)",
2026-09-28T19:31:04+00:00,nhl,401891774,Boston Bruins – New York Rangers,2026-09-30T00:00+00:00,home,0.5884,0.5116,0.5308,1.8839,True,nhl,"erw. Tore 3.28:2.76, 60-Min-Remis 16 % (OT-Aufteilung geschätzt)",
2026-09-28T19:31:04+00:00,nhl,401891774,Boston Bruins – New York Rangers,2026-09-30T00:00+00:00,away,0.4116,0.4884,0.4692,2.1313,True,nhl,"erw. Tore 3.28:2.76, 60-Min-Remis 16 % (OT-Aufteilung geschätzt)",
2026-09-28T19:31:04+00:00,nhl,401891804,Edmonton Oilers – Vancouver Canucks,2026-09-30T02:00+00:00,home,0.7451,0.7186,0.7252,1.3789,True,nhl,"erw. Tore 4.31:2.66, 60-Min-Remis 13 % (OT-Aufteilung geschätzt)",
2026-09-28T19:31:04+00:00,nhl,401891804,Edmonton Oilers – Vancouver Canucks,2026-09-30T02:00+00:00,away,0.2549,0.2814,0.2748,3.6390,True,nhl,"erw. Tore 4.31:2.66, 60-Min-Remis 13 % (OT-Aufteilung geschätzt)",
2026-09-28T19:31:04+00:00,nhl,401891775,Vegas Golden Knights – Chicago Blackhawks,2026-09-30T02:30+00:00,home,0.6792,0.7034,0.6973,1.4340,True,nhl,"erw. Tore 3.49:2.43, 60-Min-Remis 15 % (OT-Aufteilung geschätzt)",
2026-09-28T19:31:04+00:00,nhl,401891775,Vegas Golden Knights – Chicago Blackhawks,2026-09-30T02:30+00:00,away,0.3208,0.2966,0.3027,3.3040,True,nhl,"erw. Tore 3.49:2.43, 60-Min-Remis 15 % (OT-Aufteilung geschätzt)",
2026-09-28T19:31:04+00:00,nhl,401891821,Philadelphia Flyers – Pittsburgh Penguins,2026-09-30T23:30+00:00,home,0.4749,0.5547,0.5347,1.8701,True,nhl,"erw. Tore 3.12:3.27, 60-Min-Remis 16 % (OT-Aufteilung geschätzt)",
2026-09-28T19:31:04+00:00,nhl,401891821,Philadelphia Flyers – Pittsburgh Penguins,2026-09-30T23:30+00:00,away,0.5251,0.4453,0.4653,2.1493,True,nhl,"erw. Tore 3.12:3.27, 60-Min-Remis 16 % (OT-Aufteilung geschätzt)",
2026-09-28T19:31:04+00:00,nhl,401892431,Toronto Maple Leafs – New York Islanders,2026-09-30T23:30+00:00,home,0.4627,0.5346,0.5166,1.9357,True,nhl,"erw. Tore 2.94:3.16, 60-Min-Remis 16 % (OT-Aufteilung geschätzt)",
2026-09-28T19:31:04+00:00,nhl,401892431,Toronto Maple Leafs – New York Islanders,2026-09-30T23:30+00:00,away,0.5373,0.4654,0.4834,2.0687,True,nhl,"erw. Tore 2.94:3.16, 60-Min-Remis 16 % (OT-Aufteilung geschätzt)",
2026-09-28T19:31:04+00:00,nhl,401891780,Colorado Avalanche – Los Angeles Kings,2026-10-01T02:00+00:00,home,0.7272,0.6240,0.6498,1.5389,True,nhl,"erw. Tore 3.46:2.12, 60-Min-Remis 15 % (OT-Aufteilung geschätzt)",
2026-09-28T19:31:04+00:00,nhl,401891780,Colorado Avalanche – Los Angeles Kings,2026-10-01T02:00+00:00,away,0.2728,0.3760,0.3502,2.8555,True,nhl,"erw. Tore 3.46:2.12, 60-Min-Remis 15 % (OT-Aufteilung geschätzt)",
2026-09-28T19:31:04+00:00,nhl,401891781,Columbus Blue Jackets – Buffalo Sabres,2026-10-01T23:00+00:00,home,0.4305,0.5116,0.4913,2.0353,True,nhl,"erw. Tore 2.89:3.30, 60-Min-Remis 16 % (OT-Aufteilung geschätzt)",
2026-09-28T19:31:04+00:00,nhl,401891781,Columbus Blue Jackets – Buffalo Sabres,2026-10-01T23:00+00:00,away,0.5695,0.4884,0.5087,1.9659,True,nhl,"erw. Tore 2.89:3.30, 60-Min-Remis 16 % (OT-Aufteilung geschätzt)",
2026-09-28T19:31:04+00:00,nhl,401891817,New Jersey Devils – Philadelphia Flyers,2026-10-01T23:00+00:00,home,0.4660,0.5674,0.5421,1.8448,True,nhl,"erw. Tore 2.68:2.87, 60-Min-Remis 17 % (OT-Aufteilung geschätzt)",
2026-09-28T19:31:04+00:00,nhl,401891817,New Jersey Devils – Philadelphia Flyers,2026-10-01T23:00+00:00,away,0.5340,0.4326,0.4579,2.1838,True,nhl,"erw. Tore 2.68:2.87, 60-Min-Remis 17 % (OT-Aufteilung geschätzt)",
2026-09-28T19:31:04+00:00,nhl,401891819,New York Rangers – Tampa Bay Lightning,2026-10-01T23:00+00:00,home,0.4005,0.4326,0.4245,2.3555,True,nhl,"erw. Tore 2.74:3.33, 60-Min-Remis 16 % (OT-Aufteilung geschätzt)",
2026-09-28T19:31:04+00:00,nhl,401891819,New York Rangers – Tampa Bay Lightning,2026-10-01T23:00+00:00,away,0.5995,0.5674,0.5755,1.7377,True,nhl,"erw. Tore 2.74:3.33, 60-Min-Remis 16 % (OT-Aufteilung geschätzt)",
2026-09-28T19:31:04+00:00,nhl,401891816,Nashville Predators – Minnesota Wild,2026-10-02T00:00+00:00,home,0.4205,0.4232,0.4226,2.3665,True,nhl,"erw. Tore 2.87:3.34, 60-Min-Remis 16 % (OT-Aufteilung geschätzt)",
2026-09-28T19:31:04+00:00,nhl,401891816,Nashville Predators – Minnesota Wild,2026-10-02T00:00+00:00,away,0.5795,0.5768,0.5774,1.7318,True,nhl,"erw. Tore 2.87:3.34, 60-Min-Remis 16 % (OT-Aufteilung geschätzt)",
2026-09-28T19:31:04+00:00,nhl,401891777,Calgary Flames – Seattle Kraken,2026-10-02T01:00+00:00,home,0.4992,0.5116,0.5085,1.9666,True,nhl,"erw. Tore 2.70:2.71, 60-Min-Remis 18 % (OT-Aufteilung geschätzt)",
2026-09-28T19:31:04+00:00,nhl,401891777,Calgary Flames – Seattle Kraken,2026-10-02T01:00+00:00,away,0.5008,0.4884,0.4915,2.0346,True,nhl,"erw. Tore 2.70:2.71, 60-Min-Remis 18 % (OT-Aufteilung geschätzt)",
2026-09-28T19:31:04+00:00,nhl,401891828,Utah Mammoth – Chicago Blackhawks,2026-10-02T01:30+00:00,home,0.6914,0.6393,0.6523,1.5330,True,nhl,"erw. Tore 3.59:2.43, 60-Min-Remis 15 % (OT-Aufteilung geschätzt)",
2026-09-28T19:31:04+00:00,nhl,401891828,Utah Mammoth – Chicago Blackhawks,2026-10-02T01:30+00:00,away,0.3086,0.3607,0.3477,2.8762,True,nhl,"erw. Tore 3.59:2.43, 60-Min-Remis 15 % (OT-Aufteilung geschätzt)",
2026-09-28T19:31:04+00:00,nhl,401891823,San Jose Sharks – Florida Panthers,2026-10-02T02:00+00:00,home,0.4864,0.4453,0.4556,2.1950,True,nhl,"erw. Tore 3.31:3.40, 60-Min-Remis 16 % (OT-Aufteilung geschätzt)",
2026-09-28T19:31:04+00:00,nhl,401891823,San Jose Sharks – Florida Panthers,2026-10-02T02:00+00:00,away,0.5136,0.5547,0.5444,1.8368,True,nhl,"erw. Tore 3.31:3.40, 60-Min-Remis 16 % (OT-Aufteilung geschätzt)",
2026-09-28T19:31:04+00:00,nhl,401891829,Vancouver Canucks – Edmonton Oilers,2026-10-02T02:00+00:00,home,0.2960,0.3541,0.3396,2.9446,True,nhl,"erw. Tore 2.79:4.12, 60-Min-Remis 14 % (OT-Aufteilung geschätzt)",
2026-09-28T19:31:04+00:00,nhl,401891829,Vancouver Canucks – Edmonton Oilers,2026-10-02T02:00+00:00,away,0.7040,0.6459,0.6604,1.5142,True,nhl,"erw. Tore 2.79:4.12, 60-Min-Remis 14 % (OT-Aufteilung geschätzt)",
2026-09-28T19:31:04+00:00,nhl,401891803,Detroit Red Wings – New York Rangers,2026-10-02T22:30+00:00,home,0.5141,0.5674,0.5541,1.8047,True,nhl,"erw. Tore 2.93:2.85, 60-Min-Remis 17 % (OT-Aufteilung geschätzt)",
2026-09-28T19:31:04+00:00,nhl,401891803,Detroit Red Wings – New York Rangers,2026-10-02T22:30+00:00,away,0.4859,0.4326,0.4459,2.2427,True,nhl,"erw. Tore 2.93:2.85, 60-Min-Remis 17 % (OT-Aufteilung geschätzt)",
2026-09-28T19:31:04+00:00,nhl,401892432,Carolina Hurricanes – Washington Capitals,2026-10-02T23:00+00:00,home,0.5852,0.5303,0.5440,1.8381,True,nhl,"erw. Tore 3.44:2.93, 60-Min-Remis 16 % (OT-Aufteilung geschätzt)",
2026-09-28T19:31:04+00:00,nhl,401892432,Carolina Hurricanes – Washington Capitals,2026-10-02T23:00+00:00,away,0.4148,0.4697,0.4560,2.1931,True,nhl,"erw. Tore 3.44:2.93, 60-Min-Remis 16 % (OT-Aufteilung geschätzt)",
2026-09-28T19:31:04+00:00,nhl,401891831,Winnipeg Jets – Boston Bruins,2026-10-03T00:00+00:00,home,0.4146,0.4884,0.4699,2.1279,True,nhl,"erw. Tore 2.75:3.25, 60-Min-Remis 16 % (OT-Aufteilung geschätzt)",
2026-09-28T19:31:04+00:00,nhl,401891831,Winnipeg Jets – Boston Bruins,2026-10-03T00:00+00:00,away,0.5854,0.5116,0.5301,1.8866,True,nhl,"erw. Tore 2.75:3.25, 60-Min-Remis 16 % (OT-Aufteilung geschätzt)",
2026-09-28T19:31:04+00:00,nhl,401891782,Dallas Stars – St. Louis Blues,2026-10-03T01:00+00:00,home,0.6483,0.6540,0.6526,1.5323,True,nhl,"erw. Tore 3.35:2.48, 60-Min-Remis 16 % (OT-Aufteilung geschätzt)",
2026-09-28T19:31:04+00:00,nhl,401891782,Dallas Stars – St. Louis Blues,2026-10-03T01:00+00:00,away,0.3517,0.3460,0.3474,2.8786,True,nhl,"erw. Tore 3.35:2.48, 60-Min-Remis 16 % (OT-Aufteilung geschätzt)",
2026-09-28T19:31:04+00:00,nhl,401892433,Vegas Golden Knights – Anaheim Ducks,2026-10-03T02:00+00:00,home,0.6154,0.4975,0.5270,1.8976,True,nhl,"erw. Tore 3.74:3.02, 60-Min-Remis 15 % (OT-Aufteilung geschätzt)",
2026-09-28T19:31:04+00:00,nhl,401892433,Vegas Golden Knights – Anaheim Ducks,2026-10-03T02:00+00:00,away,0.3846,0.5025,0.4730,2.1141,True,nhl,"erw. Tore 3.74:3.02, 60-Min-Remis 15 % (OT-Aufteilung geschätzt)",
2026-09-28T19:31:04+00:00,nhl,401891776,Buffalo Sabres – Chicago Blackhawks,2026-10-03T23:00+00:00,home,0.7302,0.6677,0.6833,1.4635,True,nhl,"erw. Tore 3.79:2.36, 60-Min-Remis 14 % (OT-Aufteilung geschätzt)",
2026-09-28T19:31:04+00:00,nhl,401891776,Buffalo Sabres – Chicago Blackhawks,2026-10-03T23:00+00:00,away,0.2698,0.3323,0.3167,3.1576,True,nhl,"erw. Tore 3.79:2.36, 60-Min-Remis 14 % (OT-Aufteilung geschätzt)",
2026-09-28T19:31:04+00:00,nhl,401891822,Pittsburgh Penguins – Montreal Canadiens,2026-10-03T23:00+00:00,home,0.5244,0.5000,0.5061,1.9759,True,nhl,"erw. Tore 3.57:3.41, 60-Min-Remis 15 % (OT-Aufteilung geschätzt)",
2026-09-28T19:31:04+00:00,nhl,401891822,Pittsburgh Penguins – Montreal Canadiens,2026-10-03T23:00+00:00,away,0.4756,0.5000,0.4939,2.0247,True,nhl,"erw. Tore 3.57:3.41, 60-Min-Remis 15 % (OT-Aufteilung geschätzt)",
2026-09-28T19:31:04+00:00,nhl,401891826,Tampa Bay Lightning – Washington Capitals,2026-10-03T23:00+00:00,home,0.5857,0.5768,0.5790,1.7272,True,nhl,"erw. Tore 3.36:2.85, 60-Min-Remis 16 % (OT-Aufteilung geschätzt)",
2026-09-28T19:31:04+00:00,nhl,401891826,Tampa Bay Lightning – Washington Capitals,2026-10-03T23:00+00:00,away,0.4143,0.4232,0.4210,2.3752,True,nhl,"erw. Tore 3.36:2.85, 60-Min-Remis 16 % (OT-Aufteilung geschätzt)",
2026-09-28T19:31:04+00:00,nhl,401892434,Toronto Maple Leafs – Ottawa Senators,2026-10-03T23:00+00:00,home,0.3754,0.5124,0.4782,2.0912,True,nhl,"erw. Tore 3.00:3.78, 60-Min-Remis 15 % (OT-Aufteilung geschätzt)",
2026-09-28T19:31:04+00:00,nhl,401892434,Toronto Maple Leafs – Ottawa Senators,2026-10-03T23:00+00:00,away,0.6246,0.4876,0.5218,1.9164,True,nhl,"erw. Tore 3.00:3.78, 60-Min-Remis 15 % (OT-Aufteilung geschätzt)",
2026-09-28T19:31:04+00:00,nhl,401892435,Philadelphia Flyers – Carolina Hurricanes,2026-10-03T23:00+00:00,home,0.4305,0.5075,0.4883,2.0480,True,nhl,"erw. Tore 2.84:3.25, 60-Min-Remis 16 % (OT-Aufteilung geschätzt)",
2026-09-28T19:31:04+00:00,nhl,401892435,Philadelphia Flyers – Carolina Hurricanes,2026-10-03T23:00+00:00,away,0.5695,0.4925,0.5117,1.9542,True,nhl,"erw. Tore 2.84:3.25, 60-Min-Remis 16 % (OT-Aufteilung geschätzt)",
2026-09-28T19:31:04+00:00,nhl,401892436,Columbus Blue Jackets – Utah Mammoth,2026-10-03T23:00+00:00,home,0.4752,0.5300,0.5163,1.9368,True,nhl,"erw. Tore 2.98:3.12, 60-Min-Remis 17 % (OT-Aufteilung geschätzt)",
2026-09-28T19:31:04+00:00,nhl,401892436,Columbus Blue Jackets – Utah Mammoth,2026-10-03T23:00+00:00,away,0.5248,0.4700,0.4837,2.0674,True,nhl,"erw. Tore 2.98:3.12, 60-Min-Remis 17 % (OT-Aufteilung geschätzt)",
2026-09-28T19:31:04+00:00,nhl,401892437,Edmonton Oilers – Seattle Kraken,2026-10-03T23:00+00:00,home,0.6254,0.5600,0.5764,1.7351,True,nhl,"erw. Tore 3.58:2.81, 60-Min-Remis 15 % (OT-Aufteilung geschätzt)",
2026-09-28T19:31:04+00:00,nhl,401892437,Edmonton Oilers – Seattle Kraken,2026-10-03T23:00+00:00,away,0.3746,0.4400,0.4236,2.3604,True,nhl,"erw. Tore 3.58:2.81, 60-Min-Remis 15 % (OT-Aufteilung geschätzt)",
2026-09-28T19:31:04+00:00,nhl,401891818,New York Islanders – New Jersey Devils,2026-10-03T23:30+00:00,home,0.5500,0.5186,0.5264,1.8996,True,nhl,"erw. Tore 2.84:2.57, 60-Min-Remis 18 % (OT-Aufteilung geschätzt)",
2026-09-28T19:31:04+00:00,nhl,401891818,New York Islanders – New Jersey Devils,2026-10-03T23:30+00:00,away,0.4500,0.4814,0.4736,2.1116,True,nhl,"erw. Tore 2.84:2.57, 60-Min-Remis 18 % (OT-Aufteilung geschätzt)",
2026-09-28T19:31:04+00:00,nhl,401891814,Minnesota Wild – Boston Bruins,2026-10-04T00:00+00:00,home,0.5340,0.6166,0.5959,1.6780,True,nhl,"erw. Tore 3.21:3.01, 60-Min-Remis 16 % (OT-Aufteilung geschätzt)",
2026-09-28T19:31:04+00:00,nhl,401891814,Minnesota Wild – Boston Bruins,2026-10-04T00:00+00:00,away,0.4660,0.3834,0.4041,2.4748,True,nhl,"erw. Tore 3.21:3.01, 60-Min-Remis 16 % (OT-Aufteilung geschätzt)",
2026-09-28T19:31:04+00:00,nhl,401892438,Nashville Predators – Dallas Stars,2026-10-04T00:00+00:00,home,0.3863,0.5075,0.4772,2.0954,True,nhl,"erw. Tore 2.71:3.39, 60-Min-Remis 16 % (OT-Aufteilung geschätzt)",
2026-09-28T19:31:04+00:00,nhl,401892438,Nashville Predators – Dallas Stars,2026-10-04T00:00+00:00,away,0.6137,0.4925,0.5228,1.9129,True,nhl,"erw. Tore 2.71:3.39, 60-Min-Remis 16 % (OT-Aufteilung geschätzt)",
2026-09-28T19:31:04+00:00,nhl,401892439,Colorado Avalanche – St. Louis Blues,2026-10-04T01:00+00:00,home,0.7225,0.6327,0.6551,1.5265,True,nhl,"erw. Tore 3.58:2.24, 60-Min-Remis 15 % (OT-Aufteilung geschätzt)",
2026-09-28T19:31:04+00:00,nhl,401892439,Colorado Avalanche – St. Louis Blues,2026-10-04T01:00+00:00,away,0.2775,0.3673,0.3449,2.8994,True,nhl,"erw. Tore 3.58:2.24, 60-Min-Remis 15 % (OT-Aufteilung geschätzt)",
2026-09-28T19:31:04+00:00,nhl,401892440,Vancouver Canucks – Calgary Flames,2026-10-04T02:00+00:00,home,0.4245,0.4949,0.4773,2.0949,True,nhl,"erw. Tore 2.68:3.12, 60-Min-Remis 17 % (OT-Aufteilung geschätzt)",
2026-09-28T19:31:04+00:00,nhl,401892440,Vancouver Canucks – Calgary Flames,2026-10-04T02:00+00:00,away,0.5755,0.5051,0.5227,1.9133,True,nhl,"erw. Tore 2.68:3.12, 60-Min-Remis 17 % (OT-Aufteilung geschätzt)",
2026-09-28T19:31:04+00:00,nhl,401892441,San Jose Sharks – Los Angeles Kings,2026-10-04T02:00+00:00,home,0.4887,0.4697,0.4744,2.1077,True,nhl,"erw. Tore 2.96:3.02, 60-Min-Remis 17 % (OT-Aufteilung geschätzt)",
2026-09-28T19:31:04+00:00,nhl,401892441,San Jose Sharks – Los Angeles Kings,2026-10-04T02:00+00:00,away,0.5113,0.5303,0.5256,1.9027,True,nhl,"erw. Tore 2.96:3.02, 60-Min-Remis 17 % (OT-Aufteilung geschätzt)",
2026-09-28T19:31:04+00:00,nhl,401892442,Detroit Red Wings – Winnipeg Jets,2026-10-04T17:00+00:00,home,0.5570,0.5250,0.5330,1.8762,True,nhl,"erw. Tore 3.04:2.72, 60-Min-Remis 17 % (OT-Aufteilung geschätzt)",
2026-09-28T19:31:04+00:00,nhl,401892442,Detroit Red Wings – Winnipeg Jets,2026-10-04T17:00+00:00,away,0.4430,0.4750,0.4670,2.1413,True,nhl,"erw. Tore 3.04:2.72, 60-Min-Remis 17 % (OT-Aufteilung geschätzt)",
2026-09-28T19:31:04+00:00,nhl,401892443,New York Rangers – Utah Mammoth,2026-10-04T22:00+00:00,home,0.4599,0.5150,0.5012,1.9951,True,nhl,"erw. Tore 2.90:3.13, 60-Min-Remis 17 % (OT-Aufteilung geschätzt)",
2026-09-28T19:31:04+00:00,nhl,401892443,New York Rangers – Utah Mammoth,2026-10-04T22:00+00:00,away,0.5401,0.4850,0.4988,2.0049,True,nhl,"erw. Tore 2.90:3.13, 60-Min-Remis 17 % (OT-Aufteilung geschätzt)",
2026-09-28T19:31:04+00:00,nhl,401891778,Anaheim Ducks – Florida Panthers,2026-10-05T00:00+00:00,home,0.5171,0.4654,0.4783,2.0905,True,nhl,"erw. Tore 3.51:3.40, 60-Min-Remis 15 % (OT-Aufteilung geschätzt)",
2026-09-28T19:31:04+00:00,nhl,401891778,Anaheim Ducks – Florida Panthers,2026-10-05T00:00+00:00,away,0.4829,0.5346,0.5217,1.9170,True,nhl,"erw. Tore 3.51:3.40, 60-Min-Remis 15 % (OT-Aufteilung geschätzt)",
2026-09-28T19:31:04+00:00,nhl,401891824,Seattle Kraken – Calgary Flames,2026-10-05T00:00+00:00,home,0.5453,0.5547,0.5523,1.8105,True,nhl,"erw. Tore 2.83:2.58, 60-Min-Remis 18 % (OT-Aufteilung geschätzt)",
2026-09-28T19:31:04+00:00,nhl,401891824,Seattle Kraken – Calgary Flames,2026-10-05T00:00+00:00,away,0.4547,0.4453,0.4477,2.2338,True,nhl,"erw. Tore 2.83:2.58, 60-Min-Remis 18 % (OT-Aufteilung geschätzt)",
2026-09-28T19:31:04+00:00,nhl,401892444,Vancouver Canucks – Vegas Golden Knights,2026-10-05T01:00+00:00,home,0.2924,0.4300,0.3956,2.5277,True,nhl,"erw. Tore 2.55:3.86, 60-Min-Remis 14 % (OT-Aufteilung geschätzt)",
2026-09-28T19:31:04+00:00,nhl,401892444,Vancouver Canucks – Vegas Golden Knights,2026-10-05T01:00+00:00,away,0.7076,0.5700,0.6044,1.6546,True,nhl,"erw. Tore 2.55:3.86, 60-Min-Remis 14 % (OT-Aufteilung geschätzt)",
2026-09-28T19:31:04+00:00,nhl,401892445,Tampa Bay Lightning – Philadelphia Flyers,2026-10-05T23:00+00:00,home,0.6153,,0.6153,1.6253,True,nhl,"erw. Tore 3.32:2.64, 60-Min-Remis 16 % (OT-Aufteilung geschätzt)",
2026-09-28T19:31:04+00:00,nhl,401892445,Tampa Bay Lightning – Philadelphia Flyers,2026-10-05T23:00+00:00,away,0.3847,,0.3847,2.5994,True,nhl,"erw. Tore 3.32:2.64, 60-Min-Remis 16 % (OT-Aufteilung geschätzt)",
2026-09-28T19:31:04+00:00,nhl,401892446,Boston Bruins – Ottawa Senators,2026-10-05T23:30+00:00,home,0.5061,,0.5061,1.9757,True,nhl,"erw. Tore 3.19:3.15, 60-Min-Remis 16 % (OT-Aufteilung geschätzt)",
2026-09-28T19:31:04+00:00,nhl,401892446,Boston Bruins – Ottawa Senators,2026-10-05T23:30+00:00,away,0.4939,,0.4939,2.0249,True,nhl,"erw. Tore 3.19:3.15, 60-Min-Remis 16 % (OT-Aufteilung geschätzt)",
2026-09-28T19:31:04+00:00,nhl,401892447,Pittsburgh Penguins – Winnipeg Jets,2026-10-05T23:30+00:00,home,0.6463,,0.6463,1.5473,True,nhl,"erw. Tore 3.72:2.81, 60-Min-Remis 15 % (OT-Aufteilung geschätzt)",
2026-09-28T19:31:04+00:00,nhl,401892447,Pittsburgh Penguins – Winnipeg Jets,2026-10-05T23:30+00:00,away,0.3537,,0.3537,2.8270,True,nhl,"erw. Tore 3.72:2.81, 60-Min-Remis 15 % (OT-Aufteilung geschätzt)",
2026-09-28T19:31:04+00:00,nhl,401892448,Dallas Stars – San Jose Sharks,2026-10-06T00:00+00:00,home,0.6977,,0.6977,1.4332,True,nhl,"erw. Tore 3.88:2.63, 60-Min-Remis 14 % (OT-Aufteilung geschätzt)",
2026-09-28T19:31:04+00:00,nhl,401892448,Dallas Stars – San Jose Sharks,2026-10-06T00:00+00:00,away,0.3023,,0.3023,3.3083,True,nhl,"erw. Tore 3.88:2.63, 60-Min-Remis 14 % (OT-Aufteilung geschätzt)",
