league,season,date,home_team,away_team,reg_home,reg_away,extra,source
del,2022/23,2022-09-16,Bremerhaven,Bietigheim,3,1,,hockeyarchives
del,2022/23,2022-09-16,Cologne,Munich,6,3,,hockeyarchives
del,2022/23,2022-09-16,Düsseldorf,Ingolstadt,3,3,OT,hockeyarchives
del,2022/23,2022-09-16,Iserlohn,Augsbourg,2,1,,hockeyarchives
del,2022/23,2022-09-16,Mannheim,Schwenningen,1,2,,hockeyarchives
del,2022/23,2022-09-16,Straubing,Nuremberg,5,2,,hockeyarchives
del,2022/23,2022-09-16,Wolfsburg,Francfort,2,5,,hockeyarchives
del,2022/23,2022-09-18,Bietigheim,Straubing,1,5,,hockeyarchives
del,2022/23,2022-09-18,Cologne,Wolfsburg,2,2,OT,hockeyarchives
del,2022/23,2022-09-18,Francfort,Bremerhaven,3,4,,hockeyarchives
del,2022/23,2022-09-18,Ingolstadt,Iserlohn,5,2,,hockeyarchives
del,2022/23,2022-09-18,Munich,Mannheim,5,2,,hockeyarchives
del,2022/23,2022-09-18,Nuremberg,Berlin,4,2,,hockeyarchives
del,2022/23,2022-09-18,Schwenningen,Düsseldorf,1,2,,hockeyarchives
del,2022/23,2022-09-23,Berlin,Wolfsburg,0,0,SO,hockeyarchives
del,2022/23,2022-09-23,Bietigheim,Ingolstadt,0,3,,hockeyarchives
del,2022/23,2022-09-23,Bremerhaven,Mannheim,3,3,OT,hockeyarchives
del,2022/23,2022-09-23,Francfort,Iserlohn,5,2,,hockeyarchives
del,2022/23,2022-09-23,Munich,Augsbourg,6,0,,hockeyarchives
del,2022/23,2022-09-23,Nuremberg,Cologne,4,2,,hockeyarchives
del,2022/23,2022-09-23,Schwenningen,Straubing,3,2,,hockeyarchives
del,2022/23,2022-09-25,Augsbourg,Düsseldorf,2,1,,hockeyarchives
del,2022/23,2022-09-25,Berlin,Francfort,4,4,OT,hockeyarchives
del,2022/23,2022-09-25,Ingolstadt,Schwenningen,4,1,,hockeyarchives
del,2022/23,2022-09-25,Iserlohn,Munich,1,4,,hockeyarchives
del,2022/23,2022-09-25,Mannheim,Bietigheim,4,2,,hockeyarchives
del,2022/23,2022-09-25,Straubing,Bremerhaven,1,4,,hockeyarchives
del,2022/23,2022-09-25,Wolfsburg,Nuremberg,4,2,,hockeyarchives
del,2022/23,2022-09-27,Bietigheim,Düsseldorf,3,3,SO,hockeyarchives
del,2022/23,2022-09-27,Bremerhaven,Iserlohn,5,3,,hockeyarchives
del,2022/23,2022-09-27,Mannheim,Straubing,2,2,SO,hockeyarchives
del,2022/23,2022-09-27,Munich,Berlin,4,1,,hockeyarchives
del,2022/23,2022-09-27,Nuremberg,Francfort,3,2,,hockeyarchives
del,2022/23,2022-09-27,Schwenningen,Cologne,3,1,,hockeyarchives
del,2022/23,2022-09-27,Wolfsburg,Augsbourg,2,1,,hockeyarchives
del,2022/23,2022-09-30,Berlin,Mannheim,2,4,,hockeyarchives
del,2022/23,2022-09-30,Bietigheim,Cologne,0,2,,hockeyarchives
del,2022/23,2022-09-30,Bremerhaven,Schwenningen,2,3,,hockeyarchives
del,2022/23,2022-09-30,Düsseldorf,Iserlohn,4,1,,hockeyarchives
del,2022/23,2022-09-30,Francfort,Munich,3,3,SO,hockeyarchives
del,2022/23,2022-09-30,Ingolstadt,Straubing,5,2,,hockeyarchives
del,2022/23,2022-09-30,Nuremberg,Augsbourg,2,4,,hockeyarchives
del,2022/23,2022-10-02,Berlin,Düsseldorf,5,2,,hockeyarchives
del,2022/23,2022-10-02,Cologne,Bremerhaven,5,0,,hockeyarchives
del,2022/23,2022-10-02,Iserlohn,Wolfsburg,2,5,,hockeyarchives
del,2022/23,2022-10-02,Mannheim,Nuremberg,6,3,,hockeyarchives
del,2022/23,2022-10-02,Munich,Ingolstadt,3,1,,hockeyarchives
del,2022/23,2022-10-02,Schwenningen,Bietigheim,2,2,SO,hockeyarchives
del,2022/23,2022-10-02,Straubing,Francfort,3,3,OT,hockeyarchives
del,2022/23,2022-10-07,Augsbourg,Mannheim,1,4,,hockeyarchives
del,2022/23,2022-10-07,Bremerhaven,Wolfsburg,2,2,OT,hockeyarchives
del,2022/23,2022-10-07,Francfort,Düsseldorf,4,3,,hockeyarchives
del,2022/23,2022-10-07,Ingolstadt,Berlin,1,3,,hockeyarchives
del,2022/23,2022-10-07,Iserlohn,Cologne,5,4,,hockeyarchives
del,2022/23,2022-10-07,Munich,Bietigheim,3,2,,hockeyarchives
del,2022/23,2022-10-07,Nuremberg,Schwenningen,5,4,,hockeyarchives
del,2022/23,2022-10-09,Berlin,Nuremberg,2,2,OT,hockeyarchives
del,2022/23,2022-10-09,Bietigheim,Augsbourg,5,3,,hockeyarchives
del,2022/23,2022-10-09,Cologne,Straubing,7,2,,hockeyarchives
del,2022/23,2022-10-09,Düsseldorf,Ingolstadt,4,2,,hockeyarchives
del,2022/23,2022-10-09,Mannheim,Bremerhaven,2,0,,hockeyarchives
del,2022/23,2022-10-09,Schwenningen,Francfort,0,1,,hockeyarchives
del,2022/23,2022-10-09,Wolfsburg,Munich,1,5,,hockeyarchives
del,2022/23,2022-10-14,Augsbourg,Iserlohn,5,4,,hockeyarchives
del,2022/23,2022-10-14,Berlin,Bietigheim,2,4,,hockeyarchives
del,2022/23,2022-10-14,Bremerhaven,Düsseldorf,4,2,,hockeyarchives
del,2022/23,2022-10-14,Ingolstadt,Cologne,1,4,,hockeyarchives
del,2022/23,2022-10-14,Munich,Nuremberg,3,3,SO,hockeyarchives
del,2022/23,2022-10-14,Schwenningen,Mannheim,2,4,,hockeyarchives
del,2022/23,2022-10-14,Straubing,Wolfsburg,5,2,,hockeyarchives
del,2022/23,2022-10-16,Augsbourg,Bremerhaven,0,4,,hockeyarchives
del,2022/23,2022-10-16,Bietigheim,Straubing,4,1,,hockeyarchives
del,2022/23,2022-10-16,Cologne,Berlin,3,7,,hockeyarchives
del,2022/23,2022-10-16,Düsseldorf,Munich,1,1,OT,hockeyarchives
del,2022/23,2022-10-16,Iserlohn,Francfort,2,2,OT,hockeyarchives
del,2022/23,2022-10-16,Mannheim,Ingolstadt,3,5,,hockeyarchives
del,2022/23,2022-10-16,Wolfsburg,Schwenningen,2,1,,hockeyarchives
del,2022/23,2022-10-18,Ingolstadt,Francfort,3,2,,hockeyarchives
del,2022/23,2022-10-18,Iserlohn,Bietigheim,7,1,,hockeyarchives
del,2022/23,2022-10-18,Mannheim,Düsseldorf,1,4,,hockeyarchives
del,2022/23,2022-10-18,Munich,Berlin,4,3,,hockeyarchives
del,2022/23,2022-10-18,Schwenningen,Bremerhaven,1,3,,hockeyarchives
del,2022/23,2022-10-18,Straubing,Augsbourg,5,2,,hockeyarchives
del,2022/23,2022-10-18,Wolfsburg,Nuremberg,5,1,,hockeyarchives
del,2022/23,2022-10-21,Augsbourg,Wolfsburg,2,3,,hockeyarchives
del,2022/23,2022-10-21,Berlin,Iserlohn,1,6,,hockeyarchives
del,2022/23,2022-10-21,Bietigheim,Düsseldorf,2,8,,hockeyarchives
del,2022/23,2022-10-21,Bremerhaven,Cologne,4,2,,hockeyarchives
del,2022/23,2022-10-21,Francfort,Nuremberg,5,3,,hockeyarchives
del,2022/23,2022-10-21,Schwenningen,Ingolstadt,0,4,,hockeyarchives
del,2022/23,2022-10-21,Straubing,Munich,3,3,SO,hockeyarchives
del,2022/23,2022-10-23,Berlin,Mannheim,2,2,SO,hockeyarchives
del,2022/23,2022-10-23,Düsseldorf,Francfort,2,4,,hockeyarchives
del,2022/23,2022-10-23,Ingolstadt,Augsbourg,1,0,,hockeyarchives
del,2022/23,2022-10-23,Iserlohn,Straubing,4,1,,hockeyarchives
del,2022/23,2022-10-23,Munich,Schwenningen,1,5,,hockeyarchives
del,2022/23,2022-10-23,Nuremberg,Bietigheim,6,3,,hockeyarchives
del,2022/23,2022-10-23,Wolfsburg,Bremerhaven,5,7,,hockeyarchives
del,2022/23,2022-10-25,Bietigheim,Augsbourg,2,2,SO,hockeyarchives
del,2022/23,2022-10-25,Bremerhaven,Munich,1,0,,hockeyarchives
del,2022/23,2022-10-25,Cologne,Wolfsburg,2,2,OT,hockeyarchives
del,2022/23,2022-10-25,Düsseldorf,Berlin,4,2,,hockeyarchives
del,2022/23,2022-10-25,Mannheim,Iserlohn,3,0,,hockeyarchives
del,2022/23,2022-10-25,Nuremberg,Ingolstadt,1,4,,hockeyarchives
del,2022/23,2022-10-25,Straubing,Schwenningen,3,1,,hockeyarchives
del,2022/23,2022-10-28,Bietigheim,Berlin,2,5,,hockeyarchives
del,2022/23,2022-10-28,Bremerhaven,Straubing,4,4,OT,hockeyarchives
del,2022/23,2022-10-28,Düsseldorf,Cologne,3,3,OT,hockeyarchives
del,2022/23,2022-10-28,Ingolstadt,Munich,3,6,,hockeyarchives
del,2022/23,2022-10-28,Iserlohn,Wolfsburg,2,1,,hockeyarchives
del,2022/23,2022-10-28,Mannheim,Francfort,5,1,,hockeyarchives
del,2022/23,2022-10-28,Schwenningen,Nuremberg,5,2,,hockeyarchives
del,2022/23,2022-10-30,Augsbourg,Cologne,2,3,,hockeyarchives
del,2022/23,2022-10-30,Bremerhaven,Nuremberg,1,3,,hockeyarchives
del,2022/23,2022-10-30,Cologne,Berlin,3,2,,hockeyarchives
del,2022/23,2022-10-30,Düsseldorf,Wolfsburg,1,1,OT,hockeyarchives
del,2022/23,2022-10-30,Francfort,Bietigheim,5,4,,hockeyarchives
del,2022/23,2022-10-30,Francfort,Schwenningen,2,2,OT,hockeyarchives
del,2022/23,2022-10-30,Ingolstadt,Bremerhaven,6,2,,hockeyarchives
del,2022/23,2022-10-30,Iserlohn,Ingolstadt,1,4,,hockeyarchives
del,2022/23,2022-10-30,Mannheim,Munich,3,2,,hockeyarchives
del,2022/23,2022-10-30,Munich,Iserlohn,5,2,,hockeyarchives
del,2022/23,2022-10-30,Nuremberg,Mannheim,3,2,,hockeyarchives
del,2022/23,2022-10-30,Straubing,Augsbourg,5,1,,hockeyarchives
del,2022/23,2022-10-30,Straubing,Düsseldorf,4,1,,hockeyarchives
del,2022/23,2022-10-30,Wolfsburg,Bietigheim,6,1,,hockeyarchives
del,2022/23,2022-11-04,Augsbourg,Schwenningen,2,4,,hockeyarchives
del,2022/23,2022-11-04,Berlin,Bremerhaven,4,3,,hockeyarchives
del,2022/23,2022-11-04,Cologne,Mannheim,1,3,,hockeyarchives
del,2022/23,2022-11-04,Ingolstadt,Bietigheim,1,1,SO,hockeyarchives
del,2022/23,2022-11-04,Munich,Straubing,2,2,OT,hockeyarchives
del,2022/23,2022-11-04,Nuremberg,Düsseldorf,4,1,,hockeyarchives
del,2022/23,2022-11-04,Wolfsburg,Francfort,1,1,SO,hockeyarchives
del,2022/23,2022-11-06,Bremerhaven,Wolfsburg,5,1,,hockeyarchives
del,2022/23,2022-11-06,Cologne,Munich,2,3,,hockeyarchives
del,2022/23,2022-11-06,Francfort,Ingolstadt,2,2,OT,hockeyarchives
del,2022/23,2022-11-06,Mannheim,Augsbourg,0,0,OT,hockeyarchives
del,2022/23,2022-11-06,Nuremberg,Iserlohn,2,3,,hockeyarchives
del,2022/23,2022-11-06,Schwenningen,Düsseldorf,1,2,,hockeyarchives
del,2022/23,2022-11-06,Straubing,Berlin,6,3,,hockeyarchives
del,2022/23,2022-11-18,Augsbourg,Bietigheim,2,1,,hockeyarchives
del,2022/23,2022-11-18,Berlin,Iserlohn,2,4,,hockeyarchives
del,2022/23,2022-11-18,Bremerhaven,Munich,1,2,,hockeyarchives
del,2022/23,2022-11-18,Cologne,Nuremberg,4,4,OT,hockeyarchives
del,2022/23,2022-11-18,Düsseldorf,Francfort,4,1,,hockeyarchives
del,2022/23,2022-11-18,Ingolstadt,Mannheim,2,5,,hockeyarchives
del,2022/23,2022-11-18,Wolfsburg,Straubing,5,1,,hockeyarchives
del,2022/23,2022-11-20,Bietigheim,Cologne,2,5,,hockeyarchives
del,2022/23,2022-11-20,Francfort,Bremerhaven,2,1,,hockeyarchives
del,2022/23,2022-11-20,Iserlohn,Schwenningen,4,1,,hockeyarchives
del,2022/23,2022-11-20,Mannheim,Berlin,3,3,SO,hockeyarchives
del,2022/23,2022-11-20,Munich,Augsbourg,3,2,,hockeyarchives
del,2022/23,2022-11-20,Nuremberg,Wolfsburg,2,5,,hockeyarchives
del,2022/23,2022-11-20,Straubing,Ingolstadt,2,1,,hockeyarchives
del,2022/23,2022-11-25,Berlin,Nuremberg,2,2,SO,hockeyarchives
del,2022/23,2022-11-25,Bietigheim,Mannheim,4,4,OT,hockeyarchives
del,2022/23,2022-11-25,Cologne,Ingolstadt,2,3,,hockeyarchives
del,2022/23,2022-11-25,Düsseldorf,Augsbourg,0,2,,hockeyarchives
del,2022/23,2022-11-25,Francfort,Straubing,3,3,SO,hockeyarchives
del,2022/23,2022-11-25,Schwenningen,Munich,2,3,,hockeyarchives
del,2022/23,2022-11-25,Wolfsburg,Iserlohn,3,2,,hockeyarchives
del,2022/23,2022-11-27,Augsbourg,Straubing,7,4,,hockeyarchives
del,2022/23,2022-11-27,Berlin,Düsseldorf,2,2,SO,hockeyarchives
del,2022/23,2022-11-27,Bremerhaven,Schwenningen,2,2,OT,hockeyarchives
del,2022/23,2022-11-27,Cologne,Iserlohn,7,1,,hockeyarchives
del,2022/23,2022-11-27,Mannheim,Wolfsburg,5,4,,hockeyarchives
del,2022/23,2022-11-27,Munich,Francfort,3,2,,hockeyarchives
del,2022/23,2022-11-27,Nuremberg,Bietigheim,4,1,,hockeyarchives
del,2022/23,2022-11-29,Augsbourg,Cologne,5,2,,hockeyarchives
del,2022/23,2022-11-29,Düsseldorf,Nuremberg,2,4,,hockeyarchives
del,2022/23,2022-11-29,Francfort,Mannheim,3,3,SO,hockeyarchives
del,2022/23,2022-11-29,Ingolstadt,Wolfsburg,2,2,SO,hockeyarchives
del,2022/23,2022-11-29,Iserlohn,Munich,0,5,,hockeyarchives
del,2022/23,2022-11-29,Schwenningen,Berlin,6,3,,hockeyarchives
del,2022/23,2022-11-29,Straubing,Bremerhaven,4,3,,hockeyarchives
del,2022/23,2022-12-02,Berlin,Straubing,1,2,,hockeyarchives
del,2022/23,2022-12-02,Bremerhaven,Ingolstadt,0,3,,hockeyarchives
del,2022/23,2022-12-02,Cologne,Francfort,3,1,,hockeyarchives
del,2022/23,2022-12-02,Iserlohn,Düsseldorf,7,4,,hockeyarchives
del,2022/23,2022-12-02,Nuremberg,Munich,1,4,,hockeyarchives
del,2022/23,2022-12-02,Schwenningen,Augsbourg,0,0,OT,hockeyarchives
del,2022/23,2022-12-02,Wolfsburg,Bietigheim,3,1,,hockeyarchives
del,2022/23,2022-12-04,Augsbourg,Nuremberg,3,1,,hockeyarchives
del,2022/23,2022-12-04,Bietigheim,Bremerhaven,1,1,OT,hockeyarchives
del,2022/23,2022-12-04,Cologne,Mannheim,4,2,,hockeyarchives
del,2022/23,2022-12-04,Düsseldorf,Schwenningen,3,3,SO,hockeyarchives
del,2022/23,2022-12-04,Francfort,Berlin,1,1,OT,hockeyarchives
del,2022/23,2022-12-04,Ingolstadt,Iserlohn,1,2,,hockeyarchives
del,2022/23,2022-12-04,Straubing,Wolfsburg,4,4,SO,hockeyarchives
del,2022/23,2022-12-09,Berlin,Bremerhaven,2,2,OT,hockeyarchives
del,2022/23,2022-12-09,Cologne,Schwenningen,1,4,,hockeyarchives
del,2022/23,2022-12-09,Düsseldorf,Straubing,1,4,,hockeyarchives
del,2022/23,2022-12-09,Francfort,Bietigheim,6,3,,hockeyarchives
del,2022/23,2022-12-09,Ingolstadt,Nuremberg,5,1,,hockeyarchives
del,2022/23,2022-12-09,Iserlohn,Augsbourg,4,3,,hockeyarchives
del,2022/23,2022-12-09,Wolfsburg,Munich,5,5,SO,hockeyarchives
del,2022/23,2022-12-11,Augsbourg,Düsseldorf,2,3,,hockeyarchives
del,2022/23,2022-12-11,Berlin,Ingolstadt,3,3,SO,hockeyarchives
del,2022/23,2022-12-11,Bremerhaven,Francfort,2,2,OT,hockeyarchives
del,2022/23,2022-12-11,Munich,Mannheim,6,2,,hockeyarchives
del,2022/23,2022-12-11,Nuremberg,Wolfsburg,1,4,,hockeyarchives
del,2022/23,2022-12-11,Schwenningen,Iserlohn,5,2,,hockeyarchives
del,2022/23,2022-12-11,Straubing,Cologne,3,2,,hockeyarchives
del,2022/23,2022-12-14,Augsbourg,Bremerhaven,4,3,,hockeyarchives
del,2022/23,2022-12-14,Düsseldorf,Bietigheim,4,1,,hockeyarchives
del,2022/23,2022-12-14,Ingolstadt,Straubing,6,3,,hockeyarchives
del,2022/23,2022-12-14,Iserlohn,Berlin,2,2,OT,hockeyarchives
del,2022/23,2022-12-14,Mannheim,Nuremberg,4,1,,hockeyarchives
del,2022/23,2022-12-14,Munich,Cologne,6,3,,hockeyarchives
del,2022/23,2022-12-14,Wolfsburg,Schwenningen,2,4,,hockeyarchives
del,2022/23,2022-12-16,Berlin,Schwenningen,2,4,,hockeyarchives
del,2022/23,2022-12-16,Cologne,Düsseldorf,2,3,,hockeyarchives
del,2022/23,2022-12-16,Francfort,Wolfsburg,4,4,SO,hockeyarchives
del,2022/23,2022-12-16,Iserlohn,Bietigheim,0,3,,hockeyarchives
del,2022/23,2022-12-16,Mannheim,Augsbourg,3,1,,hockeyarchives
del,2022/23,2022-12-16,Munich,Bremerhaven,2,4,,hockeyarchives
del,2022/23,2022-12-16,Straubing,Nuremberg,4,2,,hockeyarchives
del,2022/23,2022-12-18,Augsbourg,Berlin,2,3,,hockeyarchives
del,2022/23,2022-12-18,Bietigheim,Munich,2,5,,hockeyarchives
del,2022/23,2022-12-18,Bremerhaven,Ingolstadt,4,1,,hockeyarchives
del,2022/23,2022-12-18,Cologne,Francfort,9,0,,hockeyarchives
del,2022/23,2022-12-18,Düsseldorf,Iserlohn,4,1,,hockeyarchives
del,2022/23,2022-12-18,Schwenningen,Straubing,2,2,OT,hockeyarchives
del,2022/23,2022-12-18,Wolfsburg,Mannheim,2,3,,hockeyarchives
del,2022/23,2022-12-20,Cologne,Augsbourg,4,2,,hockeyarchives
del,2022/23,2022-12-20,Düsseldorf,Mannheim,1,0,,hockeyarchives
del,2022/23,2022-12-20,Francfort,Nuremberg,1,2,,hockeyarchives
del,2022/23,2022-12-20,Ingolstadt,Schwenningen,5,2,,hockeyarchives
del,2022/23,2022-12-20,Iserlohn,Bremerhaven,2,2,SO,hockeyarchives
del,2022/23,2022-12-20,Straubing,Bietigheim,2,1,,hockeyarchives
del,2022/23,2022-12-20,Wolfsburg,Berlin,5,0,,hockeyarchives
del,2022/23,2022-12-23,Berlin,Bietigheim,5,0,,hockeyarchives
del,2022/23,2022-12-23,Cologne,Bremerhaven,1,2,,hockeyarchives
del,2022/23,2022-12-23,Düsseldorf,Wolfsburg,0,1,,hockeyarchives
del,2022/23,2022-12-23,Francfort,Ingolstadt,1,5,,hockeyarchives
del,2022/23,2022-12-23,Mannheim,Straubing,4,2,,hockeyarchives
del,2022/23,2022-12-23,Nuremberg,Iserlohn,5,1,,hockeyarchives
del,2022/23,2022-12-23,Schwenningen,Munich,2,5,,hockeyarchives
del,2022/23,2022-12-26,Augsbourg,Munich,1,4,,hockeyarchives
del,2022/23,2022-12-26,Bietigheim,Francfort,3,6,,hockeyarchives
del,2022/23,2022-12-26,Bremerhaven,Mannheim,3,1,,hockeyarchives
del,2022/23,2022-12-26,Ingolstadt,Berlin,4,2,,hockeyarchives
del,2022/23,2022-12-26,Schwenningen,Nuremberg,4,0,,hockeyarchives
del,2022/23,2022-12-26,Straubing,Iserlohn,3,4,,hockeyarchives
del,2022/23,2022-12-26,Wolfsburg,Cologne,3,5,,hockeyarchives
del,2022/23,2022-12-28,Augsbourg,Francfort,3,6,,hockeyarchives
del,2022/23,2022-12-28,Bietigheim,Nuremberg,5,5,OT,hockeyarchives
del,2022/23,2022-12-28,Bremerhaven,Berlin,2,1,,hockeyarchives
del,2022/23,2022-12-28,Cologne,Straubing,2,1,,hockeyarchives
del,2022/23,2022-12-28,Iserlohn,Mannheim,2,2,OT,hockeyarchives
del,2022/23,2022-12-28,Munich,Düsseldorf,2,5,,hockeyarchives
del,2022/23,2022-12-28,Wolfsburg,Ingolstadt,9,1,,hockeyarchives
del,2022/23,2022-12-30,Düsseldorf,Bremerhaven,3,1,,hockeyarchives
del,2022/23,2022-12-30,Francfort,Schwenningen,5,2,,hockeyarchives
del,2022/23,2022-12-30,Ingolstadt,Augsbourg,5,1,,hockeyarchives
del,2022/23,2022-12-30,Mannheim,Bietigheim,4,1,,hockeyarchives
del,2022/23,2022-12-30,Munich,Wolfsburg,4,2,,hockeyarchives
del,2022/23,2022-12-30,Nuremberg,Cologne,4,2,,hockeyarchives
del,2022/23,2022-12-30,Straubing,Berlin,3,3,SO,hockeyarchives
del,2022/23,2023-01-02,Berlin,Munich,2,3,,hockeyarchives
del,2022/23,2023-01-02,Bremerhaven,Bietigheim,5,0,,hockeyarchives
del,2022/23,2023-01-02,Cologne,Düsseldorf,5,2,,hockeyarchives
del,2022/23,2023-01-02,Iserlohn,Francfort,5,3,,hockeyarchives
del,2022/23,2023-01-02,Nuremberg,Ingolstadt,2,2,OT,hockeyarchives
del,2022/23,2023-01-02,Schwenningen,Mannheim,1,2,,hockeyarchives
del,2022/23,2023-01-02,Wolfsburg,Augsbourg,6,6,OT,hockeyarchives
del,2022/23,2023-01-04,Augsbourg,Iserlohn,1,1,OT,hockeyarchives
del,2022/23,2023-01-04,Berlin,Cologne,3,2,,hockeyarchives
del,2022/23,2023-01-04,Bietigheim,Ingolstadt,3,3,SO,hockeyarchives
del,2022/23,2023-01-04,Düsseldorf,Straubing,2,3,,hockeyarchives
del,2022/23,2023-01-04,Mannheim,Francfort,2,2,SO,hockeyarchives
del,2022/23,2023-01-04,Nuremberg,Bremerhaven,3,2,,hockeyarchives
del,2022/23,2023-01-04,Schwenningen,Wolfsburg,3,2,SO,hockeyarchives
del,2022/23,2023-01-06,Augsbourg,Nuremberg,3,3,OT,hockeyarchives
del,2022/23,2023-01-06,Bietigheim,Schwenningen,2,1,,hockeyarchives
del,2022/23,2023-01-06,Cologne,Ingolstadt,1,4,,hockeyarchives
del,2022/23,2023-01-06,Düsseldorf,Berlin,4,2,,hockeyarchives
del,2022/23,2023-01-06,Francfort,Munich,2,3,,hockeyarchives
del,2022/23,2023-01-06,Iserlohn,Bremerhaven,5,4,,hockeyarchives
del,2022/23,2023-01-06,Straubing,Mannheim,2,3,,hockeyarchives
del,2022/23,2023-01-08,Bremerhaven,Straubing,3,4,,hockeyarchives
del,2022/23,2023-01-08,Cologne,Augsbourg,5,2,,hockeyarchives
del,2022/23,2023-01-08,Ingolstadt,Francfort,1,6,,hockeyarchives
del,2022/23,2023-01-08,Mannheim,Düsseldorf,2,2,OT,hockeyarchives
del,2022/23,2023-01-08,Munich,Bietigheim,6,1,,hockeyarchives
del,2022/23,2023-01-08,Nuremberg,Berlin,0,2,,hockeyarchives
del,2022/23,2023-01-08,Wolfsburg,Iserlohn,3,3,OT,hockeyarchives
del,2022/23,2023-01-13,Berlin,Augsbourg,3,3,OT,hockeyarchives
del,2022/23,2023-01-13,Bietigheim,Wolfsburg,0,5,,hockeyarchives
del,2022/23,2023-01-13,Ingolstadt,Düsseldorf,4,3,,hockeyarchives
del,2022/23,2023-01-13,Iserlohn,Nuremberg,3,4,,hockeyarchives
del,2022/23,2023-01-13,Mannheim,Cologne,1,1,OT,hockeyarchives
del,2022/23,2023-01-13,Munich,Schwenningen,1,2,,hockeyarchives
del,2022/23,2023-01-13,Straubing,Francfort,4,3,,hockeyarchives
del,2022/23,2023-01-15,Augsbourg,Munich,1,6,,hockeyarchives
del,2022/23,2023-01-15,Düsseldorf,Bietigheim,0,0,SO,hockeyarchives
del,2022/23,2023-01-15,Francfort,Cologne,3,5,,hockeyarchives
del,2022/23,2023-01-15,Nuremberg,Mannheim,2,0,,hockeyarchives
del,2022/23,2023-01-15,Schwenningen,Iserlohn,2,2,OT,hockeyarchives
del,2022/23,2023-01-15,Straubing,Ingolstadt,3,3,SO,hockeyarchives
del,2022/23,2023-01-15,Wolfsburg,Bremerhaven,2,3,,hockeyarchives
del,2022/23,2023-01-20,Augsbourg,Schwenningen,2,3,,hockeyarchives
del,2022/23,2023-01-20,Bietigheim,Iserlohn,2,4,,hockeyarchives
del,2022/23,2023-01-20,Düsseldorf,Cologne,3,3,,hockeyarchives
del,2022/23,2023-01-20,Francfort,Berlin,2,4,,hockeyarchives
del,2022/23,2023-01-20,Ingolstadt,Nuremberg,6,0,,hockeyarchives
del,2022/23,2023-01-20,Mannheim,Munich,5,1,,hockeyarchives
del,2022/23,2023-01-20,Wolfsburg,Straubing,4,3,,hockeyarchives
del,2022/23,2023-01-22,Berlin,Wolfsburg,6,4,,hockeyarchives
del,2022/23,2023-01-22,Bremerhaven,Augsbourg,3,3,SO,hockeyarchives
del,2022/23,2023-01-22,Cologne,Bietigheim,8,1,,hockeyarchives
del,2022/23,2023-01-22,Iserlohn,Mannheim,0,3,,hockeyarchives
del,2022/23,2023-01-22,Munich,Ingolstadt,3,2,,hockeyarchives
del,2022/23,2023-01-22,Schwenningen,Francfort,3,4,,hockeyarchives
del,2022/23,2023-01-22,Straubing,Düsseldorf,2,2,OT,hockeyarchives
del,2022/23,2023-01-24,Berlin,Straubing,4,1,,hockeyarchives
del,2022/23,2023-01-24,Cologne,Iserlohn,3,3,SO,hockeyarchives
del,2022/23,2023-01-24,Düsseldorf,Bremerhaven,2,1,,hockeyarchives
del,2022/23,2023-01-24,Francfort,Augsbourg,3,5,,hockeyarchives
del,2022/23,2023-01-24,Mannheim,Wolfsburg,4,2,,hockeyarchives
del,2022/23,2023-01-24,Munich,Nuremberg,2,4,,hockeyarchives
del,2022/23,2023-01-24,Schwenningen,Bietigheim,5,2,,hockeyarchives
del,2022/23,2023-01-27,Berlin,Cologne,3,3,OT,hockeyarchives
del,2022/23,2023-01-27,Bietigheim,Francfort,1,2,,hockeyarchives
del,2022/23,2023-01-27,Bremerhaven,Iserlohn,4,2,,hockeyarchives
del,2022/23,2023-01-27,Düsseldorf,Augsbourg,4,4,OT,hockeyarchives
del,2022/23,2023-01-27,Mannheim,Schwenningen,0,3,,hockeyarchives
del,2022/23,2023-01-27,Straubing,Munich,4,1,,hockeyarchives
del,2022/23,2023-01-27,Wolfsburg,Ingolstadt,3,2,,hockeyarchives
del,2022/23,2023-01-29,Augsbourg,Ingolstadt,0,5,,hockeyarchives
del,2022/23,2023-01-29,Bietigheim,Mannheim,4,4,SO,hockeyarchives
del,2022/23,2023-01-29,Cologne,Nuremberg,2,1,,hockeyarchives
del,2022/23,2023-01-29,Francfort,Straubing,2,5,,hockeyarchives
del,2022/23,2023-01-29,Iserlohn,Berlin,4,1,,hockeyarchives
del,2022/23,2023-01-29,Munich,Düsseldorf,4,5,,hockeyarchives
del,2022/23,2023-01-29,Schwenningen,Bremerhaven,1,1,SO,hockeyarchives
del,2022/23,2023-02-03,Augsbourg,Bietigheim,8,2,,hockeyarchives
del,2022/23,2023-02-03,Berlin,Munich,3,4,,hockeyarchives
del,2022/23,2023-02-03,Bremerhaven,Francfort,2,1,,hockeyarchives
del,2022/23,2023-02-03,Iserlohn,Düsseldorf,1,2,,hockeyarchives
del,2022/23,2023-02-03,Nuremberg,Straubing,4,1,,hockeyarchives
del,2022/23,2023-02-03,Schwenningen,Ingolstadt,3,5,,hockeyarchives
del,2022/23,2023-02-03,Wolfsburg,Cologne,2,0,,hockeyarchives
del,2022/23,2023-02-05,Berlin,Augsbourg,4,2,,hockeyarchives
del,2022/23,2023-02-05,Bietigheim,Iserlohn,6,4,,hockeyarchives
del,2022/23,2023-02-05,Cologne,Schwenningen,3,3,SO,hockeyarchives
del,2022/23,2023-02-05,Düsseldorf,Nuremberg,6,2,,hockeyarchives
del,2022/23,2023-02-05,Francfort,Wolfsburg,4,3,,hockeyarchives
del,2022/23,2023-02-05,Ingolstadt,Mannheim,1,1,OT,hockeyarchives
del,2022/23,2023-02-05,Munich,Bremerhaven,5,2,,hockeyarchives
del,2022/23,2023-02-12,Augsbourg,Wolfsburg,1,3,,hockeyarchives
del,2022/23,2023-02-12,Bietigheim,Berlin,6,2,,hockeyarchives
del,2022/23,2023-02-12,Francfort,Düsseldorf,1,1,SO,hockeyarchives
del,2022/23,2023-02-12,Iserlohn,Ingolstadt,1,1,SO,hockeyarchives
del,2022/23,2023-02-12,Munich,Cologne,2,4,,hockeyarchives
del,2022/23,2023-02-12,Nuremberg,Schwenningen,7,3,,hockeyarchives
del,2022/23,2023-02-12,Straubing,Mannheim,2,2,OT,hockeyarchives
del,2022/23,2023-02-14,Augsbourg,Francfort,1,5,,hockeyarchives
del,2022/23,2023-02-14,Bietigheim,Munich,1,5,,hockeyarchives
del,2022/23,2023-02-14,Ingolstadt,Cologne,8,3,,hockeyarchives
del,2022/23,2023-02-14,Mannheim,Iserlohn,0,3,,hockeyarchives
del,2022/23,2023-02-14,Nuremberg,Bremerhaven,4,2,,hockeyarchives
del,2022/23,2023-02-14,Schwenningen,Berlin,4,6,,hockeyarchives
del,2022/23,2023-02-14,Wolfsburg,Düsseldorf,0,2,,hockeyarchives
del,2022/23,2023-02-17,Berlin,Francfort,3,1,,hockeyarchives
del,2022/23,2023-02-17,Ingolstadt,Düsseldorf,3,1,,hockeyarchives
del,2022/23,2023-02-17,Iserlohn,Nuremberg,4,4,OT,hockeyarchives
del,2022/23,2023-02-17,Mannheim,Bremerhaven,2,2,OT,hockeyarchives
del,2022/23,2023-02-17,Munich,Wolfsburg,1,1,OT,hockeyarchives
del,2022/23,2023-02-17,Schwenningen,Augsbourg,3,0,,hockeyarchives
del,2022/23,2023-02-17,Straubing,Bietigheim,5,2,,hockeyarchives
del,2022/23,2023-02-19,Augsbourg,Ingolstadt,4,4,OT,hockeyarchives
del,2022/23,2023-02-19,Bietigheim,Schwenningen,3,5,,hockeyarchives
del,2022/23,2023-02-19,Bremerhaven,Cologne,5,2,,hockeyarchives
del,2022/23,2023-02-19,Francfort,Mannheim,3,2,,hockeyarchives
del,2022/23,2023-02-19,Iserlohn,Straubing,1,8,,hockeyarchives
del,2022/23,2023-02-19,Nuremberg,Munich,3,6,,hockeyarchives
del,2022/23,2023-02-19,Wolfsburg,Berlin,1,0,,hockeyarchives
del,2022/23,2023-02-21,Bietigheim,Wolfsburg,3,5,,hockeyarchives
del,2022/23,2023-02-21,Bremerhaven,Düsseldorf,2,2,SO,hockeyarchives
del,2022/23,2023-02-21,Francfort,Iserlohn,2,2,OT,hockeyarchives
del,2022/23,2023-02-21,Ingolstadt,Munich,1,3,,hockeyarchives
del,2022/23,2023-02-21,Mannheim,Cologne,2,5,,hockeyarchives
del,2022/23,2023-02-21,Nuremberg,Augsbourg,6,4,,hockeyarchives
del,2022/23,2023-02-21,Straubing,Schwenningen,5,1,,hockeyarchives
del,2022/23,2023-02-24,Augsbourg,Straubing,4,5,,hockeyarchives
del,2022/23,2023-02-24,Ingolstadt,Bremerhaven,6,3,,hockeyarchives
del,2022/23,2023-02-24,Iserlohn,Cologne,2,8,,hockeyarchives
del,2022/23,2023-02-24,Mannheim,Berlin,2,5,,hockeyarchives
del,2022/23,2023-02-24,Munich,Francfort,4,0,,hockeyarchives
del,2022/23,2023-02-24,Nuremberg,Düsseldorf,2,2,OT,hockeyarchives
del,2022/23,2023-02-24,Schwenningen,Wolfsburg,0,2,,hockeyarchives
del,2022/23,2023-02-26,Berlin,Ingolstadt,5,1,,hockeyarchives
del,2022/23,2023-02-26,Bietigheim,Nuremberg,5,2,,hockeyarchives
del,2022/23,2023-02-26,Bremerhaven,Augsbourg,1,1,SO,hockeyarchives
del,2022/23,2023-02-26,Düsseldorf,Munich,1,2,,hockeyarchives
del,2022/23,2023-02-26,Iserlohn,Schwenningen,3,2,,hockeyarchives
del,2022/23,2023-02-26,Straubing,Cologne,3,3,OT,hockeyarchives
del,2022/23,2023-02-26,Wolfsburg,Mannheim,2,2,OT,hockeyarchives
del,2022/23,2023-02-28,Augsbourg,Mannheim,4,4,OT,hockeyarchives
del,2022/23,2023-02-28,Bremerhaven,Berlin,2,2,SO,hockeyarchives
del,2022/23,2023-02-28,Düsseldorf,Schwenningen,2,2,SO,hockeyarchives
del,2022/23,2023-02-28,Francfort,Cologne,1,5,,hockeyarchives
del,2022/23,2023-02-28,Ingolstadt,Bietigheim,3,2,,hockeyarchives
del,2022/23,2023-02-28,Munich,Iserlohn,8,3,,hockeyarchives
del,2022/23,2023-02-28,Nuremberg,Straubing,7,4,,hockeyarchives
del,2022/23,2023-03-03,Augsbourg,Berlin,3,4,,hockeyarchives
del,2022/23,2023-03-03,Bietigheim,Bremerhaven,2,4,,hockeyarchives
del,2022/23,2023-03-03,Mannheim,Ingolstadt,6,3,,hockeyarchives
del,2022/23,2023-03-03,Munich,Straubing,4,4,SO,hockeyarchives
del,2022/23,2023-03-03,Nuremberg,Francfort,1,6,,hockeyarchives
del,2022/23,2023-03-03,Schwenningen,Cologne,2,2,OT,hockeyarchives
del,2022/23,2023-03-03,Wolfsburg,Düsseldorf,3,2,,hockeyarchives
del,2022/23,2023-03-05,Berlin,Schwenningen,3,3,SO,hockeyarchives
del,2022/23,2023-03-05,Bremerhaven,Nuremberg,2,2,SO,hockeyarchives
del,2022/23,2023-03-05,Cologne,Bietigheim,8,2,,hockeyarchives
del,2022/23,2023-03-05,Düsseldorf,Mannheim,0,4,,hockeyarchives
del,2022/23,2023-03-05,Francfort,Augsbourg,3,3,OT,hockeyarchives
del,2022/23,2023-03-05,Ingolstadt,Wolfsburg,4,1,,hockeyarchives
del,2022/23,2023-03-05,Straubing,Iserlohn,5,1,,hockeyarchives
del,2023/24,2023-09-15,Berlin,Ingolstadt,1,1,SO,hockeyarchives
del,2023/24,2023-09-15,Cologne,Nuremberg,5,1,,hockeyarchives
del,2023/24,2023-09-15,Francfort,Iserlohn,2,3,,hockeyarchives
del,2023/24,2023-09-15,Munich,Düsseldorf,4,2,,hockeyarchives
del,2023/24,2023-09-15,Schwenningen,Mannheim,1,1,SO,hockeyarchives
del,2023/24,2023-09-15,Straubing,Bremerhaven,3,3,OT,hockeyarchives
del,2023/24,2023-09-15,Wolfsburg,Augsbourg,4,3,,hockeyarchives
del,2023/24,2023-09-17,Augsbourg,Francfort,2,3,,hockeyarchives
del,2023/24,2023-09-17,Bremerhaven,Wolfsburg,6,2,,hockeyarchives
del,2023/24,2023-09-17,Cologne,Ingolstadt,4,1,,hockeyarchives
del,2023/24,2023-09-17,Düsseldorf,Berlin,2,3,,hockeyarchives
del,2023/24,2023-09-17,Iserlohn,Schwenningen,2,7,,hockeyarchives
del,2023/24,2023-09-17,Mannheim,Munich,3,3,SO,hockeyarchives
del,2023/24,2023-09-17,Nuremberg,Straubing,5,3,,hockeyarchives
del,2023/24,2023-09-22,Augsbourg,Berlin,1,4,,hockeyarchives
del,2023/24,2023-09-22,Francfort,Bremerhaven,4,2,,hockeyarchives
del,2023/24,2023-09-22,Ingolstadt,Schwenningen,7,2,,hockeyarchives
del,2023/24,2023-09-22,Mannheim,Iserlohn,4,2,,hockeyarchives
del,2023/24,2023-09-22,Munich,Cologne,2,5,,hockeyarchives
del,2023/24,2023-09-22,Nuremberg,Düsseldorf,4,1,,hockeyarchives
del,2023/24,2023-09-22,Wolfsburg,Straubing,1,1,SO,hockeyarchives
del,2023/24,2023-09-24,Augsbourg,Nuremberg,5,3,,hockeyarchives
del,2023/24,2023-09-24,Bremerhaven,Munich,2,5,,hockeyarchives
del,2023/24,2023-09-24,Cologne,Düsseldorf,3,3,SO,hockeyarchives
del,2023/24,2023-09-24,Iserlohn,Ingolstadt,2,2,SO,hockeyarchives
del,2023/24,2023-09-24,Mannheim,Berlin,4,2,,hockeyarchives
del,2023/24,2023-09-24,Schwenningen,Wolfsburg,5,0,,hockeyarchives
del,2023/24,2023-09-24,Straubing,Francfort,2,0,,hockeyarchives
del,2023/24,2023-09-29,Augsbourg,Straubing,1,7,,hockeyarchives
del,2023/24,2023-09-29,Berlin,Nuremberg,5,0,,hockeyarchives
del,2023/24,2023-09-29,Bremerhaven,Schwenningen,6,0,,hockeyarchives
del,2023/24,2023-09-29,Cologne,Mannheim,3,4,,hockeyarchives
del,2023/24,2023-09-29,Düsseldorf,Augsbourg,0,0,SO,hockeyarchives
del,2023/24,2023-09-29,Francfort,Mannheim,4,5,,hockeyarchives
del,2023/24,2023-09-29,Ingolstadt,Düsseldorf,2,2,OT,hockeyarchives
del,2023/24,2023-09-29,Ingolstadt,Wolfsburg,2,5,,hockeyarchives
del,2023/24,2023-09-29,Iserlohn,Cologne,3,6,,hockeyarchives
del,2023/24,2023-09-29,Munich,Francfort,5,2,,hockeyarchives
del,2023/24,2023-09-29,Nuremberg,Bremerhaven,3,0,,hockeyarchives
del,2023/24,2023-09-29,Schwenningen,Berlin,4,1,,hockeyarchives
del,2023/24,2023-09-29,Straubing,Munich,4,2,,hockeyarchives
del,2023/24,2023-09-29,Wolfsburg,Iserlohn,2,2,OT,hockeyarchives
del,2023/24,2023-10-03,Bremerhaven,Ingolstadt,2,2,OT,hockeyarchives
del,2023/24,2023-10-03,Cologne,Augsbourg,3,3,SO,hockeyarchives
del,2023/24,2023-10-03,Düsseldorf,Wolfsburg,2,5,,hockeyarchives
del,2023/24,2023-10-03,Francfort,Schwenningen,5,3,,hockeyarchives
del,2023/24,2023-10-03,Iserlohn,Berlin,2,8,,hockeyarchives
del,2023/24,2023-10-03,Mannheim,Straubing,0,1,,hockeyarchives
del,2023/24,2023-10-03,Munich,Nuremberg,5,3,,hockeyarchives
del,2023/24,2023-10-06,Augsbourg,Bremerhaven,1,4,,hockeyarchives
del,2023/24,2023-10-06,Cologne,Berlin,2,5,,hockeyarchives
del,2023/24,2023-10-06,Düsseldorf,Francfort,3,7,,hockeyarchives
del,2023/24,2023-10-06,Munich,Iserlohn,4,0,,hockeyarchives
del,2023/24,2023-10-06,Nuremberg,Schwenningen,1,4,,hockeyarchives
del,2023/24,2023-10-06,Straubing,Ingolstadt,3,1,,hockeyarchives
del,2023/24,2023-10-06,Wolfsburg,Mannheim,2,1,,hockeyarchives
del,2023/24,2023-10-08,Bremerhaven,Cologne,5,2,,hockeyarchives
del,2023/24,2023-10-08,Francfort,Nuremberg,6,2,,hockeyarchives
del,2023/24,2023-10-08,Ingolstadt,Munich,2,0,,hockeyarchives
del,2023/24,2023-10-08,Iserlohn,Düsseldorf,1,1,OT,hockeyarchives
del,2023/24,2023-10-08,Mannheim,Augsbourg,4,4,SO,hockeyarchives
del,2023/24,2023-10-08,Schwenningen,Straubing,4,3,,hockeyarchives
del,2023/24,2023-10-08,Wolfsburg,Berlin,0,5,,hockeyarchives
del,2023/24,2023-10-13,Berlin,Straubing,3,3,SO,hockeyarchives
del,2023/24,2023-10-13,Bremerhaven,Mannheim,2,4,,hockeyarchives
del,2023/24,2023-10-13,Francfort,Cologne,6,4,,hockeyarchives
del,2023/24,2023-10-13,Ingolstadt,Nuremberg,3,5,,hockeyarchives
del,2023/24,2023-10-13,Iserlohn,Augsbourg,2,6,,hockeyarchives
del,2023/24,2023-10-13,Munich,Wolfsburg,0,1,,hockeyarchives
del,2023/24,2023-10-13,Schwenningen,Düsseldorf,5,2,,hockeyarchives
del,2023/24,2023-10-15,Augsbourg,Schwenningen,5,2,,hockeyarchives
del,2023/24,2023-10-15,Berlin,Munich,6,2,,hockeyarchives
del,2023/24,2023-10-15,Düsseldorf,Bremerhaven,3,3,OT,hockeyarchives
del,2023/24,2023-10-15,Mannheim,Ingolstadt,2,1,,hockeyarchives
del,2023/24,2023-10-15,Nuremberg,Iserlohn,8,2,,hockeyarchives
del,2023/24,2023-10-15,Straubing,Cologne,3,4,,hockeyarchives
del,2023/24,2023-10-15,Wolfsburg,Francfort,3,2,,hockeyarchives
del,2023/24,2023-10-20,Augsbourg,Ingolstadt,1,4,,hockeyarchives
del,2023/24,2023-10-20,Bremerhaven,Iserlohn,5,1,,hockeyarchives
del,2023/24,2023-10-20,Francfort,Berlin,2,5,,hockeyarchives
del,2023/24,2023-10-20,Mannheim,Nuremberg,6,2,,hockeyarchives
del,2023/24,2023-10-20,Schwenningen,Munich,3,1,,hockeyarchives
del,2023/24,2023-10-20,Straubing,Düsseldorf,1,1,OT,hockeyarchives
del,2023/24,2023-10-20,Wolfsburg,Cologne,4,4,OT,hockeyarchives
del,2023/24,2023-10-22,Berlin,Bremerhaven,2,4,,hockeyarchives
del,2023/24,2023-10-22,Cologne,Schwenningen,3,1,,hockeyarchives
del,2023/24,2023-10-22,Düsseldorf,Mannheim,4,1,,hockeyarchives
del,2023/24,2023-10-22,Ingolstadt,Francfort,2,2,SO,hockeyarchives
del,2023/24,2023-10-22,Iserlohn,Straubing,3,3,SO,hockeyarchives
del,2023/24,2023-10-22,Munich,Augsbourg,5,1,,hockeyarchives
del,2023/24,2023-10-22,Nuremberg,Wolfsburg,3,2,,hockeyarchives
del,2023/24,2023-10-27,Augsbourg,Francfort,5,2,,hockeyarchives
del,2023/24,2023-10-27,Berlin,Schwenningen,5,3,,hockeyarchives
del,2023/24,2023-10-27,Cologne,Munich,1,5,,hockeyarchives
del,2023/24,2023-10-27,Düsseldorf,Wolfsburg,1,2,,hockeyarchives
del,2023/24,2023-10-27,Ingolstadt,Bremerhaven,2,2,OT,hockeyarchives
del,2023/24,2023-10-27,Iserlohn,Mannheim,7,4,,hockeyarchives
del,2023/24,2023-10-27,Straubing,Nuremberg,7,4,,hockeyarchives
del,2023/24,2023-10-29,Berlin,Straubing,2,2,OT,hockeyarchives
del,2023/24,2023-10-29,Bremerhaven,Düsseldorf,4,2,,hockeyarchives
del,2023/24,2023-10-29,Francfort,Cologne,6,3,,hockeyarchives
del,2023/24,2023-10-29,Mannheim,Augsbourg,3,3,SO,hockeyarchives
del,2023/24,2023-10-29,Munich,Nuremberg,5,3,,hockeyarchives
del,2023/24,2023-10-29,Schwenningen,Ingolstadt,6,3,,hockeyarchives
del,2023/24,2023-10-29,Wolfsburg,Iserlohn,7,0,,hockeyarchives
del,2023/24,2023-10-31,Augsbourg,Düsseldorf,2,4,,hockeyarchives
del,2023/24,2023-10-31,Cologne,Bremerhaven,2,2,SO,hockeyarchives
del,2023/24,2023-10-31,Ingolstadt,Wolfsburg,5,1,,hockeyarchives
del,2023/24,2023-10-31,Iserlohn,Munich,2,5,,hockeyarchives
del,2023/24,2023-10-31,Mannheim,Francfort,3,2,,hockeyarchives
del,2023/24,2023-10-31,Nuremberg,Berlin,2,10,,hockeyarchives
del,2023/24,2023-10-31,Straubing,Schwenningen,4,1,,hockeyarchives
del,2023/24,2023-11-03,Berlin,Cologne,0,0,SO,hockeyarchives
del,2023/24,2023-11-03,Bremerhaven,Augsbourg,3,2,,hockeyarchives
del,2023/24,2023-11-03,Düsseldorf,Mannheim,3,2,,hockeyarchives
del,2023/24,2023-11-03,Francfort,Ingolstadt,2,4,,hockeyarchives
del,2023/24,2023-11-03,Nuremberg,Wolfsburg,4,4,OT,hockeyarchives
del,2023/24,2023-11-03,Schwenningen,Iserlohn,3,1,,hockeyarchives
del,2023/24,2023-11-03,Straubing,Munich,2,1,,hockeyarchives
del,2023/24,2023-11-05,Augsbourg,Nuremberg,6,2,,hockeyarchives
del,2023/24,2023-11-05,Ingolstadt,Berlin,1,4,,hockeyarchives
del,2023/24,2023-11-05,Iserlohn,Bremerhaven,1,5,,hockeyarchives
del,2023/24,2023-11-05,Mannheim,Straubing,1,4,,hockeyarchives
del,2023/24,2023-11-05,Munich,Düsseldorf,2,1,,hockeyarchives
del,2023/24,2023-11-05,Schwenningen,Cologne,2,3,,hockeyarchives
del,2023/24,2023-11-05,Wolfsburg,Francfort,2,4,,hockeyarchives
del,2023/24,2023-11-17,Augsbourg,Berlin,2,3,,hockeyarchives
del,2023/24,2023-11-17,Düsseldorf,Iserlohn,1,1,OT,hockeyarchives
del,2023/24,2023-11-17,Francfort,Straubing,3,2,,hockeyarchives
del,2023/24,2023-11-17,Mannheim,Bremerhaven,1,3,,hockeyarchives
del,2023/24,2023-11-17,Munich,Ingolstadt,3,5,,hockeyarchives
del,2023/24,2023-11-17,Nuremberg,Cologne,1,4,,hockeyarchives
del,2023/24,2023-11-17,Wolfsburg,Schwenningen,3,3,OT,hockeyarchives
del,2023/24,2023-11-19,Berlin,Wolfsburg,6,9,,hockeyarchives
del,2023/24,2023-11-19,Bremerhaven,Francfort,0,4,,hockeyarchives
del,2023/24,2023-11-19,Cologne,Augsbourg,3,2,,hockeyarchives
del,2023/24,2023-11-19,Ingolstadt,Mannheim,2,2,SO,hockeyarchives
del,2023/24,2023-11-19,Iserlohn,Nuremberg,4,4,OT,hockeyarchives
del,2023/24,2023-11-19,Schwenningen,Munich,2,2,SO,hockeyarchives
del,2023/24,2023-11-19,Straubing,Düsseldorf,4,1,,hockeyarchives
del,2023/24,2023-11-24,Augsbourg,Munich,7,2,,hockeyarchives
del,2023/24,2023-11-24,Berlin,Düsseldorf,1,4,,hockeyarchives
del,2023/24,2023-11-24,Bremerhaven,Nuremberg,3,1,,hockeyarchives
del,2023/24,2023-11-24,Cologne,Straubing,2,3,,hockeyarchives
del,2023/24,2023-11-24,Francfort,Schwenningen,3,3,OT,hockeyarchives
del,2023/24,2023-11-24,Ingolstadt,Iserlohn,7,1,,hockeyarchives
del,2023/24,2023-11-24,Mannheim,Wolfsburg,4,1,,hockeyarchives
del,2023/24,2023-11-26,Berlin,Francfort,3,1,,hockeyarchives
del,2023/24,2023-11-26,Berlin,Iserlohn,0,3,,hockeyarchives
del,2023/24,2023-11-26,Cologne,Wolfsburg,1,5,,hockeyarchives
del,2023/24,2023-11-26,Düsseldorf,Ingolstadt,2,3,,hockeyarchives
del,2023/24,2023-11-26,Düsseldorf,Nuremberg,1,2,,hockeyarchives
del,2023/24,2023-11-26,Ingolstadt,Straubing,2,3,OT,hockeyarchives
del,2023/24,2023-11-26,Iserlohn,Cologne,2,5,,hockeyarchives
del,2023/24,2023-11-26,Munich,Bremerhaven,2,1,,hockeyarchives
del,2023/24,2023-11-26,Munich,Mannheim,5,1,,hockeyarchives
del,2023/24,2023-11-26,Nuremberg,Francfort,2,2,OT,hockeyarchives
del,2023/24,2023-11-26,Schwenningen,Augsbourg,2,1,,hockeyarchives
del,2023/24,2023-11-26,Schwenningen,Mannheim,3,1,,hockeyarchives
del,2023/24,2023-11-26,Straubing,Bremerhaven,3,3,OT,hockeyarchives
del,2023/24,2023-11-26,Wolfsburg,Augsbourg,6,4,,hockeyarchives
del,2023/24,2023-12-03,Augsbourg,Iserlohn,1,1,OT,hockeyarchives
del,2023/24,2023-12-03,Bremerhaven,Schwenningen,4,1,,hockeyarchives
del,2023/24,2023-12-03,Düsseldorf,Cologne,7,1,,hockeyarchives
del,2023/24,2023-12-03,Francfort,Munich,2,4,,hockeyarchives
del,2023/24,2023-12-03,Mannheim,Berlin,1,3,,hockeyarchives
del,2023/24,2023-12-03,Nuremberg,Ingolstadt,0,2,,hockeyarchives
del,2023/24,2023-12-03,Straubing,Wolfsburg,0,2,,hockeyarchives
del,2023/24,2023-12-08,Augsbourg,Straubing,1,4,,hockeyarchives
del,2023/24,2023-12-08,Bremerhaven,Berlin,3,3,OT,hockeyarchives
del,2023/24,2023-12-08,Cologne,Ingolstadt,4,1,,hockeyarchives
del,2023/24,2023-12-08,Düsseldorf,Schwenningen,5,4,,hockeyarchives
del,2023/24,2023-12-08,Iserlohn,Francfort,5,2,,hockeyarchives
del,2023/24,2023-12-08,Munich,Wolfsburg,2,1,,hockeyarchives
del,2023/24,2023-12-08,Nuremberg,Mannheim,5,2,,hockeyarchives
del,2023/24,2023-12-10,Berlin,Munich,1,1,SO,hockeyarchives
del,2023/24,2023-12-10,Francfort,Düsseldorf,4,2,,hockeyarchives
del,2023/24,2023-12-10,Ingolstadt,Augsbourg,6,3,,hockeyarchives
del,2023/24,2023-12-10,Mannheim,Cologne,0,4,,hockeyarchives
del,2023/24,2023-12-10,Schwenningen,Nuremberg,3,3,OT,hockeyarchives
del,2023/24,2023-12-10,Straubing,Iserlohn,2,2,SO,hockeyarchives
del,2023/24,2023-12-10,Wolfsburg,Bremerhaven,1,3,,hockeyarchives
del,2023/24,2023-12-15,Augsbourg,Bremerhaven,1,3,,hockeyarchives
del,2023/24,2023-12-15,Cologne,Straubing,3,0,,hockeyarchives
del,2023/24,2023-12-15,Ingolstadt,Munich,4,1,,hockeyarchives
del,2023/24,2023-12-15,Iserlohn,Berlin,3,5,,hockeyarchives
del,2023/24,2023-12-15,Mannheim,Düsseldorf,3,2,,hockeyarchives
del,2023/24,2023-12-15,Schwenningen,Francfort,6,3,,hockeyarchives
del,2023/24,2023-12-15,Wolfsburg,Nuremberg,3,1,,hockeyarchives
del,2023/24,2023-12-17,Berlin,Mannheim,1,3,,hockeyarchives
del,2023/24,2023-12-17,Bremerhaven,Straubing,2,0,,hockeyarchives
del,2023/24,2023-12-17,Cologne,Nuremberg,4,2,,hockeyarchives
del,2023/24,2023-12-17,Düsseldorf,Iserlohn,1,0,,hockeyarchives
del,2023/24,2023-12-17,Francfort,Augsbourg,2,4,,hockeyarchives
del,2023/24,2023-12-17,Munich,Schwenningen,3,0,,hockeyarchives
del,2023/24,2023-12-17,Wolfsburg,Ingolstadt,4,1,,hockeyarchives
del,2023/24,2023-12-21,Berlin,Augsbourg,6,5,,hockeyarchives
del,2023/24,2023-12-21,Bremerhaven,Munich,1,1,SO,hockeyarchives
del,2023/24,2023-12-21,Cologne,Wolfsburg,2,3,,hockeyarchives
del,2023/24,2023-12-21,Düsseldorf,Ingolstadt,0,2,,hockeyarchives
del,2023/24,2023-12-21,Mannheim,Francfort,2,2,OT,hockeyarchives
del,2023/24,2023-12-21,Nuremberg,Iserlohn,3,0,,hockeyarchives
del,2023/24,2023-12-21,Straubing,Schwenningen,6,3,,hockeyarchives
del,2023/24,2023-12-23,Augsbourg,Cologne,4,1,,hockeyarchives
del,2023/24,2023-12-23,Berlin,Nuremberg,2,2,SO,hockeyarchives
del,2023/24,2023-12-23,Francfort,Düsseldorf,1,3,,hockeyarchives
del,2023/24,2023-12-23,Ingolstadt,Straubing,1,0,,hockeyarchives
del,2023/24,2023-12-23,Munich,Iserlohn,3,2,,hockeyarchives
del,2023/24,2023-12-23,Schwenningen,Bremerhaven,1,2,,hockeyarchives
del,2023/24,2023-12-23,Wolfsburg,Mannheim,0,3,,hockeyarchives
del,2023/24,2023-12-26,Berlin,Wolfsburg,2,1,,hockeyarchives
del,2023/24,2023-12-26,Cologne,Francfort,4,3,,hockeyarchives
del,2023/24,2023-12-26,Düsseldorf,Augsbourg,4,5,,hockeyarchives
del,2023/24,2023-12-26,Iserlohn,Bremerhaven,2,4,,hockeyarchives
del,2023/24,2023-12-26,Mannheim,Schwenningen,3,5,,hockeyarchives
del,2023/24,2023-12-26,Munich,Straubing,2,4,,hockeyarchives
del,2023/24,2023-12-26,Nuremberg,Ingolstadt,2,3,,hockeyarchives
del,2023/24,2023-12-28,Bremerhaven,Ingolstadt,2,1,,hockeyarchives
del,2023/24,2023-12-28,Cologne,Düsseldorf,3,1,,hockeyarchives
del,2023/24,2023-12-28,Francfort,Berlin,2,5,,hockeyarchives
del,2023/24,2023-12-28,Nuremberg,Augsbourg,5,2,,hockeyarchives
del,2023/24,2023-12-28,Schwenningen,Iserlohn,5,1,,hockeyarchives
del,2023/24,2023-12-28,Straubing,Mannheim,3,5,,hockeyarchives
del,2023/24,2023-12-28,Wolfsburg,Munich,2,3,,hockeyarchives
del,2023/24,2023-12-30,Augsbourg,Schwenningen,2,2,SO,hockeyarchives
del,2023/24,2023-12-30,Bremerhaven,Wolfsburg,5,5,OT,hockeyarchives
del,2023/24,2023-12-30,Düsseldorf,Munich,3,1,,hockeyarchives
del,2023/24,2023-12-30,Ingolstadt,Berlin,0,4,,hockeyarchives
del,2023/24,2023-12-30,Iserlohn,Francfort,4,0,,hockeyarchives
del,2023/24,2023-12-30,Mannheim,Cologne,1,0,,hockeyarchives
del,2023/24,2023-12-30,Straubing,Nuremberg,3,3,OT,hockeyarchives
del,2023/24,2024-01-02,Berlin,Düsseldorf,4,2,,hockeyarchives
del,2023/24,2024-01-02,Cologne,Iserlohn,3,3,SO,hockeyarchives
del,2023/24,2024-01-02,Francfort,Wolfsburg,2,3,,hockeyarchives
del,2023/24,2024-01-02,Munich,Mannheim,6,1,,hockeyarchives
del,2023/24,2024-01-02,Nuremberg,Bremerhaven,4,2,,hockeyarchives
del,2023/24,2024-01-02,Schwenningen,Ingolstadt,4,2,,hockeyarchives
del,2023/24,2024-01-02,Straubing,Augsbourg,4,1,,hockeyarchives
del,2023/24,2024-01-05,Berlin,Schwenningen,2,3,,hockeyarchives
del,2023/24,2024-01-05,Cologne,Munich,3,6,,hockeyarchives
del,2023/24,2024-01-05,Düsseldorf,Straubing,1,4,,hockeyarchives
del,2023/24,2024-01-05,Francfort,Bremerhaven,2,3,,hockeyarchives
del,2023/24,2024-01-05,Ingolstadt,Augsbourg,1,4,,hockeyarchives
del,2023/24,2024-01-05,Iserlohn,Wolfsburg,4,2,,hockeyarchives
del,2023/24,2024-01-05,Nuremberg,Mannheim,3,3,OT,hockeyarchives
del,2023/24,2024-01-07,Augsbourg,Mannheim,2,2,SO,hockeyarchives
del,2023/24,2024-01-07,Bremerhaven,Berlin,5,1,,hockeyarchives
del,2023/24,2024-01-07,Ingolstadt,Cologne,5,4,,hockeyarchives
del,2023/24,2024-01-07,Munich,Francfort,2,1,,hockeyarchives
del,2023/24,2024-01-07,Schwenningen,Nuremberg,1,1,OT,hockeyarchives
del,2023/24,2024-01-07,Straubing,Iserlohn,2,4,,hockeyarchives
del,2023/24,2024-01-07,Wolfsburg,Düsseldorf,1,0,OT,hockeyarchives
del,2023/24,2024-01-12,Augsbourg,Wolfsburg,1,2,,hockeyarchives
del,2023/24,2024-01-12,Bremerhaven,Cologne,1,1,OT,hockeyarchives
del,2023/24,2024-01-12,Francfort,Ingolstadt,3,2,,hockeyarchives
del,2023/24,2024-01-12,Iserlohn,Mannheim,2,5,,hockeyarchives
del,2023/24,2024-01-12,Nuremberg,Munich,2,1,,hockeyarchives
del,2023/24,2024-01-12,Schwenningen,Düsseldorf,3,0,,hockeyarchives
del,2023/24,2024-01-12,Straubing,Berlin,6,2,,hockeyarchives
del,2023/24,2024-01-14,Cologne,Schwenningen,5,1,,hockeyarchives
del,2023/24,2024-01-14,Düsseldorf,Bremerhaven,5,5,SO,hockeyarchives
del,2023/24,2024-01-14,Ingolstadt,Mannheim,4,0,,hockeyarchives
del,2023/24,2024-01-14,Iserlohn,Augsbourg,5,2,,hockeyarchives
del,2023/24,2024-01-14,Munich,Berlin,4,6,,hockeyarchives
del,2023/24,2024-01-14,Nuremberg,Francfort,1,3,,hockeyarchives
del,2023/24,2024-01-14,Wolfsburg,Straubing,4,6,,hockeyarchives
del,2023/24,2024-01-19,Augsbourg,Munich,4,3,,hockeyarchives
del,2023/24,2024-01-19,Berlin,Cologne,4,4,OT,hockeyarchives
del,2023/24,2024-01-19,Düsseldorf,Nuremberg,5,5,OT,hockeyarchives
del,2023/24,2024-01-19,Francfort,Straubing,2,2,SO,hockeyarchives
del,2023/24,2024-01-19,Ingolstadt,Iserlohn,0,2,,hockeyarchives
del,2023/24,2024-01-19,Mannheim,Bremerhaven,1,2,,hockeyarchives
del,2023/24,2024-01-19,Wolfsburg,Schwenningen,2,1,,hockeyarchives
del,2023/24,2024-01-21,Berlin,Francfort,4,3,,hockeyarchives
del,2023/24,2024-01-21,Ingolstadt,Schwenningen,3,5,,hockeyarchives
del,2023/24,2024-01-21,Iserlohn,Wolfsburg,3,1,,hockeyarchives
del,2023/24,2024-01-21,Mannheim,Düsseldorf,2,2,SO,hockeyarchives
del,2023/24,2024-01-21,Munich,Bremerhaven,4,2,,hockeyarchives
del,2023/24,2024-01-21,Nuremberg,Cologne,3,3,SO,hockeyarchives
del,2023/24,2024-01-21,Straubing,Augsbourg,4,1,,hockeyarchives
del,2023/24,2024-01-26,Augsbourg,Ingolstadt,2,2,SO,hockeyarchives
del,2023/24,2024-01-26,Bremerhaven,Nuremberg,5,2,,hockeyarchives
del,2023/24,2024-01-26,Düsseldorf,Straubing,5,3,,hockeyarchives
del,2023/24,2024-01-26,Mannheim,Iserlohn,4,2,,hockeyarchives
del,2023/24,2024-01-26,Munich,Cologne,2,2,OT,hockeyarchives
del,2023/24,2024-01-26,Schwenningen,Francfort,2,2,SO,hockeyarchives
del,2023/24,2024-01-26,Wolfsburg,Berlin,2,1,,hockeyarchives
del,2023/24,2024-01-28,Cologne,Bremerhaven,3,2,,hockeyarchives
del,2023/24,2024-01-28,Francfort,Wolfsburg,4,5,,hockeyarchives
del,2023/24,2024-01-28,Iserlohn,Düsseldorf,2,4,,hockeyarchives
del,2023/24,2024-01-28,Mannheim,Munich,3,2,,hockeyarchives
del,2023/24,2024-01-28,Nuremberg,Berlin,1,4,,hockeyarchives
del,2023/24,2024-01-28,Schwenningen,Augsbourg,5,1,,hockeyarchives
del,2023/24,2024-01-28,Straubing,Ingolstadt,4,2,,hockeyarchives
del,2023/24,2024-02-02,Augsbourg,Cologne,1,5,,hockeyarchives
del,2023/24,2024-02-02,Berlin,Mannheim,3,2,,hockeyarchives
del,2023/24,2024-02-02,Bremerhaven,Iserlohn,1,2,,hockeyarchives
del,2023/24,2024-02-02,Düsseldorf,Schwenningen,6,3,,hockeyarchives
del,2023/24,2024-02-02,Francfort,Nuremberg,1,4,,hockeyarchives
del,2023/24,2024-02-02,Munich,Straubing,6,4,,hockeyarchives
del,2023/24,2024-02-02,Wolfsburg,Ingolstadt,3,1,,hockeyarchives
del,2023/24,2024-02-04,Bremerhaven,Francfort,2,1,,hockeyarchives
del,2023/24,2024-02-04,Düsseldorf,Berlin,1,3,,hockeyarchives
del,2023/24,2024-02-04,Iserlohn,Ingolstadt,2,2,SO,hockeyarchives
del,2023/24,2024-02-04,Nuremberg,Augsbourg,1,1,OT,hockeyarchives
del,2023/24,2024-02-04,Schwenningen,Cologne,4,1,,hockeyarchives
del,2023/24,2024-02-04,Straubing,Mannheim,3,6,,hockeyarchives
del,2023/24,2024-02-04,Wolfsburg,Munich,2,0,,hockeyarchives
del,2023/24,2024-02-13,Augsbourg,Mannheim,2,6,,hockeyarchives
del,2023/24,2024-02-13,Cologne,Iserlohn,4,5,,hockeyarchives
del,2023/24,2024-02-13,Francfort,Munich,4,5,,hockeyarchives
del,2023/24,2024-02-13,Ingolstadt,Bremerhaven,2,2,SO,hockeyarchives
del,2023/24,2024-02-13,Nuremberg,Straubing,3,4,,hockeyarchives
del,2023/24,2024-02-13,Schwenningen,Berlin,3,0,,hockeyarchives
del,2023/24,2024-02-13,Wolfsburg,Düsseldorf,9,4,,hockeyarchives
del,2023/24,2024-02-16,Berlin,Augsbourg,3,2,,hockeyarchives
del,2023/24,2024-02-16,Bremerhaven,Straubing,5,3,,hockeyarchives
del,2023/24,2024-02-16,Cologne,Francfort,2,2,SO,hockeyarchives
del,2023/24,2024-02-16,Ingolstadt,Düsseldorf,3,3,OT,hockeyarchives
del,2023/24,2024-02-16,Iserlohn,Nuremberg,1,4,,hockeyarchives
del,2023/24,2024-02-16,Mannheim,Wolfsburg,6,4,,hockeyarchives
del,2023/24,2024-02-16,Munich,Schwenningen,7,3,,hockeyarchives
del,2023/24,2024-02-18,Augsbourg,Iserlohn,1,1,OT,hockeyarchives
del,2023/24,2024-02-18,Berlin,Ingolstadt,2,2,SO,hockeyarchives
del,2023/24,2024-02-18,Düsseldorf,Munich,1,3,,hockeyarchives
del,2023/24,2024-02-18,Francfort,Mannheim,5,3,,hockeyarchives
del,2023/24,2024-02-18,Nuremberg,Schwenningen,3,2,,hockeyarchives
del,2023/24,2024-02-18,Straubing,Cologne,3,1,,hockeyarchives
del,2023/24,2024-02-18,Wolfsburg,Bremerhaven,2,3,,hockeyarchives
del,2023/24,2024-02-23,Bremerhaven,Düsseldorf,5,4,,hockeyarchives
del,2023/24,2024-02-23,Cologne,Berlin,2,3,,hockeyarchives
del,2023/24,2024-02-23,Francfort,Augsbourg,3,3,SO,hockeyarchives
del,2023/24,2024-02-23,Iserlohn,Straubing,3,3,SO,hockeyarchives
del,2023/24,2024-02-23,Mannheim,Nuremberg,2,2,SO,hockeyarchives
del,2023/24,2024-02-23,Munich,Ingolstadt,1,1,OT,hockeyarchives
del,2023/24,2024-02-23,Schwenningen,Wolfsburg,2,3,,hockeyarchives
del,2023/24,2024-02-25,Augsbourg,Wolfsburg,1,3,,hockeyarchives
del,2023/24,2024-02-25,Berlin,Iserlohn,6,4,,hockeyarchives
del,2023/24,2024-02-25,Bremerhaven,Augsbourg,4,0,,hockeyarchives
del,2023/24,2024-02-25,Düsseldorf,Cologne,2,2,SO,hockeyarchives
del,2023/24,2024-02-25,Ingolstadt,Francfort,1,4,,hockeyarchives
del,2023/24,2024-02-25,Iserlohn,Munich,1,3,,hockeyarchives
del,2023/24,2024-02-25,Mannheim,Ingolstadt,1,3,,hockeyarchives
del,2023/24,2024-02-25,Mannheim,Schwenningen,1,4,,hockeyarchives
del,2023/24,2024-02-25,Nuremberg,Düsseldorf,5,3,,hockeyarchives
del,2023/24,2024-02-25,Nuremberg,Munich,2,1,,hockeyarchives
del,2023/24,2024-02-25,Schwenningen,Bremerhaven,1,2,,hockeyarchives
del,2023/24,2024-02-25,Straubing,Berlin,4,1,,hockeyarchives
del,2023/24,2024-02-25,Straubing,Francfort,2,1,,hockeyarchives
del,2023/24,2024-02-25,Wolfsburg,Cologne,5,0,,hockeyarchives
del,2023/24,2024-03-03,Augsbourg,Düsseldorf,1,3,,hockeyarchives
del,2023/24,2024-03-03,Bremerhaven,Mannheim,3,3,OT,hockeyarchives
del,2023/24,2024-03-03,Francfort,Iserlohn,0,3,,hockeyarchives
del,2023/24,2024-03-03,Ingolstadt,Cologne,3,5,,hockeyarchives
del,2023/24,2024-03-03,Munich,Berlin,3,6,,hockeyarchives
del,2023/24,2024-03-03,Schwenningen,Straubing,3,2,,hockeyarchives
del,2023/24,2024-03-03,Wolfsburg,Nuremberg,2,4,,hockeyarchives
del,2024/25,2024-09-20,Augsbourg,Ingolstadt,2,2,OT,hockeyarchives
del,2024/25,2024-09-20,Bremerhaven,Wolfsburg,4,1,,hockeyarchives
del,2024/25,2024-09-20,Cologne,Berlin,2,6,,hockeyarchives
del,2024/25,2024-09-20,Francfort,Nuremberg,3,2,,hockeyarchives
del,2024/25,2024-09-20,Iserlohn,Munich,5,7,,hockeyarchives
del,2024/25,2024-09-20,Mannheim,Schwenningen,4,3,,hockeyarchives
del,2024/25,2024-09-20,Straubing,Düsseldorf,7,2,,hockeyarchives
del,2024/25,2024-09-22,Cologne,Mannheim,3,1,,hockeyarchives
del,2024/25,2024-09-22,Francfort,Munich,2,3,,hockeyarchives
del,2024/25,2024-09-22,Ingolstadt,Straubing,5,2,,hockeyarchives
del,2024/25,2024-09-22,Iserlohn,Berlin,1,4,,hockeyarchives
del,2024/25,2024-09-22,Nuremberg,Augsbourg,4,1,,hockeyarchives
del,2024/25,2024-09-22,Schwenningen,Bremerhaven,1,1,OT,hockeyarchives
del,2024/25,2024-09-22,Wolfsburg,Düsseldorf,4,0,,hockeyarchives
del,2024/25,2024-09-27,Berlin,Augsbourg,2,10,,hockeyarchives
del,2024/25,2024-09-27,Bremerhaven,Straubing,3,0,,hockeyarchives
del,2024/25,2024-09-27,Cologne,Nuremberg,5,5,OT,hockeyarchives
del,2024/25,2024-09-27,Düsseldorf,Schwenningen,2,2,SO,hockeyarchives
del,2024/25,2024-09-27,Ingolstadt,Francfort,2,0,,hockeyarchives
del,2024/25,2024-09-27,Munich,Mannheim,5,4,,hockeyarchives
del,2024/25,2024-09-27,Wolfsburg,Iserlohn,4,3,,hockeyarchives
del,2024/25,2024-09-29,Augsbourg,Cologne,6,6,OT,hockeyarchives
del,2024/25,2024-09-29,Augsbourg,Iserlohn,1,1,SO,hockeyarchives
del,2024/25,2024-09-29,Bremerhaven,Mannheim,1,1,OT,hockeyarchives
del,2024/25,2024-09-29,Düsseldorf,Bremerhaven,1,3,,hockeyarchives
del,2024/25,2024-09-29,Francfort,Cologne,5,1,,hockeyarchives
del,2024/25,2024-09-29,Francfort,Wolfsburg,4,3,,hockeyarchives
del,2024/25,2024-09-29,Iserlohn,Ingolstadt,3,5,,hockeyarchives
del,2024/25,2024-09-29,Mannheim,Nuremberg,5,4,,hockeyarchives
del,2024/25,2024-09-29,Munich,Wolfsburg,7,4,,hockeyarchives
del,2024/25,2024-09-29,Nuremberg,Düsseldorf,6,3,,hockeyarchives
del,2024/25,2024-09-29,Schwenningen,Berlin,3,3,SO,hockeyarchives
del,2024/25,2024-09-29,Schwenningen,Ingolstadt,3,6,,hockeyarchives
del,2024/25,2024-09-29,Straubing,Berlin,2,4,,hockeyarchives
del,2024/25,2024-09-29,Straubing,Munich,2,6,,hockeyarchives
del,2024/25,2024-10-04,Cologne,Straubing,2,0,,hockeyarchives
del,2024/25,2024-10-04,Ingolstadt,Düsseldorf,4,3,,hockeyarchives
del,2024/25,2024-10-04,Iserlohn,Francfort,3,4,,hockeyarchives
del,2024/25,2024-10-04,Mannheim,Augsbourg,6,1,,hockeyarchives
del,2024/25,2024-10-04,Munich,Berlin,2,3,,hockeyarchives
del,2024/25,2024-10-04,Nuremberg,Bremerhaven,0,9,,hockeyarchives
del,2024/25,2024-10-04,Wolfsburg,Schwenningen,3,3,OT,hockeyarchives
del,2024/25,2024-10-06,Augsbourg,Wolfsburg,3,4,,hockeyarchives
del,2024/25,2024-10-06,Berlin,Nuremberg,6,2,,hockeyarchives
del,2024/25,2024-10-06,Bremerhaven,Iserlohn,5,0,,hockeyarchives
del,2024/25,2024-10-06,Düsseldorf,Francfort,0,3,,hockeyarchives
del,2024/25,2024-10-06,Mannheim,Ingolstadt,1,3,,hockeyarchives
del,2024/25,2024-10-06,Munich,Cologne,4,6,,hockeyarchives
del,2024/25,2024-10-06,Schwenningen,Straubing,1,2,,hockeyarchives
del,2024/25,2024-10-11,Augsbourg,Francfort,4,1,,hockeyarchives
del,2024/25,2024-10-11,Berlin,Bremerhaven,4,3,,hockeyarchives
del,2024/25,2024-10-11,Cologne,Schwenningen,2,2,OT,hockeyarchives
del,2024/25,2024-10-11,Ingolstadt,Wolfsburg,7,5,,hockeyarchives
del,2024/25,2024-10-11,Munich,Düsseldorf,1,1,SO,hockeyarchives
del,2024/25,2024-10-11,Nuremberg,Iserlohn,0,4,,hockeyarchives
del,2024/25,2024-10-11,Straubing,Mannheim,2,6,,hockeyarchives
del,2024/25,2024-10-13,Bremerhaven,Munich,4,4,SO,hockeyarchives
del,2024/25,2024-10-13,Cologne,Ingolstadt,2,2,SO,hockeyarchives
del,2024/25,2024-10-13,Düsseldorf,Iserlohn,3,3,OT,hockeyarchives
del,2024/25,2024-10-13,Francfort,Berlin,2,5,,hockeyarchives
del,2024/25,2024-10-13,Nuremberg,Straubing,3,3,SO,hockeyarchives
del,2024/25,2024-10-13,Schwenningen,Augsbourg,1,2,,hockeyarchives
del,2024/25,2024-10-13,Wolfsburg,Mannheim,3,1,,hockeyarchives
del,2024/25,2024-10-18,Berlin,Mannheim,3,3,OT,hockeyarchives
del,2024/25,2024-10-18,Bremerhaven,Francfort,3,0,,hockeyarchives
del,2024/25,2024-10-18,Düsseldorf,Cologne,3,6,,hockeyarchives
del,2024/25,2024-10-18,Munich,Augsbourg,2,4,,hockeyarchives
del,2024/25,2024-10-18,Nuremberg,Ingolstadt,6,2,,hockeyarchives
del,2024/25,2024-10-18,Schwenningen,Iserlohn,1,1,OT,hockeyarchives
del,2024/25,2024-10-18,Straubing,Wolfsburg,2,4,,hockeyarchives
del,2024/25,2024-10-20,Augsbourg,Straubing,0,4,,hockeyarchives
del,2024/25,2024-10-20,Francfort,Schwenningen,1,1,OT,hockeyarchives
del,2024/25,2024-10-20,Ingolstadt,Bremerhaven,4,2,,hockeyarchives
del,2024/25,2024-10-20,Iserlohn,Cologne,1,1,SO,hockeyarchives
del,2024/25,2024-10-20,Mannheim,Düsseldorf,4,2,,hockeyarchives
del,2024/25,2024-10-20,Munich,Nuremberg,4,0,,hockeyarchives
del,2024/25,2024-10-20,Wolfsburg,Berlin,2,2,OT,hockeyarchives
del,2024/25,2024-10-25,Bremerhaven,Cologne,0,2,,hockeyarchives
del,2024/25,2024-10-25,Düsseldorf,Augsbourg,4,3,,hockeyarchives
del,2024/25,2024-10-25,Francfort,Straubing,2,5,,hockeyarchives
del,2024/25,2024-10-25,Ingolstadt,Berlin,2,4,,hockeyarchives
del,2024/25,2024-10-25,Iserlohn,Mannheim,3,3,SO,hockeyarchives
del,2024/25,2024-10-25,Schwenningen,Munich,3,3,SO,hockeyarchives
del,2024/25,2024-10-25,Wolfsburg,Nuremberg,1,2,,hockeyarchives
del,2024/25,2024-10-27,Augsbourg,Berlin,2,3,,hockeyarchives
del,2024/25,2024-10-27,Augsbourg,Bremerhaven,2,5,,hockeyarchives
del,2024/25,2024-10-27,Berlin,Düsseldorf,3,3,OT,hockeyarchives
del,2024/25,2024-10-27,Cologne,Wolfsburg,2,1,,hockeyarchives
del,2024/25,2024-10-27,Düsseldorf,Bremerhaven,1,3,,hockeyarchives
del,2024/25,2024-10-27,Ingolstadt,Francfort,2,2,OT,hockeyarchives
del,2024/25,2024-10-27,Mannheim,Francfort,0,2,,hockeyarchives
del,2024/25,2024-10-27,Munich,Cologne,1,2,,hockeyarchives
del,2024/25,2024-10-27,Munich,Ingolstadt,5,1,,hockeyarchives
del,2024/25,2024-10-27,Nuremberg,Schwenningen,4,1,,hockeyarchives
del,2024/25,2024-10-27,Nuremberg,Straubing,2,4,,hockeyarchives
del,2024/25,2024-10-27,Schwenningen,Iserlohn,4,1,,hockeyarchives
del,2024/25,2024-10-27,Straubing,Iserlohn,6,2,,hockeyarchives
del,2024/25,2024-10-27,Wolfsburg,Mannheim,4,6,,hockeyarchives
del,2024/25,2024-11-03,Berlin,Schwenningen,3,3,OT,hockeyarchives
del,2024/25,2024-11-03,Bremerhaven,Wolfsburg,6,1,,hockeyarchives
del,2024/25,2024-11-03,Francfort,Munich,4,4,SO,hockeyarchives
del,2024/25,2024-11-03,Ingolstadt,Augsbourg,4,1,,hockeyarchives
del,2024/25,2024-11-03,Iserlohn,Cologne,3,2,,hockeyarchives
del,2024/25,2024-11-03,Mannheim,Nuremberg,4,2,,hockeyarchives
del,2024/25,2024-11-03,Straubing,Düsseldorf,4,2,,hockeyarchives
del,2024/25,2024-11-15,Berlin,Wolfsburg,4,4,OT,hockeyarchives
del,2024/25,2024-11-15,Cologne,Bremerhaven,1,3,,hockeyarchives
del,2024/25,2024-11-15,Francfort,Iserlohn,6,2,,hockeyarchives
del,2024/25,2024-11-15,Mannheim,Augsbourg,6,2,,hockeyarchives
del,2024/25,2024-11-15,Munich,Straubing,2,5,,hockeyarchives
del,2024/25,2024-11-15,Nuremberg,Ingolstadt,4,4,OT,hockeyarchives
del,2024/25,2024-11-15,Schwenningen,Düsseldorf,2,4,,hockeyarchives
del,2024/25,2024-11-17,Augsbourg,Iserlohn,2,5,,hockeyarchives
del,2024/25,2024-11-17,Berlin,Francfort,5,2,,hockeyarchives
del,2024/25,2024-11-17,Bremerhaven,Munich,4,0,,hockeyarchives
del,2024/25,2024-11-17,Düsseldorf,Nuremberg,2,2,SO,hockeyarchives
del,2024/25,2024-11-17,Ingolstadt,Mannheim,2,2,SO,hockeyarchives
del,2024/25,2024-11-17,Straubing,Cologne,1,2,,hockeyarchives
del,2024/25,2024-11-17,Wolfsburg,Schwenningen,4,1,,hockeyarchives
del,2024/25,2024-11-22,Cologne,Ingolstadt,2,5,,hockeyarchives
del,2024/25,2024-11-22,Düsseldorf,Berlin,3,5,,hockeyarchives
del,2024/25,2024-11-22,Francfort,Mannheim,3,1,,hockeyarchives
del,2024/25,2024-11-22,Iserlohn,Munich,0,3,,hockeyarchives
del,2024/25,2024-11-22,Nuremberg,Schwenningen,3,7,,hockeyarchives
del,2024/25,2024-11-22,Straubing,Bremerhaven,4,2,,hockeyarchives
del,2024/25,2024-11-22,Wolfsburg,Augsbourg,2,1,,hockeyarchives
del,2025/26,2025-09-12,Berlin,Dresde,6,2,,hockeyarchives
del,2025/26,2025-09-12,Bremerhaven,Schwenningen,2,1,,hockeyarchives
del,2025/26,2025-09-12,Cologne,Munich,2,4,,hockeyarchives
del,2025/26,2025-09-12,Francfort,Wolfsburg,1,9,,hockeyarchives
del,2025/26,2025-09-12,Ingolstadt,Iserlohn,2,3,,hockeyarchives
del,2025/26,2025-09-12,Mannheim,Straubing,3,0,,hockeyarchives
del,2025/26,2025-09-12,Nuremberg,Augsbourg,3,1,,hockeyarchives
del,2025/26,2025-09-14,Augsbourg,Mannheim,3,6,,hockeyarchives
del,2025/26,2025-09-14,Cologne,Berlin,3,7,,hockeyarchives
del,2025/26,2025-09-14,Dresde,Ingolstadt,2,4,,hockeyarchives
del,2025/26,2025-09-14,Iserlohn,Schwenningen,2,2,SO,hockeyarchives
del,2025/26,2025-09-14,Munich,Bremerhaven,3,4,,hockeyarchives
del,2025/26,2025-09-14,Straubing,Francfort,2,1,,hockeyarchives
del,2025/26,2025-09-14,Wolfsburg,Nuremberg,5,3,,hockeyarchives
del,2025/26,2025-09-19,Bremerhaven,Straubing,2,5,,hockeyarchives
del,2025/26,2025-09-19,Francfort,Dresde,3,6,,hockeyarchives
del,2025/26,2025-09-19,Ingolstadt,Wolfsburg,3,2,,hockeyarchives
del,2025/26,2025-09-19,Iserlohn,Nuremberg,5,5,SO,hockeyarchives
del,2025/26,2025-09-19,Mannheim,Berlin,7,1,,hockeyarchives
del,2025/26,2025-09-19,Munich,Augsbourg,6,3,,hockeyarchives
del,2025/26,2025-09-19,Schwenningen,Cologne,1,4,,hockeyarchives
del,2025/26,2025-09-21,Augsbourg,Iserlohn,4,1,,hockeyarchives
del,2025/26,2025-09-21,Bremerhaven,Berlin,5,1,,hockeyarchives
del,2025/26,2025-09-21,Francfort,Schwenningen,3,6,,hockeyarchives
del,2025/26,2025-09-21,Mannheim,Ingolstadt,2,1,,hockeyarchives
del,2025/26,2025-09-21,Nuremberg,Cologne,2,4,,hockeyarchives
del,2025/26,2025-09-21,Straubing,Munich,6,2,,hockeyarchives
del,2025/26,2025-09-21,Wolfsburg,Dresde,6,3,,hockeyarchives
del,2025/26,2025-09-26,Augsbourg,Cologne,4,2,,hockeyarchives
del,2025/26,2025-09-26,Berlin,Straubing,2,2,OT,hockeyarchives
del,2025/26,2025-09-26,Dresde,Mannheim,0,3,,hockeyarchives
del,2025/26,2025-09-26,Francfort,Nuremberg,0,3,,hockeyarchives
del,2025/26,2025-09-26,Ingolstadt,Munich,6,3,,hockeyarchives
del,2025/26,2025-09-26,Iserlohn,Bremerhaven,1,5,,hockeyarchives
del,2025/26,2025-09-26,Wolfsburg,Schwenningen,4,1,,hockeyarchives
del,2025/26,2025-09-28,Berlin,Schwenningen,1,2,,hockeyarchives
del,2025/26,2025-09-28,Bremerhaven,Ingolstadt,5,2,,hockeyarchives
del,2025/26,2025-09-28,Cologne,Wolfsburg,4,2,,hockeyarchives
del,2025/26,2025-09-28,Mannheim,Francfort,2,2,OT,hockeyarchives
del,2025/26,2025-09-28,Munich,Iserlohn,3,1,,hockeyarchives
del,2025/26,2025-09-28,Nuremberg,Dresde,8,2,,hockeyarchives
del,2025/26,2025-09-28,Straubing,Augsbourg,5,3,,hockeyarchives
del,2025/26,2025-10-03,Augsbourg,Berlin,3,3,OT,hockeyarchives
del,2025/26,2025-10-03,Cologne,Bremerhaven,4,1,,hockeyarchives
del,2025/26,2025-10-03,Ingolstadt,Straubing,5,5,OT,hockeyarchives
del,2025/26,2025-10-03,Iserlohn,Francfort,3,4,,hockeyarchives
del,2025/26,2025-10-03,Munich,Wolfsburg,5,7,,hockeyarchives
del,2025/26,2025-10-03,Nuremberg,Mannheim,1,5,,hockeyarchives
del,2025/26,2025-10-03,Schwenningen,Dresde,4,1,,hockeyarchives
del,2025/26,2025-10-05,Berlin,Ingolstadt,3,0,,hockeyarchives
del,2025/26,2025-10-05,Dresde,Augsbourg,1,4,,hockeyarchives
del,2025/26,2025-10-05,Francfort,Cologne,2,1,,hockeyarchives
del,2025/26,2025-10-05,Mannheim,Iserlohn,4,1,,hockeyarchives
del,2025/26,2025-10-05,Schwenningen,Munich,4,2,,hockeyarchives
del,2025/26,2025-10-05,Straubing,Nuremberg,4,1,,hockeyarchives
del,2025/26,2025-10-05,Wolfsburg,Bremerhaven,2,4,,hockeyarchives
del,2025/26,2025-10-10,Augsbourg,Wolfsburg,1,1,OT,hockeyarchives
del,2025/26,2025-10-10,Bremerhaven,Mannheim,3,6,,hockeyarchives
del,2025/26,2025-10-10,Cologne,Ingolstadt,4,3,,hockeyarchives
del,2025/26,2025-10-10,Francfort,Berlin,2,2,SO,hockeyarchives
del,2025/26,2025-10-10,Iserlohn,Dresde,3,3,OT,hockeyarchives
del,2025/26,2025-10-10,Nuremberg,Munich,2,3,,hockeyarchives
del,2025/26,2025-10-10,Straubing,Schwenningen,1,0,,hockeyarchives
del,2025/26,2025-10-12,Berlin,Nuremberg,3,2,,hockeyarchives
del,2025/26,2025-10-12,Cologne,Iserlohn,3,1,,hockeyarchives
del,2025/26,2025-10-12,Dresde,Bremerhaven,4,4,OT,hockeyarchives
del,2025/26,2025-10-12,Ingolstadt,Francfort,5,2,,hockeyarchives
del,2025/26,2025-10-12,Mannheim,Munich,3,3,SO,hockeyarchives
del,2025/26,2025-10-12,Schwenningen,Augsbourg,3,5,,hockeyarchives
del,2025/26,2025-10-12,Wolfsburg,Straubing,2,5,,hockeyarchives
del,2025/26,2025-10-17,Berlin,Wolfsburg,3,2,,hockeyarchives
del,2025/26,2025-10-17,Bremerhaven,Augsbourg,3,3,SO,hockeyarchives
del,2025/26,2025-10-17,Dresde,Cologne,2,5,,hockeyarchives
del,2025/26,2025-10-17,Francfort,Munich,1,1,OT,hockeyarchives
del,2025/26,2025-10-17,Ingolstadt,Nuremberg,7,4,,hockeyarchives
del,2025/26,2025-10-17,Mannheim,Schwenningen,0,3,,hockeyarchives
del,2025/26,2025-10-17,Straubing,Iserlohn,2,0,,hockeyarchives
del,2025/26,2025-10-19,Augsbourg,Francfort,5,3,,hockeyarchives
del,2025/26,2025-10-19,Cologne,Straubing,7,4,,hockeyarchives
del,2025/26,2025-10-19,Iserlohn,Berlin,3,4,,hockeyarchives
del,2025/26,2025-10-19,Munich,Dresde,2,1,,hockeyarchives
del,2025/26,2025-10-19,Nuremberg,Bremerhaven,4,3,,hockeyarchives
del,2025/26,2025-10-19,Schwenningen,Ingolstadt,2,4,,hockeyarchives
del,2025/26,2025-10-19,Wolfsburg,Mannheim,2,4,,hockeyarchives
del,2025/26,2025-10-24,Augsbourg,Ingolstadt,4,2,,hockeyarchives
del,2025/26,2025-10-24,Dresde,Straubing,2,4,,hockeyarchives
del,2025/26,2025-10-24,Francfort,Bremerhaven,7,3,,hockeyarchives
del,2025/26,2025-10-24,Mannheim,Cologne,5,2,,hockeyarchives
del,2025/26,2025-10-24,Munich,Berlin,3,2,,hockeyarchives
del,2025/26,2025-10-24,Schwenningen,Nuremberg,5,2,,hockeyarchives
del,2025/26,2025-10-24,Wolfsburg,Iserlohn,3,1,,hockeyarchives
del,2025/26,2025-10-26,Berlin,Augsbourg,3,3,OT,hockeyarchives
del,2025/26,2025-10-26,Bremerhaven,Dresde,4,2,,hockeyarchives
del,2025/26,2025-10-26,Cologne,Francfort,5,0,,hockeyarchives
del,2025/26,2025-10-26,Ingolstadt,Mannheim,5,2,,hockeyarchives
del,2025/26,2025-10-26,Munich,Schwenningen,5,4,,hockeyarchives
del,2025/26,2025-10-26,Nuremberg,Iserlohn,2,1,,hockeyarchives
del,2025/26,2025-10-26,Straubing,Wolfsburg,6,0,,hockeyarchives
del,2025/26,2025-10-29,Augsbourg,Bremerhaven,2,5,,hockeyarchives
del,2025/26,2025-10-29,Berlin,Mannheim,3,3,OT,hockeyarchives
del,2025/26,2025-10-29,Dresde,Nuremberg,1,5,,hockeyarchives
del,2025/26,2025-10-29,Iserlohn,Cologne,1,3,,hockeyarchives
del,2025/26,2025-10-29,Schwenningen,Francfort,6,1,,hockeyarchives
del,2025/26,2025-10-29,Straubing,Ingolstadt,4,6,,hockeyarchives
del,2025/26,2025-10-29,Wolfsburg,Munich,4,3,,hockeyarchives
del,2025/26,2025-10-31,Bremerhaven,Iserlohn,2,1,,hockeyarchives
del,2025/26,2025-10-31,Dresde,Francfort,3,3,SO,hockeyarchives
del,2025/26,2025-10-31,Ingolstadt,Cologne,10,3,,hockeyarchives
del,2025/26,2025-10-31,Munich,Mannheim,4,0,,hockeyarchives
del,2025/26,2025-10-31,Nuremberg,Straubing,3,5,,hockeyarchives
del,2025/26,2025-10-31,Schwenningen,Berlin,3,3,OT,hockeyarchives
del,2025/26,2025-10-31,Wolfsburg,Augsbourg,3,0,,hockeyarchives
del,2025/26,2025-11-02,Augsbourg,Schwenningen,5,1,,hockeyarchives
del,2025/26,2025-11-02,Berlin,Bremerhaven,1,4,,hockeyarchives
del,2025/26,2025-11-02,Cologne,Munich,0,2,,hockeyarchives
del,2025/26,2025-11-02,Francfort,Ingolstadt,0,8,,hockeyarchives
del,2025/26,2025-11-02,Iserlohn,Wolfsburg,2,2,OT,hockeyarchives
del,2025/26,2025-11-02,Mannheim,Nuremberg,2,4,,hockeyarchives
del,2025/26,2025-11-02,Straubing,Dresde,6,1,,hockeyarchives
del,2025/26,2025-11-14,Augsbourg,Straubing,4,9,,hockeyarchives
del,2025/26,2025-11-14,Bremerhaven,Munich,4,1,,hockeyarchives
del,2025/26,2025-11-14,Dresde,Schwenningen,0,2,,hockeyarchives
del,2025/26,2025-11-14,Francfort,Mannheim,3,2,,hockeyarchives
del,2025/26,2025-11-14,Iserlohn,Ingolstadt,5,5,OT,hockeyarchives
del,2025/26,2025-11-14,Nuremberg,Berlin,4,4,SO,hockeyarchives
del,2025/26,2025-11-14,Wolfsburg,Cologne,3,4,,hockeyarchives
del,2025/26,2025-11-16,Berlin,Francfort,4,2,,hockeyarchives
del,2025/26,2025-11-16,Cologne,Dresde,5,0,,hockeyarchives
del,2025/26,2025-11-16,Ingolstadt,Augsbourg,5,1,,hockeyarchives
del,2025/26,2025-11-16,Mannheim,Wolfsburg,3,1,,hockeyarchives
del,2025/26,2025-11-16,Munich,Nuremberg,4,1,,hockeyarchives
del,2025/26,2025-11-16,Schwenningen,Iserlohn,3,0,,hockeyarchives
del,2025/26,2025-11-16,Straubing,Bremerhaven,3,1,,hockeyarchives
del,2025/26,2025-11-19,Bremerhaven,Nuremberg,3,1,,hockeyarchives
del,2025/26,2025-11-19,Francfort,Mannheim,2,6,,hockeyarchives
del,2025/26,2025-11-19,Ingolstadt,Cologne,4,5,,hockeyarchives
del,2025/26,2025-11-19,Iserlohn,Berlin,4,3,,hockeyarchives
del,2025/26,2025-11-19,Straubing,Munich,3,6,,hockeyarchives
del,2025/26,2025-11-19,Wolfsburg,Augsbourg,3,3,OT,hockeyarchives
del,2025/26,2025-11-21,Berlin,Munich,1,3,,hockeyarchives
del,2025/26,2025-11-21,Bremerhaven,Nuremberg,4,5,,hockeyarchives
del,2025/26,2025-11-21,Cologne,Augsbourg,3,3,SO,hockeyarchives
del,2025/26,2025-11-21,Francfort,Iserlohn,3,0,,hockeyarchives
del,2025/26,2025-11-21,Mannheim,Dresde,3,1,,hockeyarchives
del,2025/26,2025-11-21,Schwenningen,Straubing,4,1,,hockeyarchives
del,2025/26,2025-11-21,Wolfsburg,Ingolstadt,2,4,,hockeyarchives
del,2025/26,2025-11-23,Augsbourg,Munich,3,8,,hockeyarchives
del,2025/26,2025-11-23,Cologne,Schwenningen,4,1,,hockeyarchives
del,2025/26,2025-11-23,Dresde,Wolfsburg,0,4,,hockeyarchives
del,2025/26,2025-11-23,Ingolstadt,Bremerhaven,5,2,,hockeyarchives
del,2025/26,2025-11-23,Iserlohn,Mannheim,0,4,,hockeyarchives
del,2025/26,2025-11-23,Nuremberg,Francfort,5,2,,hockeyarchives
del,2025/26,2025-11-23,Straubing,Berlin,2,4,,hockeyarchives
del,2025/26,2025-11-25,Bremerhaven,Wolfsburg,0,4,,hockeyarchives
del,2025/26,2025-11-25,Cologne,Mannheim,2,2,SO,hockeyarchives
del,2025/26,2025-11-25,Dresde,Iserlohn,1,6,,hockeyarchives
del,2025/26,2025-11-25,Francfort,Augsbourg,4,2,,hockeyarchives
del,2025/26,2025-11-25,Ingolstadt,Berlin,5,2,,hockeyarchives
del,2025/26,2025-11-25,Munich,Straubing,5,3,,hockeyarchives
del,2025/26,2025-11-25,Nuremberg,Schwenningen,4,4,SO,hockeyarchives
del,2025/26,2025-11-28,Augsbourg,Nuremberg,1,5,,hockeyarchives
del,2025/26,2025-11-28,Bremerhaven,Francfort,5,2,,hockeyarchives
del,2025/26,2025-11-28,Ingolstadt,Dresde,2,2,OT,hockeyarchives
del,2025/26,2025-11-28,Iserlohn,Munich,3,1,,hockeyarchives
del,2025/26,2025-11-28,Schwenningen,Mannheim,2,4,,hockeyarchives
del,2025/26,2025-11-28,Straubing,Cologne,0,2,,hockeyarchives
del,2025/26,2025-11-28,Wolfsburg,Berlin,1,6,,hockeyarchives
del,2025/26,2025-11-30,Berlin,Cologne,3,3,SO,hockeyarchives
del,2025/26,2025-11-30,Dresde,Munich,2,4,,hockeyarchives
del,2025/26,2025-11-30,Francfort,Straubing,1,3,,hockeyarchives
del,2025/26,2025-11-30,Iserlohn,Augsbourg,1,4,,hockeyarchives
del,2025/26,2025-11-30,Mannheim,Bremerhaven,4,0,,hockeyarchives
del,2025/26,2025-11-30,Nuremberg,Ingolstadt,3,5,,hockeyarchives
del,2025/26,2025-11-30,Schwenningen,Wolfsburg,3,2,,hockeyarchives
del,2025/26,2025-12-05,Augsbourg,Dresde,2,4,,hockeyarchives
del,2025/26,2025-12-05,Berlin,Iserlohn,5,3,,hockeyarchives
del,2025/26,2025-12-05,Cologne,Nuremberg,7,4,,hockeyarchives
del,2025/26,2025-12-05,Munich,Ingolstadt,2,0,,hockeyarchives
del,2025/26,2025-12-05,Schwenningen,Bremerhaven,2,6,,hockeyarchives
del,2025/26,2025-12-05,Straubing,Mannheim,0,4,,hockeyarchives
del,2025/26,2025-12-05,Wolfsburg,Francfort,4,1,,hockeyarchives
del,2025/26,2025-12-07,Berlin,Dresde,5,1,,hockeyarchives
del,2025/26,2025-12-07,Bremerhaven,Cologne,2,5,,hockeyarchives
del,2025/26,2025-12-07,Francfort,Munich,0,5,,hockeyarchives
del,2025/26,2025-12-07,Ingolstadt,Schwenningen,5,2,,hockeyarchives
del,2025/26,2025-12-07,Iserlohn,Straubing,4,0,,hockeyarchives
del,2025/26,2025-12-07,Mannheim,Augsbourg,7,0,,hockeyarchives
del,2025/26,2025-12-07,Nuremberg,Wolfsburg,4,2,,hockeyarchives
del,2025/26,2025-12-12,Augsbourg,Ingolstadt,3,4,,hockeyarchives
del,2025/26,2025-12-12,Iserlohn,Dresde,5,4,,hockeyarchives
del,2025/26,2025-12-12,Munich,Cologne,1,1,OT,hockeyarchives
del,2025/26,2025-12-12,Nuremberg,Francfort,4,3,,hockeyarchives
del,2025/26,2025-12-12,Schwenningen,Mannheim,0,5,,hockeyarchives
del,2025/26,2025-12-12,Straubing,Berlin,5,3,,hockeyarchives
del,2025/26,2025-12-12,Wolfsburg,Bremerhaven,4,5,,hockeyarchives
del,2025/26,2025-12-14,Berlin,Schwenningen,2,0,,hockeyarchives
del,2025/26,2025-12-14,Bremerhaven,Augsbourg,1,1,OT,hockeyarchives
del,2025/26,2025-12-14,Cologne,Mannheim,5,4,,hockeyarchives
del,2025/26,2025-12-14,Dresde,Wolfsburg,1,4,,hockeyarchives
del,2025/26,2025-12-14,Francfort,Straubing,3,7,,hockeyarchives
del,2025/26,2025-12-14,Ingolstadt,Iserlohn,4,2,,hockeyarchives
del,2025/26,2025-12-14,Munich,Nuremberg,3,1,,hockeyarchives
del,2025/26,2025-12-19,Cologne,Wolfsburg,4,1,,hockeyarchives
del,2025/26,2025-12-19,Francfort,Augsbourg,3,3,OT,hockeyarchives
del,2025/26,2025-12-19,Ingolstadt,Berlin,8,5,,hockeyarchives
del,2025/26,2025-12-19,Mannheim,Iserlohn,5,3,,hockeyarchives
del,2025/26,2025-12-19,Munich,Schwenningen,3,1,,hockeyarchives
del,2025/26,2025-12-19,Nuremberg,Dresde,5,1,,hockeyarchives
del,2025/26,2025-12-19,Straubing,Bremerhaven,3,2,,hockeyarchives
del,2025/26,2025-12-21,Augsbourg,Straubing,2,2,SO,hockeyarchives
del,2025/26,2025-12-21,Berlin,Cologne,3,3,SO,hockeyarchives
del,2025/26,2025-12-21,Bremerhaven,Munich,3,6,,hockeyarchives
del,2025/26,2025-12-21,Dresde,Ingolstadt,3,2,,hockeyarchives
del,2025/26,2025-12-21,Iserlohn,Francfort,6,4,,hockeyarchives
del,2025/26,2025-12-21,Schwenningen,Nuremberg,3,3,OT,hockeyarchives
del,2025/26,2025-12-21,Wolfsburg,Mannheim,5,2,,hockeyarchives
del,2025/26,2025-12-23,Augsbourg,Nuremberg,2,2,OT,hockeyarchives
del,2025/26,2025-12-23,Francfort,Cologne,1,4,,hockeyarchives
del,2025/26,2025-12-23,Ingolstadt,Munich,1,3,,hockeyarchives
del,2025/26,2025-12-23,Mannheim,Berlin,8,5,,hockeyarchives
del,2025/26,2025-12-23,Schwenningen,Bremerhaven,0,4,,hockeyarchives
del,2025/26,2025-12-23,Straubing,Dresde,5,3,,hockeyarchives
del,2025/26,2025-12-23,Wolfsburg,Iserlohn,4,1,,hockeyarchives
del,2025/26,2025-12-26,Berlin,Wolfsburg,1,2,,hockeyarchives
del,2025/26,2025-12-26,Cologne,Bremerhaven,3,0,,hockeyarchives
del,2025/26,2025-12-26,Dresde,Augsbourg,3,1,,hockeyarchives
del,2025/26,2025-12-26,Iserlohn,Schwenningen,4,2,,hockeyarchives
del,2025/26,2025-12-26,Mannheim,Ingolstadt,2,5,,hockeyarchives
del,2025/26,2025-12-26,Munich,Francfort,1,3,,hockeyarchives
del,2025/26,2025-12-26,Nuremberg,Straubing,2,3,,hockeyarchives
del,2025/26,2025-12-28,Augsbourg,Mannheim,2,2,SO,hockeyarchives
del,2025/26,2025-12-28,Berlin,Nuremberg,5,2,,hockeyarchives
del,2025/26,2025-12-28,Bremerhaven,Francfort,4,4,OT,hockeyarchives
del,2025/26,2025-12-28,Cologne,Schwenningen,6,5,,hockeyarchives
del,2025/26,2025-12-28,Dresde,Munich,2,5,,hockeyarchives
del,2025/26,2025-12-28,Ingolstadt,Wolfsburg,1,1,SO,hockeyarchives
del,2025/26,2025-12-28,Straubing,Iserlohn,0,2,,hockeyarchives
del,2025/26,2025-12-30,Bremerhaven,Berlin,6,4,,hockeyarchives
del,2025/26,2025-12-30,Francfort,Dresde,3,0,,hockeyarchives
del,2025/26,2025-12-30,Iserlohn,Cologne,4,7,,hockeyarchives
del,2025/26,2025-12-30,Munich,Augsbourg,2,2,OT,hockeyarchives
del,2025/26,2025-12-30,Nuremberg,Mannheim,2,2,OT,hockeyarchives
del,2025/26,2025-12-30,Schwenningen,Ingolstadt,5,3,,hockeyarchives
del,2025/26,2025-12-30,Wolfsburg,Straubing,2,5,,hockeyarchives
del,2025/26,2026-01-02,Augsbourg,Schwenningen,7,6,,hockeyarchives
del,2025/26,2026-01-02,Berlin,Francfort,2,3,,hockeyarchives
del,2025/26,2026-01-02,Cologne,Straubing,4,2,,hockeyarchives
del,2025/26,2026-01-02,Ingolstadt,Bremerhaven,2,3,,hockeyarchives
del,2025/26,2026-01-02,Iserlohn,Nuremberg,4,3,,hockeyarchives
del,2025/26,2026-01-02,Mannheim,Dresde,2,5,,hockeyarchives
del,2025/26,2026-01-02,Wolfsburg,Munich,2,2,SO,hockeyarchives
del,2025/26,2026-01-04,Berlin,Augsbourg,6,3,,hockeyarchives
del,2025/26,2026-01-04,Bremerhaven,Iserlohn,2,2,SO,hockeyarchives
del,2025/26,2026-01-04,Dresde,Cologne,1,8,,hockeyarchives
del,2025/26,2026-01-04,Francfort,Schwenningen,1,2,,hockeyarchives
del,2025/26,2026-01-04,Munich,Mannheim,2,4,,hockeyarchives
del,2025/26,2026-01-04,Nuremberg,Wolfsburg,4,2,,hockeyarchives
del,2025/26,2026-01-04,Straubing,Ingolstadt,6,3,,hockeyarchives
del,2025/26,2026-01-06,Augsbourg,Iserlohn,2,2,SO,hockeyarchives
del,2025/26,2026-01-06,Dresde,Bremerhaven,2,3,,hockeyarchives
del,2025/26,2026-01-06,Ingolstadt,Francfort,6,3,,hockeyarchives
del,2025/26,2026-01-06,Munich,Berlin,2,3,,hockeyarchives
del,2025/26,2026-01-06,Nuremberg,Cologne,2,4,,hockeyarchives
del,2025/26,2026-01-06,Schwenningen,Wolfsburg,3,3,SO,hockeyarchives
del,2025/26,2026-01-06,Straubing,Mannheim,4,1,,hockeyarchives
del,2025/26,2026-01-09,Dresde,Schwenningen,3,3,OT,hockeyarchives
del,2025/26,2026-01-11,Augsbourg,Cologne,1,3,,hockeyarchives
del,2025/26,2026-01-11,Dresde,Berlin,2,2,OT,hockeyarchives
del,2025/26,2026-01-11,Mannheim,Bremerhaven,4,3,,hockeyarchives
del,2025/26,2026-01-11,Munich,Iserlohn,6,0,,hockeyarchives
del,2025/26,2026-01-11,Nuremberg,Ingolstadt,1,4,,hockeyarchives
del,2025/26,2026-01-11,Schwenningen,Straubing,4,2,,hockeyarchives
del,2025/26,2026-01-11,Wolfsburg,Francfort,5,2,,hockeyarchives
del,2025/26,2026-01-16,Augsbourg,Francfort,6,3,,hockeyarchives
del,2025/26,2026-01-16,Bremerhaven,Cologne,2,4,,hockeyarchives
del,2025/26,2026-01-16,Ingolstadt,Straubing,5,4,,hockeyarchives
del,2025/26,2026-01-16,Iserlohn,Wolfsburg,1,1,OT,hockeyarchives
del,2025/26,2026-01-16,Mannheim,Nuremberg,2,4,,hockeyarchives
del,2025/26,2026-01-16,Munich,Dresde,3,1,,hockeyarchives
del,2025/26,2026-01-16,Schwenningen,Berlin,3,5,,hockeyarchives
del,2025/26,2026-01-18,Bremerhaven,Schwenningen,2,5,,hockeyarchives
del,2025/26,2026-01-18,Cologne,Iserlohn,4,2,,hockeyarchives
del,2025/26,2026-01-18,Dresde,Mannheim,2,6,,hockeyarchives
del,2025/26,2026-01-18,Francfort,Ingolstadt,1,1,SO,hockeyarchives
del,2025/26,2026-01-18,Nuremberg,Munich,5,4,,hockeyarchives
del,2025/26,2026-01-18,Straubing,Augsbourg,1,4,,hockeyarchives
del,2025/26,2026-01-18,Wolfsburg,Berlin,5,2,,hockeyarchives
del,2025/26,2026-01-23,Berlin,Ingolstadt,2,1,,hockeyarchives
del,2025/26,2026-01-23,Dresde,Iserlohn,1,4,,hockeyarchives
del,2025/26,2026-01-23,Mannheim,Wolfsburg,2,1,,hockeyarchives
del,2025/26,2026-01-23,Munich,Bremerhaven,6,3,,hockeyarchives
del,2025/26,2026-01-23,Nuremberg,Augsbourg,3,1,,hockeyarchives
del,2025/26,2026-01-23,Schwenningen,Cologne,2,3,,hockeyarchives
del,2025/26,2026-01-23,Straubing,Francfort,5,4,,hockeyarchives
del,2025/26,2026-01-25,Augsbourg,Bremerhaven,1,2,,hockeyarchives
del,2025/26,2026-01-25,Cologne,Nuremberg,5,2,,hockeyarchives
del,2025/26,2026-01-25,Francfort,Berlin,4,1,,hockeyarchives
del,2025/26,2026-01-25,Ingolstadt,Schwenningen,4,1,,hockeyarchives
del,2025/26,2026-01-25,Iserlohn,Straubing,2,4,,hockeyarchives
del,2025/26,2026-01-25,Mannheim,Munich,3,3,SO,hockeyarchives
del,2025/26,2026-01-25,Wolfsburg,Dresde,4,2,,hockeyarchives
del,2025/26,2026-01-27,Augsbourg,Berlin,2,1,,hockeyarchives
del,2025/26,2026-01-27,Bremerhaven,Wolfsburg,2,2,OT,hockeyarchives
del,2025/26,2026-01-27,Cologne,Francfort,1,4,,hockeyarchives
del,2025/26,2026-01-27,Ingolstadt,Dresde,4,1,,hockeyarchives
del,2025/26,2026-01-27,Iserlohn,Mannheim,1,2,,hockeyarchives
del,2025/26,2026-01-27,Schwenningen,Munich,3,1,,hockeyarchives
del,2025/26,2026-01-27,Straubing,Nuremberg,3,1,,hockeyarchives
del,2025/26,2026-02-25,Berlin,Straubing,2,3,,hockeyarchives
del,2025/26,2026-02-25,Cologne,Dresde,7,2,,hockeyarchives
del,2025/26,2026-02-25,Francfort,Bremerhaven,4,1,,hockeyarchives
del,2025/26,2026-02-25,Mannheim,Augsbourg,3,3,OT,hockeyarchives
del,2025/26,2026-02-25,Munich,Ingolstadt,4,0,,hockeyarchives
del,2025/26,2026-02-25,Nuremberg,Iserlohn,1,4,,hockeyarchives
del,2025/26,2026-02-25,Wolfsburg,Schwenningen,2,4,,hockeyarchives
del,2025/26,2026-02-27,Augsbourg,Munich,2,4,,hockeyarchives
del,2025/26,2026-02-27,Berlin,Bremerhaven,1,3,,hockeyarchives
del,2025/26,2026-02-27,Berlin,Iserlohn,5,2,,hockeyarchives
del,2025/26,2026-02-27,Bremerhaven,Mannheim,1,1,OT,hockeyarchives
del,2025/26,2026-02-27,Cologne,Ingolstadt,6,3,,hockeyarchives
del,2025/26,2026-02-27,Dresde,Nuremberg,3,4,,hockeyarchives
del,2025/26,2026-02-27,Francfort,Wolfsburg,2,2,OT,hockeyarchives
del,2025/26,2026-02-27,Ingolstadt,Nuremberg,4,1,,hockeyarchives
del,2025/26,2026-02-27,Iserlohn,Augsbourg,4,2,,hockeyarchives
del,2025/26,2026-02-27,Mannheim,Straubing,2,3,,hockeyarchives
del,2025/26,2026-02-27,Munich,Cologne,0,1,,hockeyarchives
del,2025/26,2026-02-27,Schwenningen,Dresde,2,5,,hockeyarchives
del,2025/26,2026-02-27,Schwenningen,Francfort,4,1,,hockeyarchives
del,2025/26,2026-02-27,Straubing,Wolfsburg,4,0,,hockeyarchives
del,2025/26,2026-03-04,Bremerhaven,Straubing,1,3,,hockeyarchives
del,2025/26,2026-03-04,Cologne,Augsbourg,6,2,,hockeyarchives
del,2025/26,2026-03-04,Dresde,Berlin,2,5,,hockeyarchives
del,2025/26,2026-03-04,Iserlohn,Munich,3,3,OT,hockeyarchives
del,2025/26,2026-03-04,Mannheim,Francfort,3,3,OT,hockeyarchives
del,2025/26,2026-03-04,Nuremberg,Schwenningen,2,5,,hockeyarchives
del,2025/26,2026-03-04,Wolfsburg,Ingolstadt,4,1,,hockeyarchives
del,2025/26,2026-03-06,Augsbourg,Dresde,6,3,,hockeyarchives
del,2025/26,2026-03-06,Bremerhaven,Ingolstadt,2,3,,hockeyarchives
del,2025/26,2026-03-06,Francfort,Iserlohn,4,4,OT,hockeyarchives
del,2025/26,2026-03-06,Mannheim,Cologne,5,1,,hockeyarchives
del,2025/26,2026-03-06,Munich,Wolfsburg,4,1,,hockeyarchives
del,2025/26,2026-03-06,Nuremberg,Berlin,4,5,,hockeyarchives
del,2025/26,2026-03-06,Straubing,Schwenningen,5,3,,hockeyarchives
del,2025/26,2026-03-08,Cologne,Berlin,0,1,,hockeyarchives
del,2025/26,2026-03-08,Dresde,Straubing,3,5,,hockeyarchives
del,2025/26,2026-03-08,Ingolstadt,Mannheim,0,4,,hockeyarchives
del,2025/26,2026-03-08,Iserlohn,Bremerhaven,0,5,,hockeyarchives
del,2025/26,2026-03-08,Munich,Francfort,2,2,OT,hockeyarchives
del,2025/26,2026-03-08,Schwenningen,Augsbourg,2,1,,hockeyarchives
del,2025/26,2026-03-08,Wolfsburg,Nuremberg,1,4,,hockeyarchives
del,2025/26,2026-03-13,Berlin,Mannheim,4,2,,hockeyarchives
del,2025/26,2026-03-13,Dresde,Francfort,4,6,,hockeyarchives
del,2025/26,2026-03-13,Ingolstadt,Augsbourg,7,4,,hockeyarchives
del,2025/26,2026-03-13,Munich,Straubing,10,1,,hockeyarchives
del,2025/26,2026-03-13,Nuremberg,Bremerhaven,4,6,,hockeyarchives
del,2025/26,2026-03-13,Schwenningen,Iserlohn,3,2,,hockeyarchives
del,2025/26,2026-03-13,Wolfsburg,Cologne,8,5,,hockeyarchives
del,2025/26,2026-03-15,Augsbourg,Wolfsburg,5,5,SO,hockeyarchives
del,2025/26,2026-03-15,Berlin,Munich,5,1,,hockeyarchives
del,2025/26,2026-03-15,Bremerhaven,Dresde,6,1,,hockeyarchives
del,2025/26,2026-03-15,Francfort,Nuremberg,3,4,,hockeyarchives
del,2025/26,2026-03-15,Iserlohn,Ingolstadt,5,3,,hockeyarchives
del,2025/26,2026-03-15,Mannheim,Schwenningen,4,2,,hockeyarchives
del,2025/26,2026-03-15,Straubing,Cologne,3,6,,hockeyarchives
del,2026/27,2026-09-18,Berlin,Straubing,4,2,,hockeyarchives
del,2026/27,2026-09-18,Cologne,Wolfsburg,4,8,,hockeyarchives
del,2026/27,2026-09-18,Iserlohn,Ingolstadt,3,4,,hockeyarchives
del,2026/27,2026-09-18,Krefeld,Bremerhaven,1,3,,hockeyarchives
del,2026/27,2026-09-18,Munich,Mannheim,3,3,SO,hockeyarchives
del,2026/27,2026-09-18,Nuremberg,Augsbourg,4,1,,hockeyarchives
del,2026/27,2026-09-18,Schwenningen,Francfort,0,5,,hockeyarchives
del,2026/27,2026-09-20,Augsbourg,Schwenningen,7,3,,hockeyarchives
del,2026/27,2026-09-20,Bremerhaven,Iserlohn,2,1,,hockeyarchives
del,2026/27,2026-09-20,Cologne,Francfort,3,3,OT,hockeyarchives
del,2026/27,2026-09-20,Ingolstadt,Nuremberg,2,6,,hockeyarchives
del,2026/27,2026-09-20,Mannheim,Berlin,4,3,,hockeyarchives
del,2026/27,2026-09-20,Straubing,Krefeld,3,6,,hockeyarchives
del,2026/27,2026-09-20,Wolfsburg,Munich,3,3,OT,hockeyarchives
del,2026/27,2026-09-25,Bremerhaven,Munich,1,4,,hockeyarchives
del,2026/27,2026-09-25,Cologne,Berlin,5,5,SO,hockeyarchives
del,2026/27,2026-09-25,Francfort,Nuremberg,1,2,,hockeyarchives
del,2026/27,2026-09-25,Iserlohn,Augsbourg,2,2,SO,hockeyarchives
del,2026/27,2026-09-25,Mannheim,Krefeld,4,1,,hockeyarchives
del,2026/27,2026-09-25,Straubing,Ingolstadt,4,1,,hockeyarchives
del,2026/27,2026-09-25,Wolfsburg,Schwenningen,3,3,OT,hockeyarchives
del,2026/27,2026-09-27,Augsbourg,Cologne,4,6,,hockeyarchives
del,2026/27,2026-09-27,Berlin,Iserlohn,4,0,,hockeyarchives
del,2026/27,2026-09-27,Ingolstadt,Mannheim,2,2,OT,hockeyarchives
del,2026/27,2026-09-27,Krefeld,Schwenningen,5,2,,hockeyarchives
del,2026/27,2026-09-27,Munich,Francfort,1,4,,hockeyarchives
del,2026/27,2026-09-27,Nuremberg,Mannheim,5,3,,hockeyarchives
del,2026/27,2026-09-27,Nuremberg,Straubing,2,2,SO,hockeyarchives
del,2026/27,2026-09-27,Wolfsburg,Bremerhaven,3,2,,hockeyarchives
extraliga,2022/23,2022-09-16,Brno,Karlovy Vary,6,1,,hockeyarchives
extraliga,2022/23,2022-09-16,Hradec Králové,Liberec,1,1,OT,hockeyarchives
extraliga,2022/23,2022-09-16,Kladno,Pardubice,4,4,OT,hockeyarchives
extraliga,2022/23,2022-09-16,Litvínov,Vítkovice,2,3,,hockeyarchives
extraliga,2022/23,2022-09-16,Mladá Boleslav,Sparta Prague,4,2,,hockeyarchives
extraliga,2022/23,2022-09-16,Plzeň,Olomouc,1,2,,hockeyarchives
extraliga,2022/23,2022-09-16,Třinec,České Budějovice,0,2,,hockeyarchives
extraliga,2022/23,2022-09-18,Karlovy Vary,Hradec Králové,2,3,,hockeyarchives
extraliga,2022/23,2022-09-18,Liberec,Kladno,3,3,SO,hockeyarchives
extraliga,2022/23,2022-09-18,Olomouc,Mladá Boleslav,2,1,,hockeyarchives
extraliga,2022/23,2022-09-18,Pardubice,Třinec,3,3,OT,hockeyarchives
extraliga,2022/23,2022-09-18,Sparta Prague,Litvínov,3,0,,hockeyarchives
extraliga,2022/23,2022-09-18,Vítkovice,Plzeň,4,2,,hockeyarchives
extraliga,2022/23,2022-09-18,České Budějovice,Brno,6,2,,hockeyarchives
extraliga,2022/23,2022-09-23,Brno,Kladno,1,3,,hockeyarchives
extraliga,2022/23,2022-09-23,Hradec Králové,Vítkovice,2,2,SO,hockeyarchives
extraliga,2022/23,2022-09-23,Litvínov,Liberec,2,2,SO,hockeyarchives
extraliga,2022/23,2022-09-23,Mladá Boleslav,České Budějovice,5,1,,hockeyarchives
extraliga,2022/23,2022-09-23,Olomouc,Sparta Prague,4,0,,hockeyarchives
extraliga,2022/23,2022-09-23,Plzeň,Pardubice,1,4,,hockeyarchives
extraliga,2022/23,2022-09-23,Třinec,Karlovy Vary,1,2,,hockeyarchives
extraliga,2022/23,2022-09-25,Karlovy Vary,Olomouc,3,2,,hockeyarchives
extraliga,2022/23,2022-09-25,Kladno,Hradec Králové,2,1,,hockeyarchives
extraliga,2022/23,2022-09-25,Liberec,Brno,2,2,SO,hockeyarchives
extraliga,2022/23,2022-09-25,Pardubice,Mladá Boleslav,2,2,OT,hockeyarchives
extraliga,2022/23,2022-09-25,Sparta Prague,Plzeň,3,2,,hockeyarchives
extraliga,2022/23,2022-09-25,Třinec,Vítkovice,3,5,,hockeyarchives
extraliga,2022/23,2022-09-25,České Budějovice,Litvínov,6,3,,hockeyarchives
extraliga,2022/23,2022-09-27,Brno,Třinec,2,4,,hockeyarchives
extraliga,2022/23,2022-09-27,Hradec Králové,České Budějovice,3,1,,hockeyarchives
extraliga,2022/23,2022-09-27,Litvínov,Kladno,1,1,OT,hockeyarchives
extraliga,2022/23,2022-09-27,Mladá Boleslav,Liberec,1,1,OT,hockeyarchives
extraliga,2022/23,2022-09-27,Olomouc,Pardubice,1,2,,hockeyarchives
extraliga,2022/23,2022-09-27,Plzeň,Karlovy Vary,6,3,,hockeyarchives
extraliga,2022/23,2022-09-27,Sparta Prague,Vítkovice,5,3,,hockeyarchives
extraliga,2022/23,2022-09-30,Brno,Hradec Králové,4,0,,hockeyarchives
extraliga,2022/23,2022-09-30,Karlovy Vary,Litvínov,1,4,,hockeyarchives
extraliga,2022/23,2022-09-30,Kladno,Třinec,1,2,,hockeyarchives
extraliga,2022/23,2022-09-30,Liberec,Plzeň,2,2,OT,hockeyarchives
extraliga,2022/23,2022-09-30,Pardubice,Sparta Prague,2,2,SO,hockeyarchives
extraliga,2022/23,2022-09-30,Vítkovice,Mladá Boleslav,4,0,,hockeyarchives
extraliga,2022/23,2022-09-30,České Budějovice,Olomouc,1,1,OT,hockeyarchives
extraliga,2022/23,2022-10-02,Litvínov,Hradec Králové,3,2,,hockeyarchives
extraliga,2022/23,2022-10-02,Mladá Boleslav,Kladno,4,0,,hockeyarchives
extraliga,2022/23,2022-10-02,Olomouc,Vítkovice,4,4,SO,hockeyarchives
extraliga,2022/23,2022-10-02,Pardubice,České Budějovice,6,1,,hockeyarchives
extraliga,2022/23,2022-10-02,Plzeň,Brno,3,3,OT,hockeyarchives
extraliga,2022/23,2022-10-02,Sparta Prague,Karlovy Vary,4,4,OT,hockeyarchives
extraliga,2022/23,2022-10-02,Třinec,Liberec,3,3,OT,hockeyarchives
extraliga,2022/23,2022-10-07,Brno,Litvínov,5,4,,hockeyarchives
extraliga,2022/23,2022-10-07,Hradec Králové,Třinec,4,3,,hockeyarchives
extraliga,2022/23,2022-10-07,Kladno,Plzeň,0,4,,hockeyarchives
extraliga,2022/23,2022-10-07,Liberec,Olomouc,6,2,,hockeyarchives
extraliga,2022/23,2022-10-07,Mladá Boleslav,Karlovy Vary,0,1,,hockeyarchives
extraliga,2022/23,2022-10-07,Pardubice,Vítkovice,2,1,,hockeyarchives
extraliga,2022/23,2022-10-07,České Budějovice,Sparta Prague,2,2,OT,hockeyarchives
extraliga,2022/23,2022-10-09,Liberec,Sparta Prague,0,1,,hockeyarchives
extraliga,2022/23,2022-10-09,Mladá Boleslav,Brno,3,2,,hockeyarchives
extraliga,2022/23,2022-10-09,Olomouc,Kladno,3,0,,hockeyarchives
extraliga,2022/23,2022-10-09,Pardubice,Karlovy Vary,2,4,,hockeyarchives
extraliga,2022/23,2022-10-09,Plzeň,Hradec Králové,2,5,,hockeyarchives
extraliga,2022/23,2022-10-09,Třinec,Litvínov,4,1,,hockeyarchives
extraliga,2022/23,2022-10-09,České Budějovice,Vítkovice,2,2,SO,hockeyarchives
extraliga,2022/23,2022-10-14,Brno,Pardubice,3,3,OT,hockeyarchives
extraliga,2022/23,2022-10-14,Hradec Králové,Olomouc,0,3,,hockeyarchives
extraliga,2022/23,2022-10-14,Karlovy Vary,Vítkovice,4,5,,hockeyarchives
extraliga,2022/23,2022-10-14,Kladno,Sparta Prague,2,5,,hockeyarchives
extraliga,2022/23,2022-10-14,Liberec,České Budějovice,6,1,,hockeyarchives
extraliga,2022/23,2022-10-14,Litvínov,Mladá Boleslav,3,4,,hockeyarchives
extraliga,2022/23,2022-10-14,Třinec,Plzeň,3,2,,hockeyarchives
extraliga,2022/23,2022-10-16,Karlovy Vary,České Budějovice,4,3,,hockeyarchives
extraliga,2022/23,2022-10-16,Mladá Boleslav,Hradec Králové,0,2,,hockeyarchives
extraliga,2022/23,2022-10-16,Olomouc,Brno,2,3,,hockeyarchives
extraliga,2022/23,2022-10-16,Pardubice,Liberec,0,0,OT,hockeyarchives
extraliga,2022/23,2022-10-16,Plzeň,Litvínov,4,3,,hockeyarchives
extraliga,2022/23,2022-10-16,Třinec,Sparta Prague,4,2,,hockeyarchives
extraliga,2022/23,2022-10-16,Vítkovice,Kladno,2,0,,hockeyarchives
extraliga,2022/23,2022-10-18,Brno,Vítkovice,2,1,,hockeyarchives
extraliga,2022/23,2022-10-18,Hradec Králové,Sparta Prague,3,2,,hockeyarchives
extraliga,2022/23,2022-10-18,Kladno,České Budějovice,2,1,,hockeyarchives
extraliga,2022/23,2022-10-18,Liberec,Karlovy Vary,3,3,SO,hockeyarchives
extraliga,2022/23,2022-10-18,Litvínov,Pardubice,0,0,SO,hockeyarchives
extraliga,2022/23,2022-10-18,Plzeň,Mladá Boleslav,1,1,SO,hockeyarchives
extraliga,2022/23,2022-10-18,Třinec,Olomouc,2,3,,hockeyarchives
extraliga,2022/23,2022-10-21,Karlovy Vary,Kladno,4,3,,hockeyarchives
extraliga,2022/23,2022-10-21,Mladá Boleslav,Třinec,2,2,OT,hockeyarchives
extraliga,2022/23,2022-10-21,Olomouc,Litvínov,5,3,,hockeyarchives
extraliga,2022/23,2022-10-21,Pardubice,Hradec Králové,5,2,,hockeyarchives
extraliga,2022/23,2022-10-21,Sparta Prague,Brno,2,3,,hockeyarchives
extraliga,2022/23,2022-10-21,Vítkovice,Liberec,6,3,,hockeyarchives
extraliga,2022/23,2022-10-21,České Budějovice,Plzeň,2,2,SO,hockeyarchives
extraliga,2022/23,2022-10-23,Karlovy Vary,Brno,2,2,SO,hockeyarchives
extraliga,2022/23,2022-10-23,Liberec,Hradec Králové,3,6,,hockeyarchives
extraliga,2022/23,2022-10-23,Olomouc,Plzeň,1,4,,hockeyarchives
extraliga,2022/23,2022-10-23,Pardubice,Kladno,6,2,,hockeyarchives
extraliga,2022/23,2022-10-23,Sparta Prague,Mladá Boleslav,2,2,OT,hockeyarchives
extraliga,2022/23,2022-10-23,Vítkovice,Litvínov,5,3,,hockeyarchives
extraliga,2022/23,2022-10-23,České Budějovice,Třinec,2,2,SO,hockeyarchives
extraliga,2022/23,2022-10-28,Brno,České Budějovice,3,0,,hockeyarchives
extraliga,2022/23,2022-10-28,Hradec Králové,Karlovy Vary,1,2,,hockeyarchives
extraliga,2022/23,2022-10-28,Kladno,Liberec,3,2,,hockeyarchives
extraliga,2022/23,2022-10-28,Litvínov,Sparta Prague,4,0,,hockeyarchives
extraliga,2022/23,2022-10-28,Mladá Boleslav,Olomouc,2,2,SO,hockeyarchives
extraliga,2022/23,2022-10-28,Plzeň,Vítkovice,3,3,OT,hockeyarchives
extraliga,2022/23,2022-10-28,Třinec,Pardubice,2,3,,hockeyarchives
extraliga,2022/23,2022-10-30,Brno,Liberec,0,5,,hockeyarchives
extraliga,2022/23,2022-10-30,Hradec Králové,Kladno,7,7,OT,hockeyarchives
extraliga,2022/23,2022-10-30,Karlovy Vary,Třinec,2,6,,hockeyarchives
extraliga,2022/23,2022-10-30,Kladno,Brno,3,5,,hockeyarchives
extraliga,2022/23,2022-10-30,Liberec,Litvínov,2,2,OT,hockeyarchives
extraliga,2022/23,2022-10-30,Litvínov,České Budějovice,6,4,,hockeyarchives
extraliga,2022/23,2022-10-30,Mladá Boleslav,Pardubice,0,1,,hockeyarchives
extraliga,2022/23,2022-10-30,Olomouc,Karlovy Vary,2,0,,hockeyarchives
extraliga,2022/23,2022-10-30,Pardubice,Plzeň,7,2,,hockeyarchives
extraliga,2022/23,2022-10-30,Plzeň,Sparta Prague,4,0,,hockeyarchives
extraliga,2022/23,2022-10-30,Sparta Prague,Olomouc,2,5,,hockeyarchives
extraliga,2022/23,2022-10-30,Třinec,Vítkovice,1,1,SO,hockeyarchives
extraliga,2022/23,2022-10-30,Vítkovice,Hradec Králové,5,2,,hockeyarchives
extraliga,2022/23,2022-10-30,České Budějovice,Mladá Boleslav,3,0,,hockeyarchives
extraliga,2022/23,2022-11-04,Karlovy Vary,Plzeň,4,4,OT,hockeyarchives
extraliga,2022/23,2022-11-04,Kladno,Litvínov,2,2,OT,hockeyarchives
extraliga,2022/23,2022-11-04,Liberec,Mladá Boleslav,6,2,,hockeyarchives
extraliga,2022/23,2022-11-04,Pardubice,Olomouc,3,0,,hockeyarchives
extraliga,2022/23,2022-11-04,Třinec,Brno,6,1,,hockeyarchives
extraliga,2022/23,2022-11-04,Vítkovice,Sparta Prague,3,2,,hockeyarchives
extraliga,2022/23,2022-11-04,České Budějovice,Hradec Králové,2,1,,hockeyarchives
extraliga,2022/23,2022-11-06,Hradec Králové,Brno,5,1,,hockeyarchives
extraliga,2022/23,2022-11-06,Litvínov,Karlovy Vary,5,3,,hockeyarchives
extraliga,2022/23,2022-11-06,Mladá Boleslav,Vítkovice,2,2,SO,hockeyarchives
extraliga,2022/23,2022-11-06,Olomouc,České Budějovice,3,1,,hockeyarchives
extraliga,2022/23,2022-11-06,Plzeň,Liberec,3,3,OT,hockeyarchives
extraliga,2022/23,2022-11-06,Sparta Prague,Pardubice,2,3,,hockeyarchives
extraliga,2022/23,2022-11-06,Třinec,Kladno,8,0,,hockeyarchives
extraliga,2022/23,2022-11-16,Liberec,Pardubice,3,4,,hockeyarchives
extraliga,2022/23,2022-11-16,Mladá Boleslav,Hradec Králové,2,2,OT,hockeyarchives
extraliga,2022/23,2022-11-16,Olomouc,Brno,1,4,,hockeyarchives
extraliga,2022/23,2022-11-16,Plzeň,Litvínov,4,1,,hockeyarchives
extraliga,2022/23,2022-11-16,Vítkovice,Kladno,0,3,,hockeyarchives
extraliga,2022/23,2022-11-16,České Budějovice,Karlovy Vary,2,4,,hockeyarchives
extraliga,2022/23,2022-11-18,Brno,Plzeň,3,1,,hockeyarchives
extraliga,2022/23,2022-11-18,Hradec Králové,Litvínov,3,0,,hockeyarchives
extraliga,2022/23,2022-11-18,Karlovy Vary,Sparta Prague,1,5,,hockeyarchives
extraliga,2022/23,2022-11-18,Kladno,Mladá Boleslav,1,1,OT,hockeyarchives
extraliga,2022/23,2022-11-18,Liberec,Třinec,1,4,,hockeyarchives
extraliga,2022/23,2022-11-18,Vítkovice,Olomouc,3,0,,hockeyarchives
extraliga,2022/23,2022-11-18,České Budějovice,Pardubice,2,4,,hockeyarchives
extraliga,2022/23,2022-11-20,Karlovy Vary,Mladá Boleslav,3,3,SO,hockeyarchives
extraliga,2022/23,2022-11-20,Litvínov,Brno,5,1,,hockeyarchives
extraliga,2022/23,2022-11-20,Olomouc,Liberec,4,1,,hockeyarchives
extraliga,2022/23,2022-11-20,Plzeň,Kladno,1,1,OT,hockeyarchives
extraliga,2022/23,2022-11-20,Sparta Prague,České Budějovice,5,0,,hockeyarchives
extraliga,2022/23,2022-11-20,Třinec,Hradec Králové,4,1,,hockeyarchives
extraliga,2022/23,2022-11-20,Vítkovice,Pardubice,4,4,SO,hockeyarchives
extraliga,2022/23,2022-11-25,Brno,Mladá Boleslav,1,3,,hockeyarchives
extraliga,2022/23,2022-11-25,Hradec Králové,Plzeň,1,4,,hockeyarchives
extraliga,2022/23,2022-11-25,Karlovy Vary,Pardubice,1,3,,hockeyarchives
extraliga,2022/23,2022-11-25,Kladno,Olomouc,5,2,,hockeyarchives
extraliga,2022/23,2022-11-25,Litvínov,Třinec,1,1,OT,hockeyarchives
extraliga,2022/23,2022-11-25,Sparta Prague,Liberec,3,1,,hockeyarchives
extraliga,2022/23,2022-11-25,Vítkovice,České Budějovice,4,3,,hockeyarchives
extraliga,2022/23,2022-11-27,Mladá Boleslav,Litvínov,6,4,,hockeyarchives
extraliga,2022/23,2022-11-27,Olomouc,Hradec Králové,5,0,,hockeyarchives
extraliga,2022/23,2022-11-27,Pardubice,Brno,3,3,SO,hockeyarchives
extraliga,2022/23,2022-11-27,Plzeň,Třinec,2,1,,hockeyarchives
extraliga,2022/23,2022-11-27,Sparta Prague,Kladno,5,1,,hockeyarchives
extraliga,2022/23,2022-11-27,Vítkovice,Karlovy Vary,4,2,,hockeyarchives
extraliga,2022/23,2022-11-27,České Budějovice,Liberec,4,1,,hockeyarchives
extraliga,2022/23,2022-11-29,Brno,Olomouc,0,0,SO,hockeyarchives
extraliga,2022/23,2022-11-29,Hradec Králové,Mladá Boleslav,0,2,,hockeyarchives
extraliga,2022/23,2022-11-29,Kladno,Vítkovice,2,3,,hockeyarchives
extraliga,2022/23,2022-11-29,Litvínov,Plzeň,2,4,,hockeyarchives
extraliga,2022/23,2022-11-29,Pardubice,Liberec,1,3,,hockeyarchives
extraliga,2022/23,2022-11-29,Sparta Prague,Třinec,1,0,,hockeyarchives
extraliga,2022/23,2022-11-29,České Budějovice,Karlovy Vary,0,3,,hockeyarchives
extraliga,2022/23,2022-12-02,Karlovy Vary,Liberec,0,2,,hockeyarchives
extraliga,2022/23,2022-12-02,Kladno,České Budějovice,1,6,,hockeyarchives
extraliga,2022/23,2022-12-02,Mladá Boleslav,Plzeň,0,1,,hockeyarchives
extraliga,2022/23,2022-12-02,Olomouc,Třinec,4,2,,hockeyarchives
extraliga,2022/23,2022-12-02,Pardubice,Litvínov,1,0,,hockeyarchives
extraliga,2022/23,2022-12-02,Sparta Prague,Hradec Králové,2,1,,hockeyarchives
extraliga,2022/23,2022-12-02,Vítkovice,Brno,4,1,,hockeyarchives
extraliga,2022/23,2022-12-04,Brno,Sparta Prague,2,6,,hockeyarchives
extraliga,2022/23,2022-12-04,Hradec Králové,Pardubice,4,0,,hockeyarchives
extraliga,2022/23,2022-12-04,Kladno,Karlovy Vary,4,1,,hockeyarchives
extraliga,2022/23,2022-12-04,Liberec,Vítkovice,2,2,SO,hockeyarchives
extraliga,2022/23,2022-12-04,Litvínov,Olomouc,5,3,,hockeyarchives
extraliga,2022/23,2022-12-04,Plzeň,České Budějovice,4,1,,hockeyarchives
extraliga,2022/23,2022-12-04,Třinec,Mladá Boleslav,3,0,,hockeyarchives
extraliga,2022/23,2022-12-09,Brno,Karlovy Vary,2,3,,hockeyarchives
extraliga,2022/23,2022-12-09,Hradec Králové,Liberec,4,4,OT,hockeyarchives
extraliga,2022/23,2022-12-09,Litvínov,Vítkovice,5,3,,hockeyarchives
extraliga,2022/23,2022-12-09,Mladá Boleslav,Sparta Prague,1,2,,hockeyarchives
extraliga,2022/23,2022-12-09,Plzeň,Olomouc,5,4,,hockeyarchives
extraliga,2022/23,2022-12-09,Třinec,České Budějovice,2,2,SO,hockeyarchives
extraliga,2022/23,2022-12-11,Karlovy Vary,Hradec Králové,1,4,,hockeyarchives
extraliga,2022/23,2022-12-11,Liberec,Kladno,7,3,,hockeyarchives
extraliga,2022/23,2022-12-11,Litvínov,Sparta Prague,5,2,,hockeyarchives
extraliga,2022/23,2022-12-11,Olomouc,Mladá Boleslav,2,0,,hockeyarchives
extraliga,2022/23,2022-12-11,Pardubice,Třinec,0,3,,hockeyarchives
extraliga,2022/23,2022-12-11,Vítkovice,Plzeň,2,2,SO,hockeyarchives
extraliga,2022/23,2022-12-11,České Budějovice,Brno,3,1,,hockeyarchives
extraliga,2022/23,2022-12-20,Brno,Kladno,2,2,OT,hockeyarchives
extraliga,2022/23,2022-12-20,Hradec Králové,Vítkovice,3,3,OT,hockeyarchives
extraliga,2022/23,2022-12-20,Litvínov,Liberec,2,2,SO,hockeyarchives
extraliga,2022/23,2022-12-20,Mladá Boleslav,České Budějovice,2,1,,hockeyarchives
extraliga,2022/23,2022-12-20,Olomouc,Sparta Prague,0,1,,hockeyarchives
extraliga,2022/23,2022-12-20,Plzeň,Pardubice,0,2,,hockeyarchives
extraliga,2022/23,2022-12-20,Třinec,Karlovy Vary,4,2,,hockeyarchives
extraliga,2022/23,2022-12-22,Karlovy Vary,Olomouc,0,3,,hockeyarchives
extraliga,2022/23,2022-12-22,Kladno,Hradec Králové,3,6,,hockeyarchives
extraliga,2022/23,2022-12-22,Liberec,Brno,2,1,,hockeyarchives
extraliga,2022/23,2022-12-22,Pardubice,Mladá Boleslav,1,1,SO,hockeyarchives
extraliga,2022/23,2022-12-22,Sparta Prague,Plzeň,3,0,,hockeyarchives
extraliga,2022/23,2022-12-22,Vítkovice,Třinec,1,2,,hockeyarchives
extraliga,2022/23,2022-12-22,České Budějovice,Litvínov,2,5,,hockeyarchives
extraliga,2022/23,2022-12-26,Hradec Králové,České Budějovice,1,4,,hockeyarchives
extraliga,2022/23,2022-12-26,Litvínov,Kladno,2,3,,hockeyarchives
extraliga,2022/23,2022-12-26,Mladá Boleslav,Liberec,3,7,,hockeyarchives
extraliga,2022/23,2022-12-26,Olomouc,Pardubice,2,2,OT,hockeyarchives
extraliga,2022/23,2022-12-26,Plzeň,Karlovy Vary,1,0,,hockeyarchives
extraliga,2022/23,2022-12-26,Sparta Prague,Vítkovice,2,2,OT,hockeyarchives
extraliga,2022/23,2022-12-26,Třinec,Brno,7,2,,hockeyarchives
extraliga,2022/23,2022-12-28,Brno,Hradec Králové,2,2,OT,hockeyarchives
extraliga,2022/23,2022-12-28,Karlovy Vary,Litvínov,3,0,,hockeyarchives
extraliga,2022/23,2022-12-28,Kladno,Třinec,4,3,,hockeyarchives
extraliga,2022/23,2022-12-28,Liberec,Plzeň,1,1,OT,hockeyarchives
extraliga,2022/23,2022-12-28,Pardubice,Sparta Prague,0,3,,hockeyarchives
extraliga,2022/23,2022-12-28,Vítkovice,Mladá Boleslav,5,2,,hockeyarchives
extraliga,2022/23,2022-12-28,České Budějovice,Olomouc,4,2,,hockeyarchives
extraliga,2022/23,2022-12-30,Litvínov,Hradec Králové,2,2,OT,hockeyarchives
extraliga,2022/23,2022-12-30,Mladá Boleslav,Kladno,1,2,,hockeyarchives
extraliga,2022/23,2022-12-30,Olomouc,Vítkovice,2,4,,hockeyarchives
extraliga,2022/23,2022-12-30,Pardubice,České Budějovice,4,1,,hockeyarchives
extraliga,2022/23,2022-12-30,Plzeň,Brno,5,2,,hockeyarchives
extraliga,2022/23,2022-12-30,Sparta Prague,Karlovy Vary,6,3,,hockeyarchives
extraliga,2022/23,2022-12-30,Třinec,Liberec,6,3,,hockeyarchives
extraliga,2022/23,2023-01-03,Brno,Litvínov,3,1,,hockeyarchives
extraliga,2022/23,2023-01-03,Hradec Králové,Třinec,2,2,OT,hockeyarchives
extraliga,2022/23,2023-01-03,Karlovy Vary,Mladá Boleslav,4,1,,hockeyarchives
extraliga,2022/23,2023-01-03,Kladno,Plzeň,3,4,,hockeyarchives
extraliga,2022/23,2023-01-03,Liberec,Olomouc,6,1,,hockeyarchives
extraliga,2022/23,2023-01-03,Sparta Prague,České Budějovice,5,3,,hockeyarchives
extraliga,2022/23,2023-01-03,Vítkovice,Pardubice,2,2,OT,hockeyarchives
extraliga,2022/23,2023-01-06,Mladá Boleslav,Brno,7,3,,hockeyarchives
extraliga,2022/23,2023-01-06,Olomouc,Kladno,6,2,,hockeyarchives
extraliga,2022/23,2023-01-06,Pardubice,Karlovy Vary,7,4,,hockeyarchives
extraliga,2022/23,2023-01-06,Plzeň,Hradec Králové,0,4,,hockeyarchives
extraliga,2022/23,2023-01-06,Sparta Prague,Liberec,2,5,,hockeyarchives
extraliga,2022/23,2023-01-06,Třinec,Litvínov,2,2,OT,hockeyarchives
extraliga,2022/23,2023-01-06,České Budějovice,Vítkovice,0,2,,hockeyarchives
extraliga,2022/23,2023-01-08,Brno,Pardubice,1,4,,hockeyarchives
extraliga,2022/23,2023-01-08,Hradec Králové,Olomouc,4,4,OT,hockeyarchives
extraliga,2022/23,2023-01-08,Karlovy Vary,Vítkovice,1,3,,hockeyarchives
extraliga,2022/23,2023-01-08,Liberec,České Budějovice,2,2,OT,hockeyarchives
extraliga,2022/23,2023-01-08,Litvínov,Mladá Boleslav,4,3,,hockeyarchives
extraliga,2022/23,2023-01-08,Sparta Prague,Kladno,4,0,,hockeyarchives
extraliga,2022/23,2023-01-08,Třinec,Plzeň,6,1,,hockeyarchives
extraliga,2022/23,2023-01-10,Kladno,Pardubice,1,4,,hockeyarchives
extraliga,2022/23,2023-01-13,Třinec,Sparta Prague,2,1,,hockeyarchives
extraliga,2022/23,2023-01-15,Brno,Vítkovice,2,5,,hockeyarchives
extraliga,2022/23,2023-01-15,Hradec Králové,Sparta Prague,3,3,OT,hockeyarchives
extraliga,2022/23,2023-01-15,Liberec,Karlovy Vary,3,1,,hockeyarchives
extraliga,2022/23,2023-01-15,Litvínov,Pardubice,1,2,,hockeyarchives
extraliga,2022/23,2023-01-15,Plzeň,Mladá Boleslav,2,2,OT,hockeyarchives
extraliga,2022/23,2023-01-15,Třinec,Olomouc,1,3,,hockeyarchives
extraliga,2022/23,2023-01-15,České Budějovice,Kladno,6,2,,hockeyarchives
extraliga,2022/23,2023-01-20,Karlovy Vary,Kladno,4,2,,hockeyarchives
extraliga,2022/23,2023-01-20,Mladá Boleslav,Třinec,1,0,,hockeyarchives
extraliga,2022/23,2023-01-20,Olomouc,Litvínov,1,8,,hockeyarchives
extraliga,2022/23,2023-01-20,Pardubice,Hradec Králové,4,1,,hockeyarchives
extraliga,2022/23,2023-01-20,Sparta Prague,Brno,5,3,,hockeyarchives
extraliga,2022/23,2023-01-20,Vítkovice,Liberec,2,0,,hockeyarchives
extraliga,2022/23,2023-01-20,České Budějovice,Plzeň,3,3,OT,hockeyarchives
extraliga,2022/23,2023-01-22,Karlovy Vary,Brno,5,4,,hockeyarchives
extraliga,2022/23,2023-01-22,Liberec,Hradec Králové,3,1,,hockeyarchives
extraliga,2022/23,2023-01-22,Olomouc,Plzeň,3,2,,hockeyarchives
extraliga,2022/23,2023-01-22,Pardubice,Kladno,4,2,,hockeyarchives
extraliga,2022/23,2023-01-22,Sparta Prague,Mladá Boleslav,4,1,,hockeyarchives
extraliga,2022/23,2023-01-22,Vítkovice,Litvínov,2,2,SO,hockeyarchives
extraliga,2022/23,2023-01-22,České Budějovice,Třinec,3,2,,hockeyarchives
extraliga,2022/23,2023-01-24,Brno,České Budějovice,5,2,,hockeyarchives
extraliga,2022/23,2023-01-24,Hradec Králové,Karlovy Vary,3,0,,hockeyarchives
extraliga,2022/23,2023-01-24,Kladno,Liberec,3,2,,hockeyarchives
extraliga,2022/23,2023-01-24,Mladá Boleslav,Olomouc,4,0,,hockeyarchives
extraliga,2022/23,2023-01-24,Plzeň,Vítkovice,2,3,,hockeyarchives
extraliga,2022/23,2023-01-24,Sparta Prague,Litvínov,3,2,,hockeyarchives
extraliga,2022/23,2023-01-24,Třinec,Pardubice,0,4,,hockeyarchives
extraliga,2022/23,2023-01-27,Karlovy Vary,Třinec,4,1,,hockeyarchives
extraliga,2022/23,2023-01-27,Kladno,Brno,0,3,,hockeyarchives
extraliga,2022/23,2023-01-27,Liberec,Litvínov,5,1,,hockeyarchives
extraliga,2022/23,2023-01-27,Pardubice,Plzeň,4,3,,hockeyarchives
extraliga,2022/23,2023-01-27,Sparta Prague,Olomouc,1,1,SO,hockeyarchives
extraliga,2022/23,2023-01-27,Vítkovice,Hradec Králové,2,5,,hockeyarchives
extraliga,2022/23,2023-01-27,České Budějovice,Mladá Boleslav,4,4,OT,hockeyarchives
extraliga,2022/23,2023-01-29,Brno,Liberec,3,0,,hockeyarchives
extraliga,2022/23,2023-01-29,Hradec Králové,Kladno,4,2,,hockeyarchives
extraliga,2022/23,2023-01-29,Litvínov,České Budějovice,0,0,SO,hockeyarchives
extraliga,2022/23,2023-01-29,Mladá Boleslav,Pardubice,3,5,,hockeyarchives
extraliga,2022/23,2023-01-29,Olomouc,Karlovy Vary,3,4,,hockeyarchives
extraliga,2022/23,2023-01-29,Plzeň,Sparta Prague,3,3,SO,hockeyarchives
extraliga,2022/23,2023-01-29,Vítkovice,Třinec,1,2,,hockeyarchives
extraliga,2022/23,2023-02-03,Brno,Třinec,5,1,,hockeyarchives
extraliga,2022/23,2023-02-03,Karlovy Vary,Plzeň,3,1,,hockeyarchives
extraliga,2022/23,2023-02-03,Kladno,Litvínov,5,2,,hockeyarchives
extraliga,2022/23,2023-02-03,Liberec,Mladá Boleslav,3,3,OT,hockeyarchives
extraliga,2022/23,2023-02-03,Pardubice,Olomouc,4,1,,hockeyarchives
extraliga,2022/23,2023-02-03,Vítkovice,Sparta Prague,3,4,,hockeyarchives
extraliga,2022/23,2023-02-03,České Budějovice,Hradec Králové,2,3,,hockeyarchives
extraliga,2022/23,2023-02-05,Hradec Králové,Brno,1,0,,hockeyarchives
extraliga,2022/23,2023-02-05,Litvínov,Karlovy Vary,1,1,OT,hockeyarchives
extraliga,2022/23,2023-02-05,Mladá Boleslav,Vítkovice,2,3,,hockeyarchives
extraliga,2022/23,2023-02-05,Olomouc,České Budějovice,3,2,,hockeyarchives
extraliga,2022/23,2023-02-05,Plzeň,Liberec,2,4,,hockeyarchives
extraliga,2022/23,2023-02-05,Sparta Prague,Pardubice,4,2,,hockeyarchives
extraliga,2022/23,2023-02-05,Třinec,Kladno,5,4,,hockeyarchives
extraliga,2022/23,2023-02-15,Brno,Plzeň,3,0,,hockeyarchives
extraliga,2022/23,2023-02-15,Hradec Králové,Litvínov,3,0,,hockeyarchives
extraliga,2022/23,2023-02-15,Karlovy Vary,Sparta Prague,3,6,,hockeyarchives
extraliga,2022/23,2023-02-15,Kladno,Mladá Boleslav,2,1,,hockeyarchives
extraliga,2022/23,2023-02-15,Liberec,Třinec,2,2,OT,hockeyarchives
extraliga,2022/23,2023-02-15,Vítkovice,Olomouc,3,1,,hockeyarchives
extraliga,2022/23,2023-02-15,České Budějovice,Pardubice,3,7,,hockeyarchives
extraliga,2022/23,2023-02-17,Litvínov,Brno,2,2,SO,hockeyarchives
extraliga,2022/23,2023-02-17,Mladá Boleslav,Karlovy Vary,0,2,,hockeyarchives
extraliga,2022/23,2023-02-17,Olomouc,Liberec,2,3,,hockeyarchives
extraliga,2022/23,2023-02-17,Pardubice,Vítkovice,1,4,,hockeyarchives
extraliga,2022/23,2023-02-17,Plzeň,Kladno,0,3,,hockeyarchives
extraliga,2022/23,2023-02-17,Třinec,Hradec Králové,1,2,,hockeyarchives
extraliga,2022/23,2023-02-17,České Budějovice,Sparta Prague,3,3,OT,hockeyarchives
extraliga,2022/23,2023-02-19,Brno,Mladá Boleslav,1,4,,hockeyarchives
extraliga,2022/23,2023-02-19,Hradec Králové,Plzeň,2,1,,hockeyarchives
extraliga,2022/23,2023-02-19,Karlovy Vary,Pardubice,0,5,,hockeyarchives
extraliga,2022/23,2023-02-19,Kladno,Olomouc,4,4,OT,hockeyarchives
extraliga,2022/23,2023-02-19,Liberec,Sparta Prague,2,1,,hockeyarchives
extraliga,2022/23,2023-02-19,Litvínov,Třinec,3,3,OT,hockeyarchives
extraliga,2022/23,2023-02-19,Vítkovice,České Budějovice,1,4,,hockeyarchives
extraliga,2022/23,2023-02-24,Kladno,Sparta Prague,3,4,,hockeyarchives
extraliga,2022/23,2023-02-24,Mladá Boleslav,Litvínov,1,2,,hockeyarchives
extraliga,2022/23,2023-02-24,Olomouc,Hradec Králové,0,4,,hockeyarchives
extraliga,2022/23,2023-02-24,Pardubice,Brno,1,3,,hockeyarchives
extraliga,2022/23,2023-02-24,Plzeň,Třinec,4,4,OT,hockeyarchives
extraliga,2022/23,2023-02-24,Vítkovice,Karlovy Vary,6,1,,hockeyarchives
extraliga,2022/23,2023-02-24,České Budějovice,Liberec,3,4,,hockeyarchives
extraliga,2022/23,2023-02-26,Brno,Olomouc,3,0,,hockeyarchives
extraliga,2022/23,2023-02-26,Hradec Králové,Mladá Boleslav,3,3,SO,hockeyarchives
extraliga,2022/23,2023-02-26,Karlovy Vary,České Budějovice,5,1,,hockeyarchives
extraliga,2022/23,2023-02-26,Kladno,Vítkovice,1,2,,hockeyarchives
extraliga,2022/23,2023-02-26,Liberec,Pardubice,5,1,,hockeyarchives
extraliga,2022/23,2023-02-26,Litvínov,Plzeň,2,1,,hockeyarchives
extraliga,2022/23,2023-02-26,Sparta Prague,Třinec,4,2,,hockeyarchives
extraliga,2022/23,2023-03-03,Karlovy Vary,Liberec,3,3,OT,hockeyarchives
extraliga,2022/23,2023-03-03,Mladá Boleslav,Plzeň,4,2,,hockeyarchives
extraliga,2022/23,2023-03-03,Olomouc,Třinec,0,5,,hockeyarchives
extraliga,2022/23,2023-03-03,Pardubice,Litvínov,2,2,SO,hockeyarchives
extraliga,2022/23,2023-03-03,Sparta Prague,Hradec Králové,3,2,,hockeyarchives
extraliga,2022/23,2023-03-03,Vítkovice,Brno,5,2,,hockeyarchives
extraliga,2022/23,2023-03-03,České Budějovice,Kladno,5,2,,hockeyarchives
extraliga,2022/23,2023-03-05,Brno,Sparta Prague,5,2,,hockeyarchives
extraliga,2022/23,2023-03-05,Hradec Králové,Pardubice,3,1,,hockeyarchives
extraliga,2022/23,2023-03-05,Kladno,Karlovy Vary,5,4,,hockeyarchives
extraliga,2022/23,2023-03-05,Liberec,Vítkovice,1,1,SO,hockeyarchives
extraliga,2022/23,2023-03-05,Litvínov,Olomouc,5,1,,hockeyarchives
extraliga,2022/23,2023-03-05,Plzeň,České Budějovice,3,5,,hockeyarchives
extraliga,2022/23,2023-03-05,Třinec,Mladá Boleslav,2,3,,hockeyarchives
extraliga,2022/23,2023-03-14,Brno,Mladá Boleslav,2,1,,hockeyarchives
extraliga,2022/23,2023-03-14,Karlovy Vary,Olomouc,2,2,OT,hockeyarchives
extraliga,2022/23,2023-03-14,Liberec,Plzeň,3,3,OT,hockeyarchives
extraliga,2022/23,2023-03-14,Litvínov,Třinec,2,4,,hockeyarchives
extraliga,2022/23,2023-03-14,Mladá Boleslav,Brno,1,5,,hockeyarchives
extraliga,2022/23,2023-03-14,Olomouc,Karlovy Vary,3,0,,hockeyarchives
extraliga,2022/23,2023-03-14,Plzeň,Liberec,1,1,OT,hockeyarchives
extraliga,2022/23,2023-03-14,Třinec,Litvínov,4,4,OT,hockeyarchives
extraliga,2022/23,2023-03-29,Brno,Vítkovice,3,3,OT,hockeyarchives
extraliga,2022/23,2023-03-29,Olomouc,Pardubice,2,3,,hockeyarchives
extraliga,2022/23,2023-03-29,Pardubice,Olomouc,2,0,,hockeyarchives
extraliga,2022/23,2023-03-29,Vítkovice,Brno,1,0,,hockeyarchives
extraliga,2022/23,2023-03-30,Hradec Králové,Liberec,6,4,,hockeyarchives
extraliga,2022/23,2023-03-30,Liberec,Hradec Králové,1,2,,hockeyarchives
extraliga,2022/23,2023-03-30,Sparta Prague,Třinec,0,3,,hockeyarchives
extraliga,2022/23,2023-03-30,Třinec,Sparta Prague,5,1,,hockeyarchives
extraliga,2022/23,2023-04-14,Pardubice,Třinec,1,2,,hockeyarchives
extraliga,2022/23,2023-04-14,Třinec,Pardubice,3,5,,hockeyarchives
extraliga,2022/23,2023-04-15,Hradec Králové,Vítkovice,1,1,OT,hockeyarchives
extraliga,2022/23,2023-04-15,Vítkovice,Hradec Králové,1,1,OT,hockeyarchives
extraliga,2022/23,2023-04-28,Kladno,Zlín,3,1,,hockeyarchives
extraliga,2022/23,2023-04-28,Zlín,Kladno,0,1,,hockeyarchives
extraliga,2022/23,2023-04-30,Hradec Králové,Třinec,3,0,,hockeyarchives
extraliga,2022/23,2023-04-30,Třinec,Hradec Králové,4,1,,hockeyarchives
extraliga,2023/24,2023-09-15,Brno,Hradec Králové,0,4,,hockeyarchives
extraliga,2023/24,2023-09-15,Liberec,Mladá Boleslav,4,3,,hockeyarchives
extraliga,2023/24,2023-09-15,Olomouc,Kladno,1,0,,hockeyarchives
extraliga,2023/24,2023-09-15,Pardubice,Litvínov,5,1,,hockeyarchives
extraliga,2023/24,2023-09-15,Plzeň,Třinec,3,1,,hockeyarchives
extraliga,2023/24,2023-09-15,Sparta Prague,České Budějovice,5,2,,hockeyarchives
extraliga,2023/24,2023-09-15,Vítkovice,Karlovy Vary,2,6,,hockeyarchives
extraliga,2023/24,2023-09-17,Hradec Králové,Liberec,5,3,,hockeyarchives
extraliga,2023/24,2023-09-17,Karlovy Vary,Brno,4,0,,hockeyarchives
extraliga,2023/24,2023-09-17,Kladno,Pardubice,1,3,,hockeyarchives
extraliga,2023/24,2023-09-17,Litvínov,Plzeň,4,2,,hockeyarchives
extraliga,2023/24,2023-09-17,Mladá Boleslav,Vítkovice,2,4,,hockeyarchives
extraliga,2023/24,2023-09-17,Třinec,Sparta Prague,2,2,SO,hockeyarchives
extraliga,2023/24,2023-09-17,České Budějovice,Olomouc,3,1,,hockeyarchives
extraliga,2023/24,2023-09-22,Brno,Litvínov,2,3,,hockeyarchives
extraliga,2023/24,2023-09-22,Hradec Králové,Mladá Boleslav,1,1,SO,hockeyarchives
extraliga,2023/24,2023-09-22,Olomouc,Karlovy Vary,4,3,,hockeyarchives
extraliga,2023/24,2023-09-22,Plzeň,České Budějovice,0,1,,hockeyarchives
extraliga,2023/24,2023-09-22,Sparta Prague,Pardubice,3,3,SO,hockeyarchives
extraliga,2023/24,2023-09-22,Třinec,Liberec,4,1,,hockeyarchives
extraliga,2023/24,2023-09-22,Vítkovice,Kladno,2,2,SO,hockeyarchives
extraliga,2023/24,2023-09-24,Karlovy Vary,Plzeň,2,5,,hockeyarchives
extraliga,2023/24,2023-09-24,Kladno,Sparta Prague,1,7,,hockeyarchives
extraliga,2023/24,2023-09-24,Litvínov,Liberec,4,1,,hockeyarchives
extraliga,2023/24,2023-09-24,Mladá Boleslav,Brno,6,3,,hockeyarchives
extraliga,2023/24,2023-09-24,Pardubice,Olomouc,3,1,,hockeyarchives
extraliga,2023/24,2023-09-24,Třinec,Vítkovice,3,3,OT,hockeyarchives
extraliga,2023/24,2023-09-24,České Budějovice,Hradec Králové,1,1,OT,hockeyarchives
extraliga,2023/24,2023-09-27,Brno,České Budějovice,4,0,,hockeyarchives
extraliga,2023/24,2023-09-27,Hradec Králové,Litvínov,2,2,SO,hockeyarchives
extraliga,2023/24,2023-09-27,Liberec,Kladno,3,2,,hockeyarchives
extraliga,2023/24,2023-09-27,Mladá Boleslav,Karlovy Vary,1,0,,hockeyarchives
extraliga,2023/24,2023-09-27,Olomouc,Třinec,3,4,,hockeyarchives
extraliga,2023/24,2023-09-27,Plzeň,Sparta Prague,2,3,,hockeyarchives
extraliga,2023/24,2023-09-27,Vítkovice,Pardubice,3,7,,hockeyarchives
extraliga,2023/24,2023-09-29,Hradec Králové,Karlovy Vary,2,4,,hockeyarchives
extraliga,2023/24,2023-09-29,Karlovy Vary,Liberec,5,2,,hockeyarchives
extraliga,2023/24,2023-09-29,Kladno,Brno,1,4,,hockeyarchives
extraliga,2023/24,2023-09-29,Liberec,Pardubice,3,3,SO,hockeyarchives
extraliga,2023/24,2023-09-29,Litvínov,Mladá Boleslav,5,2,,hockeyarchives
extraliga,2023/24,2023-09-29,Litvínov,Třinec,6,4,,hockeyarchives
extraliga,2023/24,2023-09-29,Mladá Boleslav,České Budějovice,2,5,,hockeyarchives
extraliga,2023/24,2023-09-29,Pardubice,Plzeň,4,1,,hockeyarchives
extraliga,2023/24,2023-09-29,Plzeň,Kladno,4,4,OT,hockeyarchives
extraliga,2023/24,2023-09-29,Sparta Prague,Brno,0,2,,hockeyarchives
extraliga,2023/24,2023-09-29,Sparta Prague,Olomouc,4,0,,hockeyarchives
extraliga,2023/24,2023-09-29,Třinec,Hradec Králové,0,5,,hockeyarchives
extraliga,2023/24,2023-09-29,Vítkovice,Olomouc,3,3,OT,hockeyarchives
extraliga,2023/24,2023-09-29,České Budějovice,Vítkovice,2,1,,hockeyarchives
extraliga,2023/24,2023-10-06,Karlovy Vary,Litvínov,1,4,,hockeyarchives
extraliga,2023/24,2023-10-06,Kladno,Hradec Králové,3,3,OT,hockeyarchives
extraliga,2023/24,2023-10-06,Olomouc,Plzeň,3,2,,hockeyarchives
extraliga,2023/24,2023-10-06,Pardubice,Brno,5,3,,hockeyarchives
extraliga,2023/24,2023-10-06,Sparta Prague,Vítkovice,3,2,,hockeyarchives
extraliga,2023/24,2023-10-06,Třinec,Mladá Boleslav,4,1,,hockeyarchives
extraliga,2023/24,2023-10-06,České Budějovice,Liberec,3,3,OT,hockeyarchives
extraliga,2023/24,2023-10-08,Brno,Olomouc,2,2,OT,hockeyarchives
extraliga,2023/24,2023-10-08,Hradec Králové,Pardubice,2,4,,hockeyarchives
extraliga,2023/24,2023-10-08,Litvínov,České Budějovice,4,3,,hockeyarchives
extraliga,2023/24,2023-10-08,Mladá Boleslav,Kladno,3,4,,hockeyarchives
extraliga,2023/24,2023-10-08,Plzeň,Vítkovice,1,0,,hockeyarchives
extraliga,2023/24,2023-10-08,Sparta Prague,Liberec,1,4,,hockeyarchives
extraliga,2023/24,2023-10-08,Třinec,Karlovy Vary,5,1,,hockeyarchives
extraliga,2023/24,2023-10-13,Litvínov,Sparta Prague,4,2,,hockeyarchives
extraliga,2023/24,2023-10-13,Olomouc,Hradec Králové,1,1,SO,hockeyarchives
extraliga,2023/24,2023-10-13,Pardubice,Mladá Boleslav,3,1,,hockeyarchives
extraliga,2023/24,2023-10-13,Plzeň,Brno,1,2,,hockeyarchives
extraliga,2023/24,2023-10-13,Třinec,Kladno,5,0,,hockeyarchives
extraliga,2023/24,2023-10-13,Vítkovice,Liberec,5,2,,hockeyarchives
extraliga,2023/24,2023-10-13,České Budějovice,Karlovy Vary,2,2,SO,hockeyarchives
extraliga,2023/24,2023-10-15,Brno,Vítkovice,3,5,,hockeyarchives
extraliga,2023/24,2023-10-15,Karlovy Vary,Pardubice,0,3,,hockeyarchives
extraliga,2023/24,2023-10-15,Liberec,Olomouc,4,1,,hockeyarchives
extraliga,2023/24,2023-10-15,Litvínov,Kladno,4,4,OT,hockeyarchives
extraliga,2023/24,2023-10-15,Mladá Boleslav,Plzeň,3,4,,hockeyarchives
extraliga,2023/24,2023-10-15,Sparta Prague,Hradec Králové,3,1,,hockeyarchives
extraliga,2023/24,2023-10-15,České Budějovice,Třinec,1,1,SO,hockeyarchives
extraliga,2023/24,2023-10-20,Brno,Liberec,5,2,,hockeyarchives
extraliga,2023/24,2023-10-20,Kladno,České Budějovice,2,2,OT,hockeyarchives
extraliga,2023/24,2023-10-20,Litvínov,Vítkovice,6,3,,hockeyarchives
extraliga,2023/24,2023-10-20,Olomouc,Mladá Boleslav,2,3,,hockeyarchives
extraliga,2023/24,2023-10-20,Pardubice,Třinec,3,3,OT,hockeyarchives
extraliga,2023/24,2023-10-20,Plzeň,Hradec Králové,3,2,,hockeyarchives
extraliga,2023/24,2023-10-20,Sparta Prague,Karlovy Vary,2,5,,hockeyarchives
extraliga,2023/24,2023-10-22,Brno,Třinec,2,2,SO,hockeyarchives
extraliga,2023/24,2023-10-22,Hradec Králové,Vítkovice,2,0,,hockeyarchives
extraliga,2023/24,2023-10-22,Karlovy Vary,Kladno,1,2,,hockeyarchives
extraliga,2023/24,2023-10-22,Liberec,Plzeň,3,3,SO,hockeyarchives
extraliga,2023/24,2023-10-22,Olomouc,Litvínov,2,1,,hockeyarchives
extraliga,2023/24,2023-10-22,Sparta Prague,Mladá Boleslav,4,1,,hockeyarchives
extraliga,2023/24,2023-10-22,České Budějovice,Pardubice,3,3,OT,hockeyarchives
extraliga,2023/24,2023-10-24,Brno,Kladno,2,2,OT,hockeyarchives
extraliga,2023/24,2023-10-24,Hradec Králové,Třinec,2,3,,hockeyarchives
extraliga,2023/24,2023-10-24,Mladá Boleslav,Litvínov,2,3,,hockeyarchives
extraliga,2023/24,2023-10-24,Olomouc,Sparta Prague,2,4,,hockeyarchives
extraliga,2023/24,2023-10-24,Plzeň,Pardubice,1,3,,hockeyarchives
extraliga,2023/24,2023-10-24,Vítkovice,České Budějovice,5,7,,hockeyarchives
extraliga,2023/24,2023-10-27,Hradec Králové,Brno,1,5,,hockeyarchives
extraliga,2023/24,2023-10-27,Karlovy Vary,Vítkovice,3,1,,hockeyarchives
extraliga,2023/24,2023-10-27,Kladno,Olomouc,3,2,,hockeyarchives
extraliga,2023/24,2023-10-27,Litvínov,Pardubice,4,1,,hockeyarchives
extraliga,2023/24,2023-10-27,Mladá Boleslav,Liberec,0,8,,hockeyarchives
extraliga,2023/24,2023-10-27,Třinec,Plzeň,4,1,,hockeyarchives
extraliga,2023/24,2023-10-27,České Budějovice,Sparta Prague,1,4,,hockeyarchives
extraliga,2023/24,2023-10-29,Brno,Karlovy Vary,3,0,,hockeyarchives
extraliga,2023/24,2023-10-29,Kladno,Pardubice,2,6,,hockeyarchives
extraliga,2023/24,2023-10-29,Liberec,Hradec Králové,5,4,,hockeyarchives
extraliga,2023/24,2023-10-29,Mladá Boleslav,Vítkovice,2,3,,hockeyarchives
extraliga,2023/24,2023-10-29,Olomouc,České Budějovice,5,2,,hockeyarchives
extraliga,2023/24,2023-10-29,Plzeň,Litvínov,5,2,,hockeyarchives
extraliga,2023/24,2023-10-29,Sparta Prague,Třinec,2,2,OT,hockeyarchives
extraliga,2023/24,2023-10-31,Karlovy Vary,Olomouc,4,4,SO,hockeyarchives
extraliga,2023/24,2023-10-31,Kladno,Vítkovice,0,4,,hockeyarchives
extraliga,2023/24,2023-10-31,Liberec,Třinec,1,3,,hockeyarchives
extraliga,2023/24,2023-10-31,Litvínov,Brno,6,3,,hockeyarchives
extraliga,2023/24,2023-10-31,Mladá Boleslav,Hradec Králové,0,3,,hockeyarchives
extraliga,2023/24,2023-10-31,Pardubice,Sparta Prague,4,3,,hockeyarchives
extraliga,2023/24,2023-10-31,České Budějovice,Plzeň,4,1,,hockeyarchives
extraliga,2023/24,2023-11-03,Brno,Mladá Boleslav,2,1,,hockeyarchives
extraliga,2023/24,2023-11-03,Hradec Králové,České Budějovice,4,1,,hockeyarchives
extraliga,2023/24,2023-11-03,Kladno,Sparta Prague,2,3,,hockeyarchives
extraliga,2023/24,2023-11-03,Liberec,Litvínov,5,2,,hockeyarchives
extraliga,2023/24,2023-11-03,Olomouc,Pardubice,1,5,,hockeyarchives
extraliga,2023/24,2023-11-03,Plzeň,Karlovy Vary,2,2,OT,hockeyarchives
extraliga,2023/24,2023-11-03,Vítkovice,Třinec,3,6,,hockeyarchives
extraliga,2023/24,2023-11-05,Karlovy Vary,Mladá Boleslav,1,1,SO,hockeyarchives
extraliga,2023/24,2023-11-05,Kladno,Liberec,3,6,,hockeyarchives
extraliga,2023/24,2023-11-05,Litvínov,Hradec Králové,0,2,,hockeyarchives
extraliga,2023/24,2023-11-05,Sparta Prague,Plzeň,5,3,,hockeyarchives
extraliga,2023/24,2023-11-05,Třinec,Olomouc,5,0,,hockeyarchives
extraliga,2023/24,2023-11-05,Vítkovice,Pardubice,0,2,,hockeyarchives
extraliga,2023/24,2023-11-05,České Budějovice,Brno,5,2,,hockeyarchives
extraliga,2023/24,2023-11-17,Brno,Kladno,8,1,,hockeyarchives
extraliga,2023/24,2023-11-17,Hradec Králové,Třinec,3,5,,hockeyarchives
extraliga,2023/24,2023-11-17,Liberec,Karlovy Vary,4,4,OT,hockeyarchives
extraliga,2023/24,2023-11-17,Mladá Boleslav,Litvínov,5,0,,hockeyarchives
extraliga,2023/24,2023-11-17,Olomouc,Sparta Prague,1,3,,hockeyarchives
extraliga,2023/24,2023-11-17,Plzeň,Pardubice,1,6,,hockeyarchives
extraliga,2023/24,2023-11-17,Vítkovice,České Budějovice,1,2,,hockeyarchives
extraliga,2023/24,2023-11-19,Brno,Sparta Prague,1,1,OT,hockeyarchives
extraliga,2023/24,2023-11-19,Karlovy Vary,Hradec Králové,3,4,,hockeyarchives
extraliga,2023/24,2023-11-19,Kladno,Plzeň,2,4,,hockeyarchives
extraliga,2023/24,2023-11-19,Olomouc,Vítkovice,2,2,OT,hockeyarchives
extraliga,2023/24,2023-11-19,Pardubice,Liberec,2,3,,hockeyarchives
extraliga,2023/24,2023-11-19,Třinec,Litvínov,2,2,OT,hockeyarchives
extraliga,2023/24,2023-11-19,České Budějovice,Mladá Boleslav,3,2,,hockeyarchives
extraliga,2023/24,2023-11-24,Brno,Pardubice,3,3,OT,hockeyarchives
extraliga,2023/24,2023-11-24,Hradec Králové,Kladno,2,1,,hockeyarchives
extraliga,2023/24,2023-11-24,Liberec,České Budějovice,2,5,,hockeyarchives
extraliga,2023/24,2023-11-24,Litvínov,Karlovy Vary,6,4,,hockeyarchives
extraliga,2023/24,2023-11-24,Mladá Boleslav,Třinec,2,2,SO,hockeyarchives
extraliga,2023/24,2023-11-24,Plzeň,Olomouc,1,1,SO,hockeyarchives
extraliga,2023/24,2023-11-24,Vítkovice,Sparta Prague,1,3,,hockeyarchives
extraliga,2023/24,2023-11-26,Kladno,Mladá Boleslav,2,2,SO,hockeyarchives
extraliga,2023/24,2023-11-26,Liberec,Sparta Prague,4,5,,hockeyarchives
extraliga,2023/24,2023-11-26,Olomouc,Brno,3,1,,hockeyarchives
extraliga,2023/24,2023-11-26,Pardubice,Hradec Králové,5,2,,hockeyarchives
extraliga,2023/24,2023-11-26,Třinec,Karlovy Vary,3,1,,hockeyarchives
extraliga,2023/24,2023-11-26,Vítkovice,Plzeň,2,2,OT,hockeyarchives
extraliga,2023/24,2023-11-26,České Budějovice,Litvínov,1,0,,hockeyarchives
extraliga,2023/24,2023-11-28,Brno,Plzeň,4,1,,hockeyarchives
extraliga,2023/24,2023-11-28,Hradec Králové,Olomouc,5,3,,hockeyarchives
extraliga,2023/24,2023-11-28,Hradec Králové,Sparta Prague,2,1,,hockeyarchives
extraliga,2023/24,2023-11-28,Karlovy Vary,České Budějovice,4,2,,hockeyarchives
extraliga,2023/24,2023-11-28,Kladno,Litvínov,3,0,,hockeyarchives
extraliga,2023/24,2023-11-28,Liberec,Vítkovice,2,1,,hockeyarchives
extraliga,2023/24,2023-11-28,Mladá Boleslav,Pardubice,1,4,,hockeyarchives
extraliga,2023/24,2023-11-28,Olomouc,Liberec,3,2,,hockeyarchives
extraliga,2023/24,2023-11-28,Pardubice,Karlovy Vary,5,2,,hockeyarchives
extraliga,2023/24,2023-11-28,Plzeň,Mladá Boleslav,5,0,,hockeyarchives
extraliga,2023/24,2023-11-28,Sparta Prague,Litvínov,3,1,,hockeyarchives
extraliga,2023/24,2023-11-28,Třinec,Kladno,3,3,OT,hockeyarchives
extraliga,2023/24,2023-11-28,Třinec,České Budějovice,3,2,,hockeyarchives
extraliga,2023/24,2023-12-03,Hradec Králové,Plzeň,1,1,SO,hockeyarchives
extraliga,2023/24,2023-12-03,Karlovy Vary,Sparta Prague,0,3,,hockeyarchives
extraliga,2023/24,2023-12-03,Liberec,Brno,1,6,,hockeyarchives
extraliga,2023/24,2023-12-03,Mladá Boleslav,Olomouc,2,4,,hockeyarchives
extraliga,2023/24,2023-12-03,Třinec,Pardubice,1,5,,hockeyarchives
extraliga,2023/24,2023-12-03,Vítkovice,Litvínov,6,2,,hockeyarchives
extraliga,2023/24,2023-12-03,České Budějovice,Kladno,6,3,,hockeyarchives
extraliga,2023/24,2023-12-08,Kladno,Karlovy Vary,2,2,SO,hockeyarchives
extraliga,2023/24,2023-12-08,Litvínov,Olomouc,1,1,OT,hockeyarchives
extraliga,2023/24,2023-12-08,Mladá Boleslav,Sparta Prague,3,6,,hockeyarchives
extraliga,2023/24,2023-12-08,Pardubice,České Budějovice,3,3,OT,hockeyarchives
extraliga,2023/24,2023-12-08,Plzeň,Liberec,1,3,,hockeyarchives
extraliga,2023/24,2023-12-08,Třinec,Brno,2,1,,hockeyarchives
extraliga,2023/24,2023-12-08,Vítkovice,Hradec Králové,2,2,OT,hockeyarchives
extraliga,2023/24,2023-12-10,Hradec Králové,Brno,5,2,,hockeyarchives
extraliga,2023/24,2023-12-10,Liberec,Mladá Boleslav,4,1,,hockeyarchives
extraliga,2023/24,2023-12-10,Olomouc,Kladno,2,2,OT,hockeyarchives
extraliga,2023/24,2023-12-10,Pardubice,Litvínov,2,4,,hockeyarchives
extraliga,2023/24,2023-12-10,Plzeň,Třinec,5,4,,hockeyarchives
extraliga,2023/24,2023-12-10,Sparta Prague,České Budějovice,2,2,OT,hockeyarchives
extraliga,2023/24,2023-12-10,Vítkovice,Karlovy Vary,4,1,,hockeyarchives
extraliga,2023/24,2023-12-20,Hradec Králové,Liberec,2,5,,hockeyarchives
extraliga,2023/24,2023-12-20,Karlovy Vary,Brno,2,2,OT,hockeyarchives
extraliga,2023/24,2023-12-20,Litvínov,Plzeň,2,2,SO,hockeyarchives
extraliga,2023/24,2023-12-20,Pardubice,Kladno,4,3,,hockeyarchives
extraliga,2023/24,2023-12-20,Třinec,Sparta Prague,1,1,SO,hockeyarchives
extraliga,2023/24,2023-12-20,Vítkovice,Mladá Boleslav,2,0,,hockeyarchives
extraliga,2023/24,2023-12-20,České Budějovice,Olomouc,4,0,,hockeyarchives
extraliga,2023/24,2023-12-26,Karlovy Vary,Plzeň,4,1,,hockeyarchives
extraliga,2023/24,2023-12-26,Litvínov,Liberec,6,3,,hockeyarchives
extraliga,2023/24,2023-12-26,Mladá Boleslav,Brno,3,1,,hockeyarchives
extraliga,2023/24,2023-12-26,Pardubice,Olomouc,8,2,,hockeyarchives
extraliga,2023/24,2023-12-26,Sparta Prague,Kladno,5,3,,hockeyarchives
extraliga,2023/24,2023-12-26,Třinec,Vítkovice,2,4,,hockeyarchives
extraliga,2023/24,2023-12-26,České Budějovice,Hradec Králové,4,2,,hockeyarchives
extraliga,2023/24,2023-12-28,Brno,České Budějovice,2,5,,hockeyarchives
extraliga,2023/24,2023-12-28,Hradec Králové,Litvínov,1,5,,hockeyarchives
extraliga,2023/24,2023-12-28,Liberec,Kladno,4,8,,hockeyarchives
extraliga,2023/24,2023-12-28,Mladá Boleslav,Karlovy Vary,4,1,,hockeyarchives
extraliga,2023/24,2023-12-28,Olomouc,Třinec,1,2,,hockeyarchives
extraliga,2023/24,2023-12-28,Pardubice,Vítkovice,1,1,SO,hockeyarchives
extraliga,2023/24,2023-12-28,Plzeň,Sparta Prague,2,4,,hockeyarchives
extraliga,2023/24,2023-12-30,Karlovy Vary,Liberec,2,4,,hockeyarchives
extraliga,2023/24,2023-12-30,Kladno,Brno,4,4,OT,hockeyarchives
extraliga,2023/24,2023-12-30,Litvínov,Mladá Boleslav,6,1,,hockeyarchives
extraliga,2023/24,2023-12-30,Pardubice,Plzeň,3,1,,hockeyarchives
extraliga,2023/24,2023-12-30,Sparta Prague,Olomouc,1,4,,hockeyarchives
extraliga,2023/24,2023-12-30,Třinec,Hradec Králové,7,2,,hockeyarchives
extraliga,2023/24,2023-12-30,České Budějovice,Vítkovice,3,3,SO,hockeyarchives
extraliga,2023/24,2024-01-03,Brno,Pardubice,6,6,OT,hockeyarchives
extraliga,2023/24,2024-01-03,Hradec Králové,Kladno,4,2,,hockeyarchives
extraliga,2023/24,2024-01-03,Liberec,České Budějovice,4,1,,hockeyarchives
extraliga,2023/24,2024-01-03,Litvínov,Karlovy Vary,1,6,,hockeyarchives
extraliga,2023/24,2024-01-03,Mladá Boleslav,Třinec,2,2,SO,hockeyarchives
extraliga,2023/24,2024-01-03,Plzeň,Olomouc,8,0,,hockeyarchives
extraliga,2023/24,2024-01-03,Sparta Prague,Vítkovice,2,1,,hockeyarchives
extraliga,2023/24,2024-01-05,Brno,Sparta Prague,2,3,,hockeyarchives
extraliga,2023/24,2024-01-05,Hradec Králové,Karlovy Vary,2,2,SO,hockeyarchives
extraliga,2023/24,2024-01-05,Liberec,Pardubice,1,4,,hockeyarchives
extraliga,2023/24,2024-01-05,Litvínov,Třinec,5,2,,hockeyarchives
extraliga,2023/24,2024-01-05,Mladá Boleslav,České Budějovice,2,4,,hockeyarchives
extraliga,2023/24,2024-01-05,Plzeň,Kladno,7,2,,hockeyarchives
extraliga,2023/24,2024-01-05,Vítkovice,Olomouc,2,2,OT,hockeyarchives
extraliga,2023/24,2024-01-07,Karlovy Vary,Litvínov,1,1,OT,hockeyarchives
extraliga,2023/24,2024-01-07,Kladno,Hradec Králové,1,1,OT,hockeyarchives
extraliga,2023/24,2024-01-07,Olomouc,Plzeň,7,3,,hockeyarchives
extraliga,2023/24,2024-01-07,Pardubice,Brno,3,3,OT,hockeyarchives
extraliga,2023/24,2024-01-07,Třinec,Mladá Boleslav,1,1,OT,hockeyarchives
extraliga,2023/24,2024-01-07,Vítkovice,Sparta Prague,2,4,,hockeyarchives
extraliga,2023/24,2024-01-07,České Budějovice,Liberec,1,8,,hockeyarchives
extraliga,2023/24,2024-01-12,Brno,Olomouc,4,3,,hockeyarchives
extraliga,2023/24,2024-01-12,Hradec Králové,Pardubice,2,3,,hockeyarchives
extraliga,2023/24,2024-01-12,Karlovy Vary,Třinec,0,3,,hockeyarchives
extraliga,2023/24,2024-01-12,Liberec,Sparta Prague,3,4,,hockeyarchives
extraliga,2023/24,2024-01-12,Litvínov,České Budějovice,3,3,OT,hockeyarchives
extraliga,2023/24,2024-01-12,Mladá Boleslav,Kladno,3,3,SO,hockeyarchives
extraliga,2023/24,2024-01-12,Plzeň,Vítkovice,2,1,,hockeyarchives
extraliga,2023/24,2024-01-14,Kladno,Třinec,3,5,,hockeyarchives
extraliga,2023/24,2024-01-14,Olomouc,Hradec Králové,2,2,SO,hockeyarchives
extraliga,2023/24,2024-01-14,Pardubice,Mladá Boleslav,3,3,OT,hockeyarchives
extraliga,2023/24,2024-01-14,Plzeň,Brno,2,3,,hockeyarchives
extraliga,2023/24,2024-01-14,Sparta Prague,Litvínov,6,3,,hockeyarchives
extraliga,2023/24,2024-01-14,Vítkovice,Liberec,2,0,,hockeyarchives
extraliga,2023/24,2024-01-14,České Budějovice,Karlovy Vary,3,0,,hockeyarchives
extraliga,2023/24,2024-01-17,Brno,Litvínov,3,1,,hockeyarchives
extraliga,2023/24,2024-01-17,Hradec Králové,Mladá Boleslav,2,2,OT,hockeyarchives
extraliga,2023/24,2024-01-17,Kladno,Vítkovice,2,3,,hockeyarchives
extraliga,2023/24,2024-01-17,Liberec,Třinec,4,1,,hockeyarchives
extraliga,2023/24,2024-01-17,Olomouc,Karlovy Vary,3,1,,hockeyarchives
extraliga,2023/24,2024-01-17,Plzeň,České Budějovice,4,3,,hockeyarchives
extraliga,2023/24,2024-01-17,Sparta Prague,Pardubice,1,1,OT,hockeyarchives
extraliga,2023/24,2024-01-19,Brno,Vítkovice,7,1,,hockeyarchives
extraliga,2023/24,2024-01-19,Hradec Králové,Sparta Prague,2,2,SO,hockeyarchives
extraliga,2023/24,2024-01-19,Karlovy Vary,Pardubice,3,3,OT,hockeyarchives
extraliga,2023/24,2024-01-19,Liberec,Olomouc,5,2,,hockeyarchives
extraliga,2023/24,2024-01-19,Litvínov,Kladno,4,3,,hockeyarchives
extraliga,2023/24,2024-01-19,Mladá Boleslav,Plzeň,1,1,SO,hockeyarchives
extraliga,2023/24,2024-01-19,Třinec,České Budějovice,3,3,OT,hockeyarchives
extraliga,2023/24,2024-01-21,Brno,Liberec,4,1,,hockeyarchives
extraliga,2023/24,2024-01-21,Kladno,České Budějovice,0,3,,hockeyarchives
extraliga,2023/24,2024-01-21,Olomouc,Mladá Boleslav,7,1,,hockeyarchives
extraliga,2023/24,2024-01-21,Pardubice,Třinec,5,3,,hockeyarchives
extraliga,2023/24,2024-01-21,Plzeň,Hradec Králové,2,2,OT,hockeyarchives
extraliga,2023/24,2024-01-21,Sparta Prague,Karlovy Vary,1,4,,hockeyarchives
extraliga,2023/24,2024-01-21,Vítkovice,Litvínov,5,1,,hockeyarchives
extraliga,2023/24,2024-01-23,Hradec Králové,Vítkovice,3,3,SO,hockeyarchives
extraliga,2023/24,2024-01-23,Karlovy Vary,Kladno,4,1,,hockeyarchives
extraliga,2023/24,2024-01-23,Liberec,Plzeň,2,1,,hockeyarchives
extraliga,2023/24,2024-01-23,Litvínov,Olomouc,4,1,,hockeyarchives
extraliga,2023/24,2024-01-23,Mladá Boleslav,Sparta Prague,3,2,,hockeyarchives
extraliga,2023/24,2024-01-23,Třinec,Brno,5,1,,hockeyarchives
extraliga,2023/24,2024-01-23,České Budějovice,Pardubice,3,4,,hockeyarchives
extraliga,2023/24,2024-01-26,Brno,Hradec Králové,2,2,OT,hockeyarchives
extraliga,2023/24,2024-01-26,Karlovy Vary,Vítkovice,0,3,,hockeyarchives
extraliga,2023/24,2024-01-26,Kladno,Olomouc,2,3,,hockeyarchives
extraliga,2023/24,2024-01-26,Litvínov,Pardubice,1,3,,hockeyarchives
extraliga,2023/24,2024-01-26,Mladá Boleslav,Liberec,1,4,,hockeyarchives
extraliga,2023/24,2024-01-26,Třinec,Plzeň,3,0,,hockeyarchives
extraliga,2023/24,2024-01-26,České Budějovice,Sparta Prague,5,3,,hockeyarchives
extraliga,2023/24,2024-01-28,Brno,Karlovy Vary,5,1,,hockeyarchives
extraliga,2023/24,2024-01-28,Liberec,Hradec Králové,3,3,SO,hockeyarchives
extraliga,2023/24,2024-01-28,Olomouc,České Budějovice,2,2,SO,hockeyarchives
extraliga,2023/24,2024-01-28,Pardubice,Kladno,3,1,,hockeyarchives
extraliga,2023/24,2024-01-28,Plzeň,Litvínov,3,5,,hockeyarchives
extraliga,2023/24,2024-01-28,Sparta Prague,Třinec,5,1,,hockeyarchives
extraliga,2023/24,2024-01-28,Vítkovice,Mladá Boleslav,0,0,OT,hockeyarchives
extraliga,2023/24,2024-02-02,Karlovy Vary,Olomouc,1,3,,hockeyarchives
extraliga,2023/24,2024-02-02,Litvínov,Brno,2,3,,hockeyarchives
extraliga,2023/24,2024-02-02,Mladá Boleslav,Hradec Králové,2,1,,hockeyarchives
extraliga,2023/24,2024-02-02,Pardubice,Sparta Prague,1,3,,hockeyarchives
extraliga,2023/24,2024-02-02,Třinec,Liberec,5,1,,hockeyarchives
extraliga,2023/24,2024-02-02,Vítkovice,Kladno,4,2,,hockeyarchives
extraliga,2023/24,2024-02-02,České Budějovice,Plzeň,4,3,,hockeyarchives
extraliga,2023/24,2024-02-04,Brno,Mladá Boleslav,2,2,OT,hockeyarchives
extraliga,2023/24,2024-02-04,Hradec Králové,České Budějovice,4,0,,hockeyarchives
extraliga,2023/24,2024-02-04,Liberec,Litvínov,6,2,,hockeyarchives
extraliga,2023/24,2024-02-04,Olomouc,Pardubice,2,1,,hockeyarchives
extraliga,2023/24,2024-02-04,Plzeň,Karlovy Vary,4,3,,hockeyarchives
extraliga,2023/24,2024-02-04,Sparta Prague,Kladno,5,3,,hockeyarchives
extraliga,2023/24,2024-02-04,Vítkovice,Třinec,2,6,,hockeyarchives
extraliga,2023/24,2024-02-14,Karlovy Vary,Mladá Boleslav,4,1,,hockeyarchives
extraliga,2023/24,2024-02-14,Kladno,Liberec,2,7,,hockeyarchives
extraliga,2023/24,2024-02-14,Litvínov,Hradec Králové,5,5,OT,hockeyarchives
extraliga,2023/24,2024-02-14,Pardubice,Vítkovice,5,3,,hockeyarchives
extraliga,2023/24,2024-02-14,Sparta Prague,Plzeň,4,2,,hockeyarchives
extraliga,2023/24,2024-02-14,Třinec,Olomouc,6,1,,hockeyarchives
extraliga,2023/24,2024-02-14,České Budějovice,Brno,1,2,,hockeyarchives
extraliga,2023/24,2024-02-16,Liberec,Karlovy Vary,1,1,SO,hockeyarchives
extraliga,2023/24,2024-02-18,Karlovy Vary,Hradec Králové,0,3,,hockeyarchives
extraliga,2023/24,2024-02-18,Kladno,Plzeň,3,3,OT,hockeyarchives
extraliga,2023/24,2024-02-18,Olomouc,Vítkovice,1,2,,hockeyarchives
extraliga,2023/24,2024-02-18,Pardubice,Liberec,7,1,,hockeyarchives
extraliga,2023/24,2024-02-18,Sparta Prague,Brno,4,4,SO,hockeyarchives
extraliga,2023/24,2024-02-18,Třinec,Litvínov,5,2,,hockeyarchives
extraliga,2023/24,2024-02-18,České Budějovice,Mladá Boleslav,0,1,,hockeyarchives
extraliga,2023/24,2024-02-21,Vítkovice,Brno,4,0,,hockeyarchives
extraliga,2023/24,2024-02-23,Karlovy Vary,Třinec,4,5,,hockeyarchives
extraliga,2023/24,2024-02-23,Kladno,Mladá Boleslav,0,5,,hockeyarchives
extraliga,2023/24,2024-02-23,Olomouc,Brno,3,3,SO,hockeyarchives
extraliga,2023/24,2024-02-23,Pardubice,Hradec Králové,2,2,OT,hockeyarchives
extraliga,2023/24,2024-02-23,Sparta Prague,Liberec,4,1,,hockeyarchives
extraliga,2023/24,2024-02-23,Vítkovice,Plzeň,1,0,,hockeyarchives
extraliga,2023/24,2024-02-23,České Budějovice,Litvínov,4,7,,hockeyarchives
extraliga,2023/24,2024-02-25,Brno,Plzeň,5,1,,hockeyarchives
extraliga,2023/24,2024-02-25,Hradec Králové,Olomouc,2,4,,hockeyarchives
extraliga,2023/24,2024-02-25,Karlovy Vary,České Budějovice,0,3,,hockeyarchives
extraliga,2023/24,2024-02-25,Kladno,Třinec,5,2,,hockeyarchives
extraliga,2023/24,2024-02-25,Liberec,Vítkovice,3,3,OT,hockeyarchives
extraliga,2023/24,2024-02-25,Litvínov,Sparta Prague,3,8,,hockeyarchives
extraliga,2023/24,2024-02-25,Mladá Boleslav,Pardubice,1,4,,hockeyarchives
extraliga,2023/24,2024-02-27,Hradec Králové,Plzeň,3,1,,hockeyarchives
extraliga,2023/24,2024-02-27,Karlovy Vary,Sparta Prague,5,1,,hockeyarchives
extraliga,2023/24,2024-02-27,Kladno,Litvínov,2,0,,hockeyarchives
extraliga,2023/24,2024-02-27,Liberec,Brno,4,6,,hockeyarchives
extraliga,2023/24,2024-02-27,Litvínov,Vítkovice,5,4,,hockeyarchives
extraliga,2023/24,2024-02-27,Mladá Boleslav,Olomouc,2,0,,hockeyarchives
extraliga,2023/24,2024-02-27,Olomouc,Liberec,2,5,,hockeyarchives
extraliga,2023/24,2024-02-27,Pardubice,Karlovy Vary,6,2,,hockeyarchives
extraliga,2023/24,2024-02-27,Plzeň,Mladá Boleslav,3,5,,hockeyarchives
extraliga,2023/24,2024-02-27,Sparta Prague,Hradec Králové,4,1,,hockeyarchives
extraliga,2023/24,2024-02-27,Třinec,Pardubice,3,3,SO,hockeyarchives
extraliga,2023/24,2024-02-27,Vítkovice,Brno,2,0,,hockeyarchives
extraliga,2023/24,2024-02-27,České Budějovice,Kladno,5,3,,hockeyarchives
extraliga,2023/24,2024-02-27,České Budějovice,Třinec,5,2,,hockeyarchives
extraliga,2023/24,2024-03-03,Brno,Třinec,2,2,OT,hockeyarchives
extraliga,2023/24,2024-03-03,Kladno,Karlovy Vary,1,4,,hockeyarchives
extraliga,2023/24,2024-03-03,Olomouc,Litvínov,3,3,SO,hockeyarchives
extraliga,2023/24,2024-03-03,Pardubice,České Budějovice,7,2,,hockeyarchives
extraliga,2023/24,2024-03-03,Plzeň,Liberec,3,6,,hockeyarchives
extraliga,2023/24,2024-03-03,Sparta Prague,Mladá Boleslav,2,1,,hockeyarchives
extraliga,2023/24,2024-03-03,Vítkovice,Hradec Králové,1,1,SO,hockeyarchives
extraliga,2023/24,2024-03-12,Hradec Králové,Vítkovice,1,0,,hockeyarchives
extraliga,2023/24,2024-03-12,Karlovy Vary,České Budějovice,1,3,,hockeyarchives
extraliga,2023/24,2024-03-12,Liberec,Olomouc,4,1,,hockeyarchives
extraliga,2023/24,2024-03-12,Litvínov,Plzeň,4,1,,hockeyarchives
extraliga,2023/24,2024-03-12,Olomouc,Liberec,3,5,,hockeyarchives
extraliga,2023/24,2024-03-12,Plzeň,Litvínov,1,1,OT,hockeyarchives
extraliga,2023/24,2024-03-12,Vítkovice,Hradec Králové,1,3,,hockeyarchives
extraliga,2023/24,2024-03-12,České Budějovice,Karlovy Vary,4,4,OT,hockeyarchives
extraliga,2023/24,2024-03-27,Hradec Králové,Pardubice,0,1,,hockeyarchives
extraliga,2023/24,2024-03-27,Liberec,Sparta Prague,2,5,,hockeyarchives
extraliga,2023/24,2024-03-27,Pardubice,Hradec Králové,3,2,,hockeyarchives
extraliga,2023/24,2024-03-27,Sparta Prague,Liberec,2,2,OT,hockeyarchives
extraliga,2023/24,2024-03-28,Brno,Litvínov,1,1,OT,hockeyarchives
extraliga,2023/24,2024-03-28,Litvínov,Brno,4,1,,hockeyarchives
extraliga,2023/24,2024-03-28,Třinec,České Budějovice,2,0,,hockeyarchives
extraliga,2023/24,2024-03-28,České Budějovice,Třinec,3,0,,hockeyarchives
extraliga,2023/24,2024-04-12,Litvínov,Pardubice,5,6,,hockeyarchives
extraliga,2023/24,2024-04-12,Pardubice,Litvínov,3,0,,hockeyarchives
extraliga,2023/24,2024-04-13,Sparta Prague,Třinec,2,2,OT,hockeyarchives
extraliga,2023/24,2024-04-13,Třinec,Sparta Prague,1,1,OT,hockeyarchives
extraliga,2023/24,2024-04-28,Pardubice,Třinec,1,1,OT,hockeyarchives
extraliga,2023/24,2024-04-28,Třinec,Pardubice,4,1,,hockeyarchives
extraliga,2023/24,2024-04-29,Kladno,Vsetín,7,2,,hockeyarchives
extraliga,2023/24,2024-04-29,Vsetín,Kladno,3,4,,hockeyarchives
extraliga,2024/25,2024-09-18,Brno,Liberec,1,2,,hockeyarchives
extraliga,2024/25,2024-09-18,Litvínov,Hradec Králové,4,2,,hockeyarchives
extraliga,2024/25,2024-09-18,Mladá Boleslav,Olomouc,4,2,,hockeyarchives
extraliga,2024/25,2024-09-18,Pardubice,Kladno,5,1,,hockeyarchives
extraliga,2024/25,2024-09-18,Sparta Prague,Třinec,3,0,,hockeyarchives
extraliga,2024/25,2024-09-18,Vítkovice,Plzeň,2,2,OT,hockeyarchives
extraliga,2024/25,2024-09-18,České Budějovice,Karlovy Vary,3,0,,hockeyarchives
extraliga,2024/25,2024-09-20,Hradec Králové,Brno,1,2,,hockeyarchives
extraliga,2024/25,2024-09-20,Karlovy Vary,Mladá Boleslav,0,2,,hockeyarchives
extraliga,2024/25,2024-09-20,Kladno,Sparta Prague,4,2,,hockeyarchives
extraliga,2024/25,2024-09-20,Liberec,Vítkovice,2,4,,hockeyarchives
extraliga,2024/25,2024-09-20,Olomouc,Pardubice,2,4,,hockeyarchives
extraliga,2024/25,2024-09-20,Plzeň,Litvínov,1,3,,hockeyarchives
extraliga,2024/25,2024-09-20,Třinec,České Budějovice,4,0,,hockeyarchives
extraliga,2024/25,2024-09-22,Hradec Králové,Liberec,3,3,SO,hockeyarchives
extraliga,2024/25,2024-09-22,Litvínov,Kladno,3,2,,hockeyarchives
extraliga,2024/25,2024-09-22,Mladá Boleslav,Plzeň,1,1,OT,hockeyarchives
extraliga,2024/25,2024-09-22,Sparta Prague,Karlovy Vary,1,2,,hockeyarchives
extraliga,2024/25,2024-09-22,Třinec,Brno,1,1,SO,hockeyarchives
extraliga,2024/25,2024-09-22,Vítkovice,Olomouc,7,1,,hockeyarchives
extraliga,2024/25,2024-09-22,České Budějovice,Pardubice,6,1,,hockeyarchives
extraliga,2024/25,2024-09-24,Karlovy Vary,Hradec Králové,6,3,,hockeyarchives
extraliga,2024/25,2024-09-24,Kladno,Brno,4,1,,hockeyarchives
extraliga,2024/25,2024-09-24,Liberec,Litvínov,2,4,,hockeyarchives
extraliga,2024/25,2024-09-24,Olomouc,České Budějovice,3,1,,hockeyarchives
extraliga,2024/25,2024-09-24,Pardubice,Mladá Boleslav,5,2,,hockeyarchives
extraliga,2024/25,2024-09-24,Plzeň,Sparta Prague,0,5,,hockeyarchives
extraliga,2024/25,2024-09-24,Vítkovice,Třinec,1,1,OT,hockeyarchives
extraliga,2024/25,2024-09-27,Brno,Olomouc,1,4,,hockeyarchives
extraliga,2024/25,2024-09-27,Hradec Králové,Kladno,4,2,,hockeyarchives
extraliga,2024/25,2024-09-27,Liberec,Plzeň,1,1,OT,hockeyarchives
extraliga,2024/25,2024-09-27,Litvínov,Karlovy Vary,5,2,,hockeyarchives
extraliga,2024/25,2024-09-27,Mladá Boleslav,Třinec,3,3,SO,hockeyarchives
extraliga,2024/25,2024-09-27,Vítkovice,Pardubice,3,4,,hockeyarchives
extraliga,2024/25,2024-09-27,České Budějovice,Sparta Prague,0,4,,hockeyarchives
extraliga,2024/25,2024-09-29,Brno,Pardubice,2,2,OT,hockeyarchives
extraliga,2024/25,2024-09-29,Hradec Králové,Plzeň,4,0,,hockeyarchives
extraliga,2024/25,2024-09-29,Karlovy Vary,Vítkovice,2,4,,hockeyarchives
extraliga,2024/25,2024-09-29,Kladno,Třinec,3,2,,hockeyarchives
extraliga,2024/25,2024-09-29,Liberec,Karlovy Vary,4,2,,hockeyarchives
extraliga,2024/25,2024-09-29,Liberec,Kladno,2,2,SO,hockeyarchives
extraliga,2024/25,2024-09-29,Litvínov,České Budějovice,5,1,,hockeyarchives
extraliga,2024/25,2024-09-29,Olomouc,Litvínov,1,2,,hockeyarchives
extraliga,2024/25,2024-09-29,Olomouc,Sparta Prague,3,2,,hockeyarchives
extraliga,2024/25,2024-09-29,Pardubice,Sparta Prague,0,4,,hockeyarchives
extraliga,2024/25,2024-09-29,Plzeň,Brno,3,1,,hockeyarchives
extraliga,2024/25,2024-09-29,Třinec,Hradec Králové,4,1,,hockeyarchives
extraliga,2024/25,2024-09-29,Vítkovice,Mladá Boleslav,0,2,,hockeyarchives
extraliga,2024/25,2024-09-29,České Budějovice,Mladá Boleslav,2,3,,hockeyarchives
extraliga,2024/25,2024-10-04,Karlovy Vary,Brno,4,4,OT,hockeyarchives
extraliga,2024/25,2024-10-04,Mladá Boleslav,Sparta Prague,1,2,,hockeyarchives
extraliga,2024/25,2024-10-04,Olomouc,Hradec Králové,4,1,,hockeyarchives
extraliga,2024/25,2024-10-04,Pardubice,Litvínov,3,1,,hockeyarchives
extraliga,2024/25,2024-10-04,Plzeň,Kladno,3,4,,hockeyarchives
extraliga,2024/25,2024-10-04,Třinec,Liberec,6,3,,hockeyarchives
extraliga,2024/25,2024-10-04,České Budějovice,Vítkovice,3,4,,hockeyarchives
extraliga,2024/25,2024-10-06,Brno,České Budějovice,3,0,,hockeyarchives
extraliga,2024/25,2024-10-06,Hradec Králové,Pardubice,1,1,OT,hockeyarchives
extraliga,2024/25,2024-10-06,Kladno,Karlovy Vary,2,2,OT,hockeyarchives
extraliga,2024/25,2024-10-06,Liberec,Olomouc,5,2,,hockeyarchives
extraliga,2024/25,2024-10-06,Mladá Boleslav,Litvínov,2,2,OT,hockeyarchives
extraliga,2024/25,2024-10-06,Sparta Prague,Vítkovice,5,1,,hockeyarchives
extraliga,2024/25,2024-10-06,Třinec,Plzeň,3,3,SO,hockeyarchives
extraliga,2024/25,2024-10-11,Brno,Vítkovice,5,3,,hockeyarchives
extraliga,2024/25,2024-10-11,Karlovy Vary,Plzeň,6,1,,hockeyarchives
extraliga,2024/25,2024-10-11,Litvínov,Sparta Prague,2,4,,hockeyarchives
extraliga,2024/25,2024-10-11,Mladá Boleslav,Hradec Králové,2,1,,hockeyarchives
extraliga,2024/25,2024-10-11,Olomouc,Třinec,2,0,,hockeyarchives
extraliga,2024/25,2024-10-11,Pardubice,Liberec,1,1,SO,hockeyarchives
extraliga,2024/25,2024-10-11,České Budějovice,Kladno,3,0,,hockeyarchives
extraliga,2024/25,2024-10-13,Brno,Mladá Boleslav,4,2,,hockeyarchives
extraliga,2024/25,2024-10-13,Hradec Králové,České Budějovice,4,1,,hockeyarchives
extraliga,2024/25,2024-10-13,Kladno,Olomouc,7,3,,hockeyarchives
extraliga,2024/25,2024-10-13,Litvínov,Vítkovice,1,4,,hockeyarchives
extraliga,2024/25,2024-10-13,Pardubice,Plzeň,5,0,,hockeyarchives
extraliga,2024/25,2024-10-13,Sparta Prague,Liberec,2,2,OT,hockeyarchives
extraliga,2024/25,2024-10-13,Třinec,Karlovy Vary,2,4,,hockeyarchives
extraliga,2024/25,2024-10-18,Hradec Králové,Sparta Prague,5,0,,hockeyarchives
extraliga,2024/25,2024-10-18,Litvínov,Brno,5,2,,hockeyarchives
extraliga,2024/25,2024-10-18,Mladá Boleslav,Liberec,4,3,,hockeyarchives
extraliga,2024/25,2024-10-18,Olomouc,Karlovy Vary,3,1,,hockeyarchives
extraliga,2024/25,2024-10-18,Pardubice,Třinec,4,2,,hockeyarchives
extraliga,2024/25,2024-10-18,Vítkovice,Kladno,5,5,OT,hockeyarchives
extraliga,2024/25,2024-10-18,České Budějovice,Plzeň,2,1,,hockeyarchives
extraliga,2024/25,2024-10-20,Brno,Sparta Prague,1,1,SO,hockeyarchives
extraliga,2024/25,2024-10-20,Hradec Králové,Vítkovice,9,7,,hockeyarchives
extraliga,2024/25,2024-10-20,Karlovy Vary,Pardubice,1,1,OT,hockeyarchives
extraliga,2024/25,2024-10-20,Kladno,Mladá Boleslav,2,4,,hockeyarchives
extraliga,2024/25,2024-10-20,Liberec,České Budějovice,2,1,,hockeyarchives
extraliga,2024/25,2024-10-20,Plzeň,Olomouc,3,2,,hockeyarchives
extraliga,2024/25,2024-10-20,Třinec,Litvínov,2,2,OT,hockeyarchives
extraliga,2024/25,2024-10-25,Hradec Králové,Litvínov,2,0,,hockeyarchives
extraliga,2024/25,2024-10-25,Karlovy Vary,České Budějovice,1,1,OT,hockeyarchives
extraliga,2024/25,2024-10-25,Kladno,Pardubice,1,4,,hockeyarchives
extraliga,2024/25,2024-10-25,Liberec,Brno,3,4,,hockeyarchives
extraliga,2024/25,2024-10-25,Olomouc,Mladá Boleslav,3,1,,hockeyarchives
extraliga,2024/25,2024-10-25,Třinec,Sparta Prague,2,2,SO,hockeyarchives
extraliga,2024/25,2024-10-25,Vítkovice,Plzeň,4,2,,hockeyarchives
extraliga,2024/25,2024-10-27,Brno,Hradec Králové,2,3,,hockeyarchives
extraliga,2024/25,2024-10-27,Litvínov,Plzeň,6,0,,hockeyarchives
extraliga,2024/25,2024-10-27,Mladá Boleslav,Karlovy Vary,4,4,SO,hockeyarchives
extraliga,2024/25,2024-10-27,Pardubice,Olomouc,2,1,,hockeyarchives
extraliga,2024/25,2024-10-27,Sparta Prague,Kladno,5,2,,hockeyarchives
extraliga,2024/25,2024-10-27,Vítkovice,Liberec,7,0,,hockeyarchives
extraliga,2024/25,2024-10-27,České Budějovice,Třinec,5,2,,hockeyarchives
extraliga,2024/25,2024-10-29,Brno,Kladno,3,2,,hockeyarchives
extraliga,2024/25,2024-10-29,Brno,Třinec,3,2,,hockeyarchives
extraliga,2024/25,2024-10-29,Hradec Králové,Karlovy Vary,5,1,,hockeyarchives
extraliga,2024/25,2024-10-29,Karlovy Vary,Sparta Prague,6,3,,hockeyarchives
extraliga,2024/25,2024-10-29,Kladno,Litvínov,3,4,,hockeyarchives
extraliga,2024/25,2024-10-29,Liberec,Hradec Králové,3,4,,hockeyarchives
extraliga,2024/25,2024-10-29,Litvínov,Liberec,4,1,,hockeyarchives
extraliga,2024/25,2024-10-29,Mladá Boleslav,Pardubice,5,1,,hockeyarchives
extraliga,2024/25,2024-10-29,Olomouc,Vítkovice,5,3,,hockeyarchives
extraliga,2024/25,2024-10-29,Plzeň,Mladá Boleslav,1,3,,hockeyarchives
extraliga,2024/25,2024-10-29,Sparta Prague,Plzeň,1,1,SO,hockeyarchives
extraliga,2024/25,2024-10-29,Třinec,Vítkovice,2,1,,hockeyarchives
extraliga,2024/25,2024-10-29,České Budějovice,Olomouc,2,1,,hockeyarchives
extraliga,2024/25,2024-10-29,České Budějovice,Pardubice,2,2,SO,hockeyarchives
extraliga,2024/25,2024-11-03,Karlovy Vary,Litvínov,2,0,,hockeyarchives
extraliga,2024/25,2024-11-03,Kladno,Hradec Králové,4,4,SO,hockeyarchives
extraliga,2024/25,2024-11-03,Olomouc,Brno,2,2,SO,hockeyarchives
extraliga,2024/25,2024-11-03,Pardubice,Vítkovice,6,2,,hockeyarchives
extraliga,2024/25,2024-11-03,Plzeň,Liberec,1,0,,hockeyarchives
extraliga,2024/25,2024-11-03,Sparta Prague,České Budějovice,8,1,,hockeyarchives
extraliga,2024/25,2024-11-03,Třinec,Mladá Boleslav,2,3,,hockeyarchives
extraliga,2024/25,2024-11-15,Brno,Plzeň,2,2,SO,hockeyarchives
extraliga,2024/25,2024-11-15,Hradec Králové,Třinec,2,1,,hockeyarchives
extraliga,2024/25,2024-11-15,Kladno,Liberec,1,4,,hockeyarchives
extraliga,2024/25,2024-11-15,Litvínov,Olomouc,4,0,,hockeyarchives
extraliga,2024/25,2024-11-15,Mladá Boleslav,České Budějovice,2,4,,hockeyarchives
extraliga,2024/25,2024-11-15,Sparta Prague,Pardubice,8,1,,hockeyarchives
extraliga,2024/25,2024-11-15,Vítkovice,Karlovy Vary,2,5,,hockeyarchives
extraliga,2024/25,2024-11-17,Karlovy Vary,Liberec,3,3,OT,hockeyarchives
extraliga,2024/25,2024-11-17,Mladá Boleslav,Vítkovice,2,3,,hockeyarchives
extraliga,2024/25,2024-11-17,Pardubice,Brno,3,2,,hockeyarchives
extraliga,2024/25,2024-11-17,Plzeň,Hradec Králové,1,1,OT,hockeyarchives
extraliga,2024/25,2024-11-17,Sparta Prague,Olomouc,3,2,,hockeyarchives
extraliga,2024/25,2024-11-17,Třinec,Kladno,1,4,,hockeyarchives
extraliga,2024/25,2024-11-17,České Budějovice,Litvínov,3,4,,hockeyarchives
extraliga,2024/25,2024-11-22,Brno,Karlovy Vary,4,2,,hockeyarchives
extraliga,2024/25,2024-11-22,Hradec Králové,Olomouc,2,1,,hockeyarchives
extraliga,2024/25,2024-11-22,Kladno,Plzeň,3,4,,hockeyarchives
extraliga,2024/25,2024-11-22,Liberec,Třinec,1,1,OT,hockeyarchives
extraliga,2024/25,2024-11-22,Litvínov,Pardubice,4,1,,hockeyarchives
extraliga,2024/25,2024-11-22,Mladá Boleslav,Sparta Prague,2,2,OT,hockeyarchives
extraliga,2024/25,2024-11-22,Vítkovice,České Budějovice,1,5,,hockeyarchives
extraliga,2024/25,2024-11-24,Karlovy Vary,Kladno,4,3,,hockeyarchives
extraliga,2024/25,2024-11-24,Mladá Boleslav,Litvínov,4,1,,hockeyarchives
extraliga,2024/25,2024-11-24,Olomouc,Liberec,5,3,,hockeyarchives
extraliga,2024/25,2024-11-24,Pardubice,Hradec Králové,7,1,,hockeyarchives
extraliga,2024/25,2024-11-24,Plzeň,Třinec,3,3,OT,hockeyarchives
extraliga,2024/25,2024-11-24,Vítkovice,Sparta Prague,4,1,,hockeyarchives
extraliga,2024/25,2024-11-24,České Budějovice,Brno,5,5,OT,hockeyarchives
extraliga,2024/25,2024-11-26,Hradec Králové,Litvínov,2,2,OT,hockeyarchives
extraliga,2024/25,2024-11-26,Karlovy Vary,České Budějovice,1,1,SO,hockeyarchives
extraliga,2024/25,2024-11-26,Kladno,Pardubice,2,5,,hockeyarchives
extraliga,2024/25,2024-11-26,Liberec,Brno,5,3,,hockeyarchives
extraliga,2024/25,2024-11-26,Olomouc,Mladá Boleslav,2,2,OT,hockeyarchives
extraliga,2024/25,2024-11-26,Plzeň,Vítkovice,4,1,,hockeyarchives
extraliga,2024/25,2024-11-29,Hradec Králové,Mladá Boleslav,2,1,,hockeyarchives
extraliga,2024/25,2024-11-29,Karlovy Vary,Třinec,2,2,OT,hockeyarchives
extraliga,2024/25,2024-11-29,Kladno,České Budějovice,1,4,,hockeyarchives
extraliga,2024/25,2024-11-29,Liberec,Pardubice,1,4,,hockeyarchives
extraliga,2024/25,2024-11-29,Liberec,Sparta Prague,3,1,,hockeyarchives
extraliga,2024/25,2024-11-29,Litvínov,Sparta Prague,0,4,,hockeyarchives
extraliga,2024/25,2024-11-29,Litvínov,Vítkovice,3,2,,hockeyarchives
extraliga,2024/25,2024-11-29,Mladá Boleslav,Brno,4,2,,hockeyarchives
extraliga,2024/25,2024-11-29,Olomouc,Kladno,4,1,,hockeyarchives
extraliga,2024/25,2024-11-29,Plzeň,Karlovy Vary,0,3,,hockeyarchives
extraliga,2024/25,2024-11-29,Plzeň,Pardubice,5,2,,hockeyarchives
extraliga,2024/25,2024-11-29,Třinec,Olomouc,3,2,,hockeyarchives
extraliga,2024/25,2024-11-29,Vítkovice,Brno,5,2,,hockeyarchives
extraliga,2024/25,2024-11-29,České Budějovice,Hradec Králové,4,2,,hockeyarchives
extraliga,2024/25,2024-12-06,Brno,Litvínov,0,3,,hockeyarchives
extraliga,2024/25,2024-12-06,Karlovy Vary,Olomouc,4,1,,hockeyarchives
extraliga,2024/25,2024-12-06,Kladno,Vítkovice,1,4,,hockeyarchives
extraliga,2024/25,2024-12-06,Liberec,Mladá Boleslav,2,2,SO,hockeyarchives
extraliga,2024/25,2024-12-06,Plzeň,České Budějovice,0,1,,hockeyarchives
extraliga,2024/25,2024-12-06,Sparta Prague,Hradec Králové,3,0,,hockeyarchives
extraliga,2024/25,2024-12-06,Třinec,Pardubice,3,5,,hockeyarchives
extraliga,2024/25,2024-12-08,Mladá Boleslav,Kladno,2,6,,hockeyarchives
extraliga,2024/25,2024-12-08,Olomouc,Plzeň,3,4,,hockeyarchives
extraliga,2024/25,2024-12-08,Pardubice,Karlovy Vary,5,1,,hockeyarchives
extraliga,2024/25,2024-12-08,Sparta Prague,Brno,3,4,,hockeyarchives
extraliga,2024/25,2024-12-08,Třinec,Litvínov,0,1,,hockeyarchives
extraliga,2024/25,2024-12-08,Vítkovice,Hradec Králové,1,4,,hockeyarchives
extraliga,2024/25,2024-12-08,České Budějovice,Liberec,1,1,OT,hockeyarchives
extraliga,2024/25,2024-12-20,Brno,Liberec,4,2,,hockeyarchives
extraliga,2024/25,2024-12-20,Litvínov,Hradec Králové,4,5,,hockeyarchives
extraliga,2024/25,2024-12-20,Mladá Boleslav,Olomouc,3,3,OT,hockeyarchives
extraliga,2024/25,2024-12-20,Pardubice,Kladno,3,3,OT,hockeyarchives
extraliga,2024/25,2024-12-20,Plzeň,Vítkovice,2,0,,hockeyarchives
extraliga,2024/25,2024-12-20,Sparta Prague,Třinec,2,3,,hockeyarchives
extraliga,2024/25,2024-12-20,České Budějovice,Karlovy Vary,4,4,OT,hockeyarchives
extraliga,2024/25,2024-12-22,Hradec Králové,Brno,4,2,,hockeyarchives
extraliga,2024/25,2024-12-22,Karlovy Vary,Mladá Boleslav,3,2,,hockeyarchives
extraliga,2024/25,2024-12-22,Kladno,Sparta Prague,2,4,,hockeyarchives
extraliga,2024/25,2024-12-22,Liberec,Vítkovice,1,3,,hockeyarchives
extraliga,2024/25,2024-12-22,Olomouc,Pardubice,0,2,,hockeyarchives
extraliga,2024/25,2024-12-22,Plzeň,Litvínov,1,2,,hockeyarchives
extraliga,2024/25,2024-12-22,Třinec,České Budějovice,3,1,,hockeyarchives
extraliga,2024/25,2024-12-26,Brno,Třinec,4,2,,hockeyarchives
extraliga,2024/25,2024-12-26,Hradec Králové,Liberec,0,2,,hockeyarchives
extraliga,2024/25,2024-12-26,Litvínov,Kladno,1,0,,hockeyarchives
extraliga,2024/25,2024-12-26,Mladá Boleslav,Plzeň,2,3,,hockeyarchives
extraliga,2024/25,2024-12-26,Pardubice,České Budějovice,2,3,,hockeyarchives
extraliga,2024/25,2024-12-26,Sparta Prague,Karlovy Vary,1,1,SO,hockeyarchives
extraliga,2024/25,2024-12-26,Vítkovice,Olomouc,2,2,OT,hockeyarchives
extraliga,2024/25,2024-12-28,Karlovy Vary,Hradec Králové,1,3,,hockeyarchives
extraliga,2024/25,2024-12-28,Kladno,Brno,1,1,OT,hockeyarchives
extraliga,2024/25,2024-12-28,Liberec,Litvínov,0,3,,hockeyarchives
extraliga,2024/25,2024-12-28,Olomouc,České Budějovice,1,1,SO,hockeyarchives
extraliga,2024/25,2024-12-28,Pardubice,Mladá Boleslav,2,0,,hockeyarchives
extraliga,2024/25,2024-12-28,Plzeň,Sparta Prague,1,3,,hockeyarchives
extraliga,2024/25,2024-12-28,Třinec,Vítkovice,4,0,,hockeyarchives
extraliga,2024/25,2024-12-30,Brno,Olomouc,5,3,,hockeyarchives
extraliga,2024/25,2024-12-30,Hradec Králové,Kladno,2,4,,hockeyarchives
extraliga,2024/25,2024-12-30,Liberec,Plzeň,3,3,SO,hockeyarchives
extraliga,2024/25,2024-12-30,Litvínov,Karlovy Vary,4,1,,hockeyarchives
extraliga,2024/25,2024-12-30,Mladá Boleslav,Třinec,2,2,OT,hockeyarchives
extraliga,2024/25,2024-12-30,Pardubice,Vítkovice,6,1,,hockeyarchives
extraliga,2024/25,2024-12-30,Sparta Prague,České Budějovice,7,5,,hockeyarchives
extraliga,2024/25,2025-01-03,Karlovy Vary,Vítkovice,6,3,,hockeyarchives
extraliga,2024/25,2025-01-03,Kladno,Liberec,3,2,,hockeyarchives
extraliga,2024/25,2025-01-03,Olomouc,Litvínov,3,1,,hockeyarchives
extraliga,2024/25,2025-01-03,Plzeň,Brno,3,1,,hockeyarchives
extraliga,2024/25,2025-01-03,Sparta Prague,Pardubice,6,2,,hockeyarchives
extraliga,2024/25,2025-01-03,Třinec,Hradec Králové,0,0,SO,hockeyarchives
extraliga,2024/25,2025-01-03,České Budějovice,Mladá Boleslav,3,3,SO,hockeyarchives
extraliga,2024/25,2025-01-05,Brno,Pardubice,2,2,OT,hockeyarchives
extraliga,2024/25,2025-01-05,Hradec Králové,Plzeň,2,2,OT,hockeyarchives
extraliga,2024/25,2025-01-05,Liberec,Karlovy Vary,1,3,,hockeyarchives
extraliga,2024/25,2025-01-05,Litvínov,České Budějovice,1,3,,hockeyarchives
extraliga,2024/25,2025-01-05,Sparta Prague,Olomouc,4,4,OT,hockeyarchives
extraliga,2024/25,2025-01-05,Třinec,Kladno,1,2,,hockeyarchives
extraliga,2024/25,2025-01-05,Vítkovice,Mladá Boleslav,3,4,,hockeyarchives
extraliga,2024/25,2025-01-07,Karlovy Vary,Brno,2,2,OT,hockeyarchives
extraliga,2024/25,2025-01-07,Olomouc,Hradec Králové,6,2,,hockeyarchives
extraliga,2024/25,2025-01-07,Pardubice,Litvínov,3,1,,hockeyarchives
extraliga,2024/25,2025-01-07,Plzeň,Kladno,2,2,OT,hockeyarchives
extraliga,2024/25,2025-01-07,Sparta Prague,Mladá Boleslav,1,1,OT,hockeyarchives
extraliga,2024/25,2025-01-07,Třinec,Liberec,6,6,SO,hockeyarchives
extraliga,2024/25,2025-01-07,České Budějovice,Vítkovice,3,2,,hockeyarchives
extraliga,2024/25,2025-01-09,Brno,České Budějovice,2,2,OT,hockeyarchives
extraliga,2024/25,2025-01-09,Kladno,Karlovy Vary,0,4,,hockeyarchives
extraliga,2024/25,2025-01-09,Liberec,Olomouc,4,1,,hockeyarchives
extraliga,2024/25,2025-01-09,Litvínov,Mladá Boleslav,1,2,,hockeyarchives
extraliga,2024/25,2025-01-09,Sparta Prague,Vítkovice,5,1,,hockeyarchives
extraliga,2024/25,2025-01-09,Třinec,Plzeň,5,4,,hockeyarchives
extraliga,2024/25,2025-01-10,Hradec Králové,Pardubice,3,2,,hockeyarchives
extraliga,2024/25,2025-01-12,Karlovy Vary,Plzeň,2,5,,hockeyarchives
extraliga,2024/25,2025-01-12,Mladá Boleslav,Hradec Králové,1,1,SO,hockeyarchives
extraliga,2024/25,2025-01-12,Olomouc,Třinec,2,2,OT,hockeyarchives
extraliga,2024/25,2025-01-12,Pardubice,Liberec,2,3,,hockeyarchives
extraliga,2024/25,2025-01-12,Sparta Prague,Litvínov,5,3,,hockeyarchives
extraliga,2024/25,2025-01-12,Vítkovice,Brno,2,5,,hockeyarchives
extraliga,2024/25,2025-01-12,České Budějovice,Kladno,3,6,,hockeyarchives
extraliga,2024/25,2025-01-17,Brno,Mladá Boleslav,4,0,,hockeyarchives
extraliga,2024/25,2025-01-17,Hradec Králové,České Budějovice,5,1,,hockeyarchives
extraliga,2024/25,2025-01-17,Kladno,Olomouc,7,3,,hockeyarchives
extraliga,2024/25,2025-01-17,Liberec,Sparta Prague,4,1,,hockeyarchives
extraliga,2024/25,2025-01-17,Plzeň,Pardubice,2,1,,hockeyarchives
extraliga,2024/25,2025-01-17,Třinec,Karlovy Vary,2,1,,hockeyarchives
extraliga,2024/25,2025-01-17,Vítkovice,Litvínov,2,3,,hockeyarchives
extraliga,2024/25,2025-01-19,Litvínov,Brno,3,2,,hockeyarchives
extraliga,2024/25,2025-01-19,Mladá Boleslav,Liberec,2,2,SO,hockeyarchives
extraliga,2024/25,2025-01-19,Olomouc,Karlovy Vary,2,0,,hockeyarchives
extraliga,2024/25,2025-01-19,Pardubice,Třinec,1,0,,hockeyarchives
extraliga,2024/25,2025-01-19,Sparta Prague,Hradec Králové,5,4,,hockeyarchives
extraliga,2024/25,2025-01-19,Vítkovice,Kladno,2,5,,hockeyarchives
extraliga,2024/25,2025-01-19,České Budějovice,Plzeň,4,4,SO,hockeyarchives
extraliga,2024/25,2025-01-24,Brno,Sparta Prague,1,4,,hockeyarchives
extraliga,2024/25,2025-01-24,Hradec Králové,Vítkovice,3,2,,hockeyarchives
extraliga,2024/25,2025-01-24,Karlovy Vary,Pardubice,4,4,SO,hockeyarchives
extraliga,2024/25,2025-01-24,Kladno,Mladá Boleslav,1,5,,hockeyarchives
extraliga,2024/25,2025-01-24,Liberec,České Budějovice,7,4,,hockeyarchives
extraliga,2024/25,2025-01-24,Litvínov,Třinec,1,3,,hockeyarchives
extraliga,2024/25,2025-01-24,Plzeň,Olomouc,1,1,OT,hockeyarchives
extraliga,2024/25,2025-01-26,Třinec,Sparta Prague,2,1,,hockeyarchives
extraliga,2024/25,2025-01-28,Brno,Hradec Králové,3,0,,hockeyarchives
extraliga,2024/25,2025-01-28,Litvínov,Plzeň,2,5,,hockeyarchives
extraliga,2024/25,2025-01-28,Mladá Boleslav,Karlovy Vary,2,2,OT,hockeyarchives
extraliga,2024/25,2025-01-28,Pardubice,Olomouc,1,0,,hockeyarchives
extraliga,2024/25,2025-01-28,Sparta Prague,Kladno,5,2,,hockeyarchives
extraliga,2024/25,2025-01-28,Vítkovice,Liberec,4,3,,hockeyarchives
extraliga,2024/25,2025-01-28,České Budějovice,Třinec,2,2,OT,hockeyarchives
extraliga,2024/25,2025-01-31,Karlovy Vary,Sparta Prague,0,6,,hockeyarchives
extraliga,2024/25,2025-01-31,Kladno,Litvínov,3,0,,hockeyarchives
extraliga,2024/25,2025-01-31,Liberec,Hradec Králové,4,1,,hockeyarchives
extraliga,2024/25,2025-01-31,Olomouc,Vítkovice,1,2,,hockeyarchives
extraliga,2024/25,2025-01-31,Pardubice,České Budějovice,5,1,,hockeyarchives
extraliga,2024/25,2025-01-31,Plzeň,Mladá Boleslav,0,5,,hockeyarchives
extraliga,2024/25,2025-01-31,Třinec,Brno,1,3,,hockeyarchives
extraliga,2024/25,2025-02-02,Brno,Kladno,2,3,,hockeyarchives
extraliga,2024/25,2025-02-02,Hradec Králové,Karlovy Vary,2,6,,hockeyarchives
extraliga,2024/25,2025-02-02,Litvínov,Liberec,4,3,,hockeyarchives
extraliga,2024/25,2025-02-02,Mladá Boleslav,Pardubice,4,4,SO,hockeyarchives
extraliga,2024/25,2025-02-02,Sparta Prague,Plzeň,4,0,,hockeyarchives
extraliga,2024/25,2025-02-02,Vítkovice,Třinec,4,1,,hockeyarchives
extraliga,2024/25,2025-02-02,České Budějovice,Olomouc,1,1,OT,hockeyarchives
extraliga,2024/25,2025-02-12,Karlovy Vary,Litvínov,6,4,,hockeyarchives
extraliga,2024/25,2025-02-12,Kladno,Hradec Králové,1,2,,hockeyarchives
extraliga,2024/25,2025-02-12,Olomouc,Brno,3,6,,hockeyarchives
extraliga,2024/25,2025-02-12,Plzeň,Liberec,2,2,OT,hockeyarchives
extraliga,2024/25,2025-02-12,Třinec,Mladá Boleslav,5,1,,hockeyarchives
extraliga,2024/25,2025-02-12,Vítkovice,Pardubice,3,1,,hockeyarchives
extraliga,2024/25,2025-02-12,České Budějovice,Sparta Prague,1,5,,hockeyarchives
extraliga,2024/25,2025-02-14,Brno,Plzeň,3,3,SO,hockeyarchives
extraliga,2024/25,2025-02-14,Hradec Králové,Třinec,1,2,,hockeyarchives
extraliga,2024/25,2025-02-14,Liberec,Kladno,3,5,,hockeyarchives
extraliga,2024/25,2025-02-14,Litvínov,Olomouc,0,2,,hockeyarchives
extraliga,2024/25,2025-02-14,Mladá Boleslav,České Budějovice,3,5,,hockeyarchives
extraliga,2024/25,2025-02-14,Pardubice,Sparta Prague,3,5,,hockeyarchives
extraliga,2024/25,2025-02-14,Vítkovice,Karlovy Vary,1,3,,hockeyarchives
extraliga,2024/25,2025-02-16,Karlovy Vary,Liberec,3,3,OT,hockeyarchives
extraliga,2024/25,2025-02-16,Kladno,Třinec,1,2,,hockeyarchives
extraliga,2024/25,2025-02-16,Mladá Boleslav,Vítkovice,1,3,,hockeyarchives
extraliga,2024/25,2025-02-16,Olomouc,Sparta Prague,2,3,,hockeyarchives
extraliga,2024/25,2025-02-16,Pardubice,Brno,3,4,,hockeyarchives
extraliga,2024/25,2025-02-16,Plzeň,Hradec Králové,2,2,OT,hockeyarchives
extraliga,2024/25,2025-02-16,České Budějovice,Litvínov,5,1,,hockeyarchives
extraliga,2024/25,2025-02-21,Brno,Karlovy Vary,3,2,,hockeyarchives
extraliga,2024/25,2025-02-21,Hradec Králové,Olomouc,3,2,,hockeyarchives
extraliga,2024/25,2025-02-21,Kladno,Plzeň,1,4,,hockeyarchives
extraliga,2024/25,2025-02-21,Liberec,Třinec,3,1,,hockeyarchives
extraliga,2024/25,2025-02-21,Litvínov,Pardubice,2,5,,hockeyarchives
extraliga,2024/25,2025-02-21,Sparta Prague,Mladá Boleslav,4,4,OT,hockeyarchives
extraliga,2024/25,2025-02-21,Vítkovice,České Budějovice,1,3,,hockeyarchives
extraliga,2024/25,2025-02-23,Karlovy Vary,Kladno,2,1,,hockeyarchives
extraliga,2024/25,2025-02-23,Litvínov,Mladá Boleslav,1,0,,hockeyarchives
extraliga,2024/25,2025-02-23,Olomouc,Liberec,1,6,,hockeyarchives
extraliga,2024/25,2025-02-23,Pardubice,Hradec Králové,1,2,,hockeyarchives
extraliga,2024/25,2025-02-23,Plzeň,Třinec,1,1,SO,hockeyarchives
extraliga,2024/25,2025-02-23,Vítkovice,Sparta Prague,6,2,,hockeyarchives
extraliga,2024/25,2025-02-23,České Budějovice,Brno,5,5,SO,hockeyarchives
extraliga,2024/25,2025-02-25,Brno,Vítkovice,5,1,,hockeyarchives
extraliga,2024/25,2025-02-25,Hradec Králové,Mladá Boleslav,2,1,,hockeyarchives
extraliga,2024/25,2025-02-25,Kladno,České Budějovice,2,3,,hockeyarchives
extraliga,2024/25,2025-02-25,Liberec,Pardubice,3,2,,hockeyarchives
extraliga,2024/25,2025-02-25,Plzeň,Karlovy Vary,2,2,OT,hockeyarchives
extraliga,2024/25,2025-02-25,Sparta Prague,Litvínov,5,1,,hockeyarchives
extraliga,2024/25,2025-02-25,Třinec,Olomouc,6,3,,hockeyarchives
extraliga,2024/25,2025-02-28,Karlovy Vary,Třinec,2,0,,hockeyarchives
extraliga,2024/25,2025-02-28,Mladá Boleslav,Brno,3,0,,hockeyarchives
extraliga,2024/25,2025-02-28,Olomouc,Kladno,2,4,,hockeyarchives
extraliga,2024/25,2025-02-28,Pardubice,Plzeň,0,2,,hockeyarchives
extraliga,2024/25,2025-02-28,Sparta Prague,Liberec,1,0,,hockeyarchives
extraliga,2024/25,2025-02-28,Vítkovice,Litvínov,2,2,SO,hockeyarchives
extraliga,2024/25,2025-02-28,České Budějovice,Hradec Králové,1,3,,hockeyarchives
extraliga,2024/25,2025-03-02,Brno,Litvínov,4,1,,hockeyarchives
extraliga,2024/25,2025-03-02,Hradec Králové,Sparta Prague,4,1,,hockeyarchives
extraliga,2024/25,2025-03-02,Karlovy Vary,Olomouc,4,1,,hockeyarchives
extraliga,2024/25,2025-03-02,Kladno,Vítkovice,0,5,,hockeyarchives
extraliga,2024/25,2025-03-02,Liberec,Mladá Boleslav,4,3,,hockeyarchives
extraliga,2024/25,2025-03-02,Plzeň,České Budějovice,1,1,OT,hockeyarchives
extraliga,2024/25,2025-03-02,Třinec,Pardubice,3,0,,hockeyarchives
extraliga,2024/25,2025-03-04,Litvínov,Třinec,1,3,,hockeyarchives
extraliga,2024/25,2025-03-04,Mladá Boleslav,Kladno,5,8,,hockeyarchives
extraliga,2024/25,2025-03-04,Olomouc,Plzeň,2,5,,hockeyarchives
extraliga,2024/25,2025-03-04,Pardubice,Karlovy Vary,4,0,,hockeyarchives
extraliga,2024/25,2025-03-04,Sparta Prague,Brno,1,1,OT,hockeyarchives
extraliga,2024/25,2025-03-04,Vítkovice,Hradec Králové,2,4,,hockeyarchives
extraliga,2024/25,2025-03-04,České Budějovice,Liberec,5,2,,hockeyarchives
extraliga,2024/25,2025-03-13,Karlovy Vary,Vítkovice,2,1,,hockeyarchives
extraliga,2024/25,2025-03-13,Liberec,České Budějovice,0,3,,hockeyarchives
extraliga,2024/25,2025-03-13,Litvínov,Třinec,2,4,,hockeyarchives
extraliga,2024/25,2025-03-13,Mladá Boleslav,Plzeň,0,0,OT,hockeyarchives
extraliga,2024/25,2025-03-13,Plzeň,Mladá Boleslav,2,3,,hockeyarchives
extraliga,2024/25,2025-03-13,Třinec,Litvínov,4,1,,hockeyarchives
extraliga,2024/25,2025-03-13,Vítkovice,Karlovy Vary,1,3,,hockeyarchives
extraliga,2024/25,2025-03-13,České Budějovice,Liberec,2,2,OT,hockeyarchives
extraliga,2024/25,2025-03-28,Hradec Králové,Mladá Boleslav,3,0,,hockeyarchives
extraliga,2024/25,2025-03-28,Mladá Boleslav,Hradec Králové,5,5,OT,hockeyarchives
extraliga,2024/25,2025-03-28,Sparta Prague,Třinec,3,2,,hockeyarchives
extraliga,2024/25,2025-03-28,Třinec,Sparta Prague,3,3,OT,hockeyarchives
extraliga,2024/25,2025-03-29,Brno,Karlovy Vary,5,3,,hockeyarchives
extraliga,2024/25,2025-03-29,Karlovy Vary,Brno,0,1,,hockeyarchives
extraliga,2024/25,2025-03-29,Pardubice,České Budějovice,4,2,,hockeyarchives
extraliga,2024/25,2025-03-29,České Budějovice,Pardubice,1,1,OT,hockeyarchives
extraliga,2024/25,2025-04-13,Kometa Brno,Sparta Prague,0,3,,hockeyarchives
extraliga,2024/25,2025-04-13,Sparta Prague,Kometa Brno,1,3,,hockeyarchives
extraliga,2024/25,2025-04-14,Hradec Králové,Pardubice,1,5,,hockeyarchives
extraliga,2024/25,2025-04-14,Pardubice,Hradec Králové,2,0,,hockeyarchives
extraliga,2024/25,2025-04-28,Jihlava,Olomouc,0,3,,hockeyarchives
extraliga,2024/25,2025-04-28,Olomouc,Jihlava,6,0,,hockeyarchives
extraliga,2024/25,2025-04-29,Kometa Brno,Pardubice,1,5,,hockeyarchives
extraliga,2024/25,2025-04-29,Pardubice,Kometa Brno,0,3,,hockeyarchives
extraliga,2025/26,2025-09-10,Brno,Litvínov,4,2,,hockeyarchives
extraliga,2025/26,2025-09-10,Karlovy Vary,Vítkovice,4,7,,hockeyarchives
extraliga,2025/26,2025-09-10,Kladno,Mladá Boleslav,1,2,,hockeyarchives
extraliga,2025/26,2025-09-10,Liberec,Plzeň,1,3,,hockeyarchives
extraliga,2025/26,2025-09-10,Pardubice,Hradec Králové,7,1,,hockeyarchives
extraliga,2025/26,2025-09-10,Třinec,Olomouc,8,2,,hockeyarchives
extraliga,2025/26,2025-09-10,České Budějovice,Sparta Prague,2,3,,hockeyarchives
extraliga,2025/26,2025-09-12,Hradec Králové,České Budějovice,3,4,,hockeyarchives
extraliga,2025/26,2025-09-12,Liberec,Pardubice,4,2,,hockeyarchives
extraliga,2025/26,2025-09-12,Litvínov,Karlovy Vary,0,4,,hockeyarchives
extraliga,2025/26,2025-09-12,Mladá Boleslav,Brno,1,3,,hockeyarchives
extraliga,2025/26,2025-09-12,Olomouc,Plzeň,1,4,,hockeyarchives
extraliga,2025/26,2025-09-12,Sparta Prague,Třinec,5,2,,hockeyarchives
extraliga,2025/26,2025-09-12,Vítkovice,Kladno,0,0,SO,hockeyarchives
extraliga,2025/26,2025-09-14,Brno,Sparta Prague,2,0,,hockeyarchives
extraliga,2025/26,2025-09-14,Karlovy Vary,Olomouc,2,4,,hockeyarchives
extraliga,2025/26,2025-09-14,Kladno,Hradec Králové,4,2,,hockeyarchives
extraliga,2025/26,2025-09-14,Litvínov,Vítkovice,0,3,,hockeyarchives
extraliga,2025/26,2025-09-14,Pardubice,Mladá Boleslav,4,1,,hockeyarchives
extraliga,2025/26,2025-09-14,Plzeň,České Budějovice,1,4,,hockeyarchives
extraliga,2025/26,2025-09-14,Třinec,Liberec,4,2,,hockeyarchives
extraliga,2025/26,2025-09-16,Brno,Vítkovice,5,2,,hockeyarchives
extraliga,2025/26,2025-09-16,Hradec Králové,Plzeň,3,3,OT,hockeyarchives
extraliga,2025/26,2025-09-16,Liberec,Litvínov,2,4,,hockeyarchives
extraliga,2025/26,2025-09-16,Mladá Boleslav,Třinec,2,1,,hockeyarchives
extraliga,2025/26,2025-09-16,Olomouc,Kladno,4,1,,hockeyarchives
extraliga,2025/26,2025-09-16,Sparta Prague,Karlovy Vary,1,2,,hockeyarchives
extraliga,2025/26,2025-09-16,České Budějovice,Pardubice,4,1,,hockeyarchives
extraliga,2025/26,2025-09-19,Brno,Liberec,4,5,,hockeyarchives
extraliga,2025/26,2025-09-19,Karlovy Vary,Hradec Králové,3,1,,hockeyarchives
extraliga,2025/26,2025-09-19,Kladno,České Budějovice,1,4,,hockeyarchives
extraliga,2025/26,2025-09-19,Litvínov,Sparta Prague,1,5,,hockeyarchives
extraliga,2025/26,2025-09-19,Pardubice,Olomouc,3,1,,hockeyarchives
extraliga,2025/26,2025-09-19,Třinec,Plzeň,1,1,OT,hockeyarchives
extraliga,2025/26,2025-09-19,Vítkovice,Mladá Boleslav,2,4,,hockeyarchives
extraliga,2025/26,2025-09-21,Hradec Králové,Brno,3,5,,hockeyarchives
extraliga,2025/26,2025-09-21,Liberec,Kladno,4,1,,hockeyarchives
extraliga,2025/26,2025-09-21,Mladá Boleslav,Karlovy Vary,2,3,,hockeyarchives
extraliga,2025/26,2025-09-21,Olomouc,Litvínov,3,2,,hockeyarchives
extraliga,2025/26,2025-09-21,Plzeň,Pardubice,2,1,,hockeyarchives
extraliga,2025/26,2025-09-21,Vítkovice,Sparta Prague,2,2,SO,hockeyarchives
extraliga,2025/26,2025-09-21,České Budějovice,Třinec,2,3,,hockeyarchives
extraliga,2025/26,2025-09-23,Brno,Plzeň,4,2,,hockeyarchives
extraliga,2025/26,2025-09-23,Karlovy Vary,České Budějovice,3,1,,hockeyarchives
extraliga,2025/26,2025-09-23,Kladno,Pardubice,4,5,,hockeyarchives
extraliga,2025/26,2025-09-23,Litvínov,Mladá Boleslav,4,2,,hockeyarchives
extraliga,2025/26,2025-09-23,Olomouc,Sparta Prague,4,2,,hockeyarchives
extraliga,2025/26,2025-09-23,Třinec,Hradec Králové,6,1,,hockeyarchives
extraliga,2025/26,2025-09-23,Vítkovice,Liberec,4,2,,hockeyarchives
extraliga,2025/26,2025-09-26,Hradec Králové,Litvínov,2,0,,hockeyarchives
extraliga,2025/26,2025-09-26,Liberec,Karlovy Vary,2,1,,hockeyarchives
extraliga,2025/26,2025-09-26,Mladá Boleslav,Sparta Prague,2,7,,hockeyarchives
extraliga,2025/26,2025-09-26,Olomouc,Vítkovice,2,2,SO,hockeyarchives
extraliga,2025/26,2025-09-26,Pardubice,Třinec,4,5,,hockeyarchives
extraliga,2025/26,2025-09-26,Plzeň,Kladno,3,1,,hockeyarchives
extraliga,2025/26,2025-09-26,České Budějovice,Brno,8,0,,hockeyarchives
extraliga,2025/26,2025-09-28,Brno,Pardubice,1,1,OT,hockeyarchives
extraliga,2025/26,2025-09-28,Litvínov,České Budějovice,3,6,,hockeyarchives
extraliga,2025/26,2025-09-28,Olomouc,Mladá Boleslav,3,1,,hockeyarchives
extraliga,2025/26,2025-09-28,Plzeň,Karlovy Vary,2,2,SO,hockeyarchives
extraliga,2025/26,2025-09-28,Sparta Prague,Liberec,1,3,,hockeyarchives
extraliga,2025/26,2025-09-28,Třinec,Kladno,2,2,OT,hockeyarchives
extraliga,2025/26,2025-09-28,Vítkovice,Hradec Králové,0,4,,hockeyarchives
extraliga,2025/26,2025-09-30,Hradec Králové,Olomouc,0,1,,hockeyarchives
extraliga,2025/26,2025-09-30,Kladno,Karlovy Vary,1,3,,hockeyarchives
extraliga,2025/26,2025-09-30,Liberec,Mladá Boleslav,0,3,,hockeyarchives
extraliga,2025/26,2025-09-30,Pardubice,Litvínov,1,1,OT,hockeyarchives
extraliga,2025/26,2025-09-30,Sparta Prague,Plzeň,0,2,,hockeyarchives
extraliga,2025/26,2025-09-30,Třinec,Brno,1,0,,hockeyarchives
extraliga,2025/26,2025-09-30,České Budějovice,Vítkovice,2,1,,hockeyarchives
extraliga,2025/26,2025-10-03,Brno,Kladno,3,3,SO,hockeyarchives
extraliga,2025/26,2025-10-03,Karlovy Vary,Pardubice,0,3,,hockeyarchives
extraliga,2025/26,2025-10-03,Litvínov,Plzeň,1,2,,hockeyarchives
extraliga,2025/26,2025-10-03,Mladá Boleslav,České Budějovice,3,4,,hockeyarchives
extraliga,2025/26,2025-10-03,Olomouc,Liberec,0,1,,hockeyarchives
extraliga,2025/26,2025-10-03,Sparta Prague,Hradec Králové,0,2,,hockeyarchives
extraliga,2025/26,2025-10-03,Třinec,Vítkovice,4,4,SO,hockeyarchives
extraliga,2025/26,2025-10-05,Brno,Karlovy Vary,3,1,,hockeyarchives
extraliga,2025/26,2025-10-05,Hradec Králové,Liberec,3,3,OT,hockeyarchives
extraliga,2025/26,2025-10-05,Kladno,Sparta Prague,5,4,,hockeyarchives
extraliga,2025/26,2025-10-05,Pardubice,Vítkovice,3,4,,hockeyarchives
extraliga,2025/26,2025-10-05,Plzeň,Mladá Boleslav,2,0,,hockeyarchives
extraliga,2025/26,2025-10-05,Třinec,Litvínov,3,1,,hockeyarchives
extraliga,2025/26,2025-10-05,České Budějovice,Olomouc,1,3,,hockeyarchives
extraliga,2025/26,2025-10-10,Karlovy Vary,Třinec,1,3,,hockeyarchives
extraliga,2025/26,2025-10-10,Litvínov,Kladno,1,3,,hockeyarchives
extraliga,2025/26,2025-10-10,Mladá Boleslav,Hradec Králové,2,2,SO,hockeyarchives
extraliga,2025/26,2025-10-10,Olomouc,Brno,1,2,,hockeyarchives
extraliga,2025/26,2025-10-10,Sparta Prague,Pardubice,3,6,,hockeyarchives
extraliga,2025/26,2025-10-10,Vítkovice,Plzeň,1,3,,hockeyarchives
extraliga,2025/26,2025-10-10,České Budějovice,Liberec,4,2,,hockeyarchives
extraliga,2025/26,2025-10-12,Hradec Králové,Pardubice,1,1,OT,hockeyarchives
extraliga,2025/26,2025-10-12,Litvínov,Brno,2,5,,hockeyarchives
extraliga,2025/26,2025-10-12,Mladá Boleslav,Kladno,1,1,SO,hockeyarchives
extraliga,2025/26,2025-10-12,Olomouc,Třinec,3,5,,hockeyarchives
extraliga,2025/26,2025-10-12,Plzeň,Liberec,0,1,,hockeyarchives
extraliga,2025/26,2025-10-12,Sparta Prague,České Budějovice,4,2,,hockeyarchives
extraliga,2025/26,2025-10-12,Vítkovice,Karlovy Vary,3,0,,hockeyarchives
extraliga,2025/26,2025-10-17,Brno,Mladá Boleslav,1,4,,hockeyarchives
extraliga,2025/26,2025-10-17,Karlovy Vary,Litvínov,3,0,,hockeyarchives
extraliga,2025/26,2025-10-17,Kladno,Vítkovice,3,1,,hockeyarchives
extraliga,2025/26,2025-10-17,Pardubice,Liberec,0,5,,hockeyarchives
extraliga,2025/26,2025-10-17,Plzeň,Olomouc,2,3,,hockeyarchives
extraliga,2025/26,2025-10-17,Sparta Prague,Třinec,1,4,,hockeyarchives
extraliga,2025/26,2025-10-17,České Budějovice,Hradec Králové,0,3,,hockeyarchives
extraliga,2025/26,2025-10-19,Hradec Králové,Kladno,4,1,,hockeyarchives
extraliga,2025/26,2025-10-19,Liberec,Třinec,0,1,,hockeyarchives
extraliga,2025/26,2025-10-19,Mladá Boleslav,Pardubice,0,2,,hockeyarchives
extraliga,2025/26,2025-10-19,Olomouc,Karlovy Vary,5,3,,hockeyarchives
extraliga,2025/26,2025-10-19,Sparta Prague,Brno,4,1,,hockeyarchives
extraliga,2025/26,2025-10-19,Vítkovice,Litvínov,8,2,,hockeyarchives
extraliga,2025/26,2025-10-19,České Budějovice,Plzeň,0,3,,hockeyarchives
extraliga,2025/26,2025-10-22,Brno,Hradec Králové,4,3,,hockeyarchives
extraliga,2025/26,2025-10-22,Karlovy Vary,Mladá Boleslav,4,0,,hockeyarchives
extraliga,2025/26,2025-10-22,Kladno,Liberec,0,2,,hockeyarchives
extraliga,2025/26,2025-10-22,Litvínov,Olomouc,3,5,,hockeyarchives
extraliga,2025/26,2025-10-22,Pardubice,Plzeň,3,3,OT,hockeyarchives
extraliga,2025/26,2025-10-22,Třinec,České Budějovice,2,1,,hockeyarchives
extraliga,2025/26,2025-10-24,Brno,Vítkovice,4,1,,hockeyarchives
extraliga,2025/26,2025-10-24,Karlovy Vary,Sparta Prague,3,3,SO,hockeyarchives
extraliga,2025/26,2025-10-24,Kladno,Olomouc,3,2,,hockeyarchives
extraliga,2025/26,2025-10-24,Litvínov,Liberec,3,3,OT,hockeyarchives
extraliga,2025/26,2025-10-24,Pardubice,České Budějovice,5,2,,hockeyarchives
extraliga,2025/26,2025-10-24,Plzeň,Hradec Králové,2,3,,hockeyarchives
extraliga,2025/26,2025-10-24,Třinec,Mladá Boleslav,2,1,,hockeyarchives
extraliga,2025/26,2025-10-26,Hradec Králové,Karlovy Vary,4,5,,hockeyarchives
extraliga,2025/26,2025-10-26,Liberec,Brno,4,3,,hockeyarchives
extraliga,2025/26,2025-10-26,Mladá Boleslav,Vítkovice,1,2,,hockeyarchives
extraliga,2025/26,2025-10-26,Olomouc,Pardubice,1,1,OT,hockeyarchives
extraliga,2025/26,2025-10-26,Plzeň,Třinec,1,1,SO,hockeyarchives
extraliga,2025/26,2025-10-26,Sparta Prague,Litvínov,2,1,,hockeyarchives
extraliga,2025/26,2025-10-26,České Budějovice,Kladno,3,3,OT,hockeyarchives
extraliga,2025/26,2025-10-28,Brno,Hradec Králové,1,2,,hockeyarchives
extraliga,2025/26,2025-10-28,Karlovy Vary,Mladá Boleslav,4,4,OT,hockeyarchives
extraliga,2025/26,2025-10-28,Kladno,Liberec,3,3,SO,hockeyarchives
extraliga,2025/26,2025-10-28,Litvínov,Olomouc,1,0,,hockeyarchives
extraliga,2025/26,2025-10-28,Pardubice,Plzeň,1,3,,hockeyarchives
extraliga,2025/26,2025-10-28,Třinec,České Budějovice,6,3,,hockeyarchives
extraliga,2025/26,2025-10-28,Vítkovice,Sparta Prague,1,4,,hockeyarchives
extraliga,2025/26,2025-10-31,Hradec Králové,Třinec,4,1,,hockeyarchives
extraliga,2025/26,2025-10-31,Liberec,Vítkovice,2,3,,hockeyarchives
extraliga,2025/26,2025-10-31,Mladá Boleslav,Litvínov,3,2,,hockeyarchives
extraliga,2025/26,2025-10-31,Olomouc,Sparta Prague,1,4,,hockeyarchives
extraliga,2025/26,2025-10-31,Pardubice,Kladno,8,3,,hockeyarchives
extraliga,2025/26,2025-10-31,Plzeň,Brno,3,3,SO,hockeyarchives
extraliga,2025/26,2025-10-31,České Budějovice,Karlovy Vary,3,2,,hockeyarchives
extraliga,2025/26,2025-11-02,Brno,České Budějovice,3,3,OT,hockeyarchives
extraliga,2025/26,2025-11-02,Karlovy Vary,Liberec,2,2,SO,hockeyarchives
extraliga,2025/26,2025-11-02,Kladno,Plzeň,1,2,,hockeyarchives
extraliga,2025/26,2025-11-02,Litvínov,Hradec Králové,1,3,,hockeyarchives
extraliga,2025/26,2025-11-02,Sparta Prague,Mladá Boleslav,2,0,,hockeyarchives
extraliga,2025/26,2025-11-02,Třinec,Pardubice,2,4,,hockeyarchives
extraliga,2025/26,2025-11-02,Vítkovice,Olomouc,2,3,,hockeyarchives
extraliga,2025/26,2025-11-14,Hradec Králové,Vítkovice,3,0,,hockeyarchives
extraliga,2025/26,2025-11-14,Karlovy Vary,Plzeň,4,2,,hockeyarchives
extraliga,2025/26,2025-11-14,Kladno,Třinec,5,3,,hockeyarchives
extraliga,2025/26,2025-11-14,Liberec,Sparta Prague,3,0,,hockeyarchives
extraliga,2025/26,2025-11-14,Mladá Boleslav,Olomouc,4,1,,hockeyarchives
extraliga,2025/26,2025-11-14,Pardubice,Brno,7,1,,hockeyarchives
extraliga,2025/26,2025-11-14,České Budějovice,Litvínov,2,2,OT,hockeyarchives
extraliga,2025/26,2025-11-16,Brno,Třinec,4,3,,hockeyarchives
extraliga,2025/26,2025-11-16,Karlovy Vary,Kladno,1,5,,hockeyarchives
extraliga,2025/26,2025-11-16,Litvínov,Pardubice,1,4,,hockeyarchives
extraliga,2025/26,2025-11-16,Mladá Boleslav,Liberec,2,0,,hockeyarchives
extraliga,2025/26,2025-11-16,Olomouc,Hradec Králové,1,7,,hockeyarchives
extraliga,2025/26,2025-11-16,Plzeň,Sparta Prague,5,6,,hockeyarchives
extraliga,2025/26,2025-11-16,Vítkovice,České Budějovice,4,2,,hockeyarchives
extraliga,2025/26,2025-11-21,Hradec Králové,Sparta Prague,1,4,,hockeyarchives
extraliga,2025/26,2025-11-21,Kladno,Brno,1,4,,hockeyarchives
extraliga,2025/26,2025-11-21,Liberec,Olomouc,4,2,,hockeyarchives
extraliga,2025/26,2025-11-21,Pardubice,Karlovy Vary,4,1,,hockeyarchives
extraliga,2025/26,2025-11-21,Plzeň,Litvínov,7,2,,hockeyarchives
extraliga,2025/26,2025-11-21,Vítkovice,Třinec,3,2,,hockeyarchives
extraliga,2025/26,2025-11-21,České Budějovice,Mladá Boleslav,3,3,SO,hockeyarchives
extraliga,2025/26,2025-11-23,Karlovy Vary,Brno,3,2,,hockeyarchives
extraliga,2025/26,2025-11-23,Kladno,Sparta Prague,3,7,,hockeyarchives
extraliga,2025/26,2025-11-23,Liberec,Hradec Králové,3,2,,hockeyarchives
extraliga,2025/26,2025-11-23,Litvínov,Třinec,5,2,,hockeyarchives
extraliga,2025/26,2025-11-23,Mladá Boleslav,Plzeň,2,1,,hockeyarchives
extraliga,2025/26,2025-11-23,Olomouc,České Budějovice,1,1,OT,hockeyarchives
extraliga,2025/26,2025-11-23,Vítkovice,Pardubice,3,2,,hockeyarchives
extraliga,2025/26,2025-11-25,Brno,Olomouc,1,2,,hockeyarchives
extraliga,2025/26,2025-11-25,Hradec Králové,Mladá Boleslav,0,0,SO,hockeyarchives
extraliga,2025/26,2025-11-25,Karlovy Vary,Třinec,2,1,,hockeyarchives
extraliga,2025/26,2025-11-25,Kladno,Litvínov,1,1,SO,hockeyarchives
extraliga,2025/26,2025-11-25,Liberec,České Budějovice,5,2,,hockeyarchives
extraliga,2025/26,2025-11-25,Pardubice,Sparta Prague,1,1,OT,hockeyarchives
extraliga,2025/26,2025-11-25,Plzeň,Vítkovice,7,0,,hockeyarchives
extraliga,2025/26,2025-11-28,Karlovy Vary,Vítkovice,4,1,,hockeyarchives
extraliga,2025/26,2025-11-28,Kladno,Mladá Boleslav,5,0,,hockeyarchives
extraliga,2025/26,2025-11-28,Litvínov,Brno,6,2,,hockeyarchives
extraliga,2025/26,2025-11-28,Pardubice,Hradec Králové,3,1,,hockeyarchives
extraliga,2025/26,2025-11-28,Plzeň,Liberec,1,1,OT,hockeyarchives
extraliga,2025/26,2025-11-28,Třinec,Olomouc,5,2,,hockeyarchives
extraliga,2025/26,2025-11-28,České Budějovice,Sparta Prague,3,1,,hockeyarchives
extraliga,2025/26,2025-11-30,Hradec Králové,České Budějovice,4,2,,hockeyarchives
extraliga,2025/26,2025-11-30,Liberec,Pardubice,4,2,,hockeyarchives
extraliga,2025/26,2025-11-30,Litvínov,Karlovy Vary,1,2,,hockeyarchives
extraliga,2025/26,2025-11-30,Mladá Boleslav,Brno,3,4,,hockeyarchives
extraliga,2025/26,2025-11-30,Olomouc,Plzeň,1,0,,hockeyarchives
extraliga,2025/26,2025-11-30,Třinec,Sparta Prague,1,2,,hockeyarchives
extraliga,2025/26,2025-11-30,Vítkovice,Kladno,0,3,,hockeyarchives
extraliga,2025/26,2025-12-03,Brno,České Budějovice,3,3,OT,hockeyarchives
extraliga,2025/26,2025-12-03,Karlovy Vary,Liberec,2,2,SO,hockeyarchives
extraliga,2025/26,2025-12-03,Kladno,Plzeň,4,1,,hockeyarchives
extraliga,2025/26,2025-12-03,Litvínov,Hradec Králové,3,6,,hockeyarchives
extraliga,2025/26,2025-12-03,Sparta Prague,Mladá Boleslav,4,1,,hockeyarchives
extraliga,2025/26,2025-12-03,Třinec,Pardubice,3,2,,hockeyarchives
extraliga,2025/26,2025-12-05,Brno,Sparta Prague,3,1,,hockeyarchives
extraliga,2025/26,2025-12-05,Karlovy Vary,Olomouc,4,2,,hockeyarchives
extraliga,2025/26,2025-12-05,Kladno,Hradec Králové,2,2,OT,hockeyarchives
extraliga,2025/26,2025-12-05,Litvínov,Vítkovice,2,5,,hockeyarchives
extraliga,2025/26,2025-12-05,Pardubice,Mladá Boleslav,5,2,,hockeyarchives
extraliga,2025/26,2025-12-05,Plzeň,České Budějovice,2,2,OT,hockeyarchives
extraliga,2025/26,2025-12-05,Třinec,Liberec,3,5,,hockeyarchives
extraliga,2025/26,2025-12-07,Hradec Králové,Plzeň,5,4,,hockeyarchives
extraliga,2025/26,2025-12-07,Litvínov,Liberec,3,2,,hockeyarchives
extraliga,2025/26,2025-12-07,Olomouc,Kladno,4,1,,hockeyarchives
extraliga,2025/26,2025-12-07,Sparta Prague,Karlovy Vary,6,1,,hockeyarchives
extraliga,2025/26,2025-12-07,Třinec,Mladá Boleslav,5,2,,hockeyarchives
extraliga,2025/26,2025-12-07,Vítkovice,Brno,4,3,,hockeyarchives
extraliga,2025/26,2025-12-07,České Budějovice,Pardubice,3,6,,hockeyarchives
extraliga,2025/26,2025-12-19,Brno,Liberec,3,1,,hockeyarchives
extraliga,2025/26,2025-12-19,Karlovy Vary,Hradec Králové,4,1,,hockeyarchives
extraliga,2025/26,2025-12-19,Kladno,České Budějovice,2,3,,hockeyarchives
extraliga,2025/26,2025-12-19,Litvínov,Sparta Prague,3,2,,hockeyarchives
extraliga,2025/26,2025-12-19,Pardubice,Olomouc,4,4,OT,hockeyarchives
extraliga,2025/26,2025-12-19,Třinec,Plzeň,1,1,OT,hockeyarchives
extraliga,2025/26,2025-12-19,Vítkovice,Mladá Boleslav,1,2,,hockeyarchives
extraliga,2025/26,2025-12-21,Hradec Králové,Brno,2,1,,hockeyarchives
extraliga,2025/26,2025-12-21,Liberec,Kladno,4,1,,hockeyarchives
extraliga,2025/26,2025-12-21,Mladá Boleslav,Karlovy Vary,0,3,,hockeyarchives
extraliga,2025/26,2025-12-21,Olomouc,Litvínov,3,3,OT,hockeyarchives
extraliga,2025/26,2025-12-21,Plzeň,Pardubice,1,2,,hockeyarchives
extraliga,2025/26,2025-12-21,Sparta Prague,Vítkovice,3,6,,hockeyarchives
extraliga,2025/26,2025-12-21,České Budějovice,Třinec,1,0,,hockeyarchives
extraliga,2025/26,2025-12-23,Brno,Plzeň,2,2,OT,hockeyarchives
extraliga,2025/26,2025-12-23,Karlovy Vary,České Budějovice,1,0,,hockeyarchives
extraliga,2025/26,2025-12-23,Kladno,Pardubice,0,1,,hockeyarchives
extraliga,2025/26,2025-12-23,Litvínov,Mladá Boleslav,6,1,,hockeyarchives
extraliga,2025/26,2025-12-23,Sparta Prague,Olomouc,7,2,,hockeyarchives
extraliga,2025/26,2025-12-23,Třinec,Hradec Králové,2,5,,hockeyarchives
extraliga,2025/26,2025-12-23,Vítkovice,Liberec,4,1,,hockeyarchives
extraliga,2025/26,2025-12-26,Hradec Králové,Litvínov,2,3,,hockeyarchives
extraliga,2025/26,2025-12-26,Liberec,Karlovy Vary,2,3,,hockeyarchives
extraliga,2025/26,2025-12-26,Mladá Boleslav,Sparta Prague,2,3,,hockeyarchives
extraliga,2025/26,2025-12-26,Olomouc,Vítkovice,0,6,,hockeyarchives
extraliga,2025/26,2025-12-26,Pardubice,Třinec,5,3,,hockeyarchives
extraliga,2025/26,2025-12-26,Plzeň,Kladno,3,0,,hockeyarchives
extraliga,2025/26,2025-12-26,České Budějovice,Brno,2,2,SO,hockeyarchives
extraliga,2025/26,2025-12-28,Brno,Pardubice,1,4,,hockeyarchives
extraliga,2025/26,2025-12-28,Karlovy Vary,Plzeň,1,2,,hockeyarchives
extraliga,2025/26,2025-12-28,Litvínov,České Budějovice,4,1,,hockeyarchives
extraliga,2025/26,2025-12-28,Olomouc,Mladá Boleslav,2,5,,hockeyarchives
extraliga,2025/26,2025-12-28,Sparta Prague,Liberec,3,3,OT,hockeyarchives
extraliga,2025/26,2025-12-28,Třinec,Kladno,3,1,,hockeyarchives
extraliga,2025/26,2025-12-28,Vítkovice,Hradec Králové,3,5,,hockeyarchives
extraliga,2025/26,2025-12-30,Hradec Králové,Olomouc,3,2,,hockeyarchives
extraliga,2025/26,2025-12-30,Kladno,Karlovy Vary,3,1,,hockeyarchives
extraliga,2025/26,2025-12-30,Liberec,Mladá Boleslav,1,1,SO,hockeyarchives
extraliga,2025/26,2025-12-30,Pardubice,Litvínov,3,2,,hockeyarchives
extraliga,2025/26,2025-12-30,Plzeň,Sparta Prague,4,1,,hockeyarchives
extraliga,2025/26,2025-12-30,Třinec,Brno,3,3,SO,hockeyarchives
extraliga,2025/26,2025-12-30,České Budějovice,Vítkovice,2,2,SO,hockeyarchives
extraliga,2025/26,2026-01-02,Brno,Kladno,2,4,,hockeyarchives
extraliga,2025/26,2026-01-02,Karlovy Vary,Pardubice,2,2,OT,hockeyarchives
extraliga,2025/26,2026-01-02,Litvínov,Plzeň,1,8,,hockeyarchives
extraliga,2025/26,2026-01-02,Mladá Boleslav,České Budějovice,4,2,,hockeyarchives
extraliga,2025/26,2026-01-02,Olomouc,Liberec,5,3,,hockeyarchives
extraliga,2025/26,2026-01-02,Sparta Prague,Hradec Králové,1,1,SO,hockeyarchives
extraliga,2025/26,2026-01-02,Vítkovice,Třinec,0,2,,hockeyarchives
extraliga,2025/26,2026-01-04,Brno,Karlovy Vary,2,3,,hockeyarchives
extraliga,2025/26,2026-01-04,Hradec Králové,Liberec,0,2,,hockeyarchives
extraliga,2025/26,2026-01-04,Pardubice,Vítkovice,4,1,,hockeyarchives
extraliga,2025/26,2026-01-04,Plzeň,Mladá Boleslav,6,2,,hockeyarchives
extraliga,2025/26,2026-01-04,Sparta Prague,Kladno,4,4,OT,hockeyarchives
extraliga,2025/26,2026-01-04,Třinec,Litvínov,2,2,OT,hockeyarchives
extraliga,2025/26,2026-01-04,České Budějovice,Olomouc,2,1,,hockeyarchives
extraliga,2025/26,2026-01-06,Liberec,České Budějovice,6,3,,hockeyarchives
extraliga,2025/26,2026-01-06,Litvínov,Kladno,4,1,,hockeyarchives
extraliga,2025/26,2026-01-06,Mladá Boleslav,Hradec Králové,2,0,,hockeyarchives
extraliga,2025/26,2026-01-06,Olomouc,Brno,3,2,,hockeyarchives
extraliga,2025/26,2026-01-06,Sparta Prague,Pardubice,2,2,OT,hockeyarchives
extraliga,2025/26,2026-01-06,Třinec,Karlovy Vary,6,3,,hockeyarchives
extraliga,2025/26,2026-01-06,Vítkovice,Plzeň,4,6,,hockeyarchives
extraliga,2025/26,2026-01-09,Brno,Litvínov,7,2,,hockeyarchives
extraliga,2025/26,2026-01-09,Hradec Králové,Pardubice,3,3,SO,hockeyarchives
extraliga,2025/26,2026-01-09,Liberec,Plzeň,2,2,SO,hockeyarchives
extraliga,2025/26,2026-01-09,Mladá Boleslav,Kladno,1,5,,hockeyarchives
extraliga,2025/26,2026-01-09,Olomouc,Třinec,4,1,,hockeyarchives
extraliga,2025/26,2026-01-09,Sparta Prague,České Budějovice,4,3,,hockeyarchives
extraliga,2025/26,2026-01-09,Vítkovice,Karlovy Vary,3,3,OT,hockeyarchives
extraliga,2025/26,2026-01-11,Brno,Mladá Boleslav,2,2,OT,hockeyarchives
extraliga,2025/26,2026-01-11,Karlovy Vary,Litvínov,3,3,SO,hockeyarchives
extraliga,2025/26,2026-01-11,Kladno,Vítkovice,8,1,,hockeyarchives
extraliga,2025/26,2026-01-11,Pardubice,Liberec,1,1,SO,hockeyarchives
extraliga,2025/26,2026-01-11,Plzeň,Olomouc,3,2,,hockeyarchives
extraliga,2025/26,2026-01-11,Třinec,Sparta Prague,5,3,,hockeyarchives
extraliga,2025/26,2026-01-11,České Budějovice,Hradec Králové,5,1,,hockeyarchives
extraliga,2025/26,2026-01-16,Hradec Králové,Kladno,1,0,,hockeyarchives
extraliga,2025/26,2026-01-16,Liberec,Třinec,5,3,,hockeyarchives
extraliga,2025/26,2026-01-16,Mladá Boleslav,Pardubice,4,2,,hockeyarchives
extraliga,2025/26,2026-01-16,Olomouc,Karlovy Vary,1,5,,hockeyarchives
extraliga,2025/26,2026-01-16,Sparta Prague,Brno,1,3,,hockeyarchives
extraliga,2025/26,2026-01-16,Vítkovice,Litvínov,4,1,,hockeyarchives
extraliga,2025/26,2026-01-16,České Budějovice,Plzeň,5,1,,hockeyarchives
extraliga,2025/26,2026-01-18,Karlovy Vary,Sparta Prague,3,3,SO,hockeyarchives
extraliga,2025/26,2026-01-18,Kladno,Olomouc,2,0,,hockeyarchives
extraliga,2025/26,2026-01-18,Liberec,Litvínov,4,1,,hockeyarchives
extraliga,2025/26,2026-01-18,Mladá Boleslav,Třinec,3,3,SO,hockeyarchives
extraliga,2025/26,2026-01-18,Pardubice,České Budějovice,5,1,,hockeyarchives
extraliga,2025/26,2026-01-18,Plzeň,Hradec Králové,2,2,SO,hockeyarchives
extraliga,2025/26,2026-01-18,Vítkovice,Brno,2,2,OT,hockeyarchives
extraliga,2025/26,2026-01-23,Hradec Králové,Karlovy Vary,2,2,OT,hockeyarchives
extraliga,2025/26,2026-01-23,Liberec,Brno,4,0,,hockeyarchives
extraliga,2025/26,2026-01-23,Mladá Boleslav,Vítkovice,1,1,OT,hockeyarchives
extraliga,2025/26,2026-01-23,Olomouc,Pardubice,2,3,,hockeyarchives
extraliga,2025/26,2026-01-23,Plzeň,Třinec,1,1,SO,hockeyarchives
extraliga,2025/26,2026-01-23,Sparta Prague,Litvínov,5,1,,hockeyarchives
extraliga,2025/26,2026-01-23,České Budějovice,Kladno,2,2,OT,hockeyarchives
extraliga,2025/26,2026-01-25,Sparta Prague,Vítkovice,4,4,OT,hockeyarchives
extraliga,2025/26,2026-01-27,Hradec Králové,Třinec,3,0,,hockeyarchives
extraliga,2025/26,2026-01-27,Liberec,Vítkovice,6,2,,hockeyarchives
extraliga,2025/26,2026-01-27,Mladá Boleslav,Litvínov,1,0,,hockeyarchives
extraliga,2025/26,2026-01-27,Pardubice,Kladno,1,1,OT,hockeyarchives
extraliga,2025/26,2026-01-27,Plzeň,Brno,4,0,,hockeyarchives
extraliga,2025/26,2026-01-27,Sparta Prague,Olomouc,6,3,,hockeyarchives
extraliga,2025/26,2026-01-27,České Budějovice,Karlovy Vary,3,6,,hockeyarchives
extraliga,2025/26,2026-01-29,Vítkovice,Olomouc,1,5,,hockeyarchives
extraliga,2025/26,2026-02-25,Hradec Králové,Vítkovice,4,0,,hockeyarchives
extraliga,2025/26,2026-02-25,Kladno,Třinec,1,3,,hockeyarchives
extraliga,2025/26,2026-02-25,Liberec,Sparta Prague,1,1,OT,hockeyarchives
extraliga,2025/26,2026-02-25,Mladá Boleslav,Olomouc,2,2,SO,hockeyarchives
extraliga,2025/26,2026-02-25,Pardubice,Brno,4,2,,hockeyarchives
extraliga,2025/26,2026-02-25,Plzeň,Karlovy Vary,2,0,,hockeyarchives
extraliga,2025/26,2026-02-25,České Budějovice,Litvínov,4,2,,hockeyarchives
extraliga,2025/26,2026-02-27,Brno,Třinec,5,1,,hockeyarchives
extraliga,2025/26,2026-02-27,Hradec Králové,Sparta Prague,6,3,,hockeyarchives
extraliga,2025/26,2026-02-27,Karlovy Vary,Kladno,2,4,,hockeyarchives
extraliga,2025/26,2026-02-27,Kladno,Brno,4,2,,hockeyarchives
extraliga,2025/26,2026-02-27,Liberec,Olomouc,6,3,,hockeyarchives
extraliga,2025/26,2026-02-27,Litvínov,Pardubice,1,4,,hockeyarchives
extraliga,2025/26,2026-02-27,Mladá Boleslav,Liberec,4,4,OT,hockeyarchives
extraliga,2025/26,2026-02-27,Olomouc,Hradec Králové,2,4,,hockeyarchives
extraliga,2025/26,2026-02-27,Pardubice,Karlovy Vary,3,3,OT,hockeyarchives
extraliga,2025/26,2026-02-27,Plzeň,Litvínov,3,2,,hockeyarchives
extraliga,2025/26,2026-02-27,Sparta Prague,Plzeň,3,0,,hockeyarchives
extraliga,2025/26,2026-02-27,Třinec,Vítkovice,2,2,OT,hockeyarchives
extraliga,2025/26,2026-02-27,Vítkovice,České Budějovice,4,4,OT,hockeyarchives
extraliga,2025/26,2026-02-27,České Budějovice,Mladá Boleslav,3,0,,hockeyarchives
extraliga,2025/26,2026-03-04,Karlovy Vary,Brno,2,2,OT,hockeyarchives
extraliga,2025/26,2026-03-04,Liberec,Hradec Králové,4,0,,hockeyarchives
extraliga,2025/26,2026-03-04,Litvínov,Třinec,1,4,,hockeyarchives
extraliga,2025/26,2026-03-04,Mladá Boleslav,Plzeň,0,2,,hockeyarchives
extraliga,2025/26,2026-03-04,Olomouc,České Budějovice,3,2,,hockeyarchives
extraliga,2025/26,2026-03-04,Sparta Prague,Kladno,6,3,,hockeyarchives
extraliga,2025/26,2026-03-04,Vítkovice,Pardubice,4,2,,hockeyarchives
extraliga,2025/26,2026-03-06,Brno,Olomouc,5,4,,hockeyarchives
extraliga,2025/26,2026-03-06,Hradec Králové,Mladá Boleslav,3,1,,hockeyarchives
extraliga,2025/26,2026-03-06,Kladno,Litvínov,3,1,,hockeyarchives
extraliga,2025/26,2026-03-06,Pardubice,Sparta Prague,1,1,OT,hockeyarchives
extraliga,2025/26,2026-03-06,Plzeň,Vítkovice,5,2,,hockeyarchives
extraliga,2025/26,2026-03-06,Třinec,Karlovy Vary,1,1,SO,hockeyarchives
extraliga,2025/26,2026-03-06,České Budějovice,Liberec,3,3,SO,hockeyarchives
extraliga,2025/26,2026-03-15,Karlovy Vary,Vítkovice,5,2,,hockeyarchives
extraliga,2025/26,2026-03-15,Kladno,Sparta Prague,2,5,,hockeyarchives
extraliga,2025/26,2026-03-15,Kometa Brno,České Budějovice,1,1,SO,hockeyarchives
extraliga,2025/26,2026-03-15,Olomouc,Třinec,1,1,OT,hockeyarchives
extraliga,2025/26,2026-03-15,Sparta Prague,Kladno,2,2,OT,hockeyarchives
extraliga,2025/26,2026-03-15,Třinec,Olomouc,2,2,OT,hockeyarchives
extraliga,2025/26,2026-03-15,Vítkovice,Karlovy Vary,1,2,,hockeyarchives
extraliga,2025/26,2026-03-15,České Budějovice,Kometa Brno,2,3,,hockeyarchives
extraliga,2025/26,2026-03-30,Brno,Pardubice,0,1,,hockeyarchives
extraliga,2025/26,2026-03-30,Pardubice,Brno,8,4,,hockeyarchives
extraliga,2025/26,2026-03-30,Plzeň,Sparta Prague,0,1,,hockeyarchives
extraliga,2025/26,2026-03-30,Sparta Prague,Plzeň,4,2,,hockeyarchives
extraliga,2025/26,2026-03-31,Hradec Králové,Třinec,2,2,OT,hockeyarchives
extraliga,2025/26,2026-03-31,Karlovy Vary,Liberec,4,0,,hockeyarchives
extraliga,2025/26,2026-03-31,Liberec,Karlovy Vary,0,0,OT,hockeyarchives
extraliga,2025/26,2026-03-31,Třinec,Hradec Králové,4,2,,hockeyarchives
extraliga,2025/26,2026-04-15,Karlovy Vary,Třinec,3,0,,hockeyarchives
extraliga,2025/26,2026-04-15,Pardubice,Sparta Prague,1,0,,hockeyarchives
extraliga,2025/26,2026-04-15,Sparta Prague,Pardubice,3,2,,hockeyarchives
extraliga,2025/26,2026-04-15,Třinec,Karlovy Vary,2,2,OT,hockeyarchives
extraliga,2025/26,2026-04-29,Jihlava,Litvínov,4,2,,hockeyarchives
extraliga,2025/26,2026-04-29,Litvínov,Jihlava,5,0,,hockeyarchives
extraliga,2025/26,2026-04-30,Pardubice,Třinec,2,1,,hockeyarchives
extraliga,2025/26,2026-04-30,Třinec,Pardubice,4,4,OT,hockeyarchives
icehl,2022/23,2022-09-16,Bolzano,Feldkirch,3,0,,hockeyarchives
icehl,2022/23,2022-09-16,Graz,Asiago,2,3,,hockeyarchives
icehl,2022/23,2022-09-16,Innsbruck,Klagenfurt,5,2,,hockeyarchives
icehl,2022/23,2022-09-16,Linz,Villach,2,1,,hockeyarchives
icehl,2022/23,2022-09-16,Pustertal,Fehérvár,1,4,,hockeyarchives
icehl,2022/23,2022-09-16,Salzbourg,Vienne,2,1,,hockeyarchives
icehl,2022/23,2022-09-18,Bolzano,Ljubljana,4,1,,hockeyarchives
icehl,2022/23,2022-09-18,Feldkirch,Klagenfurt,2,1,,hockeyarchives
icehl,2022/23,2022-09-18,Innsbruck,Asiago,5,1,,hockeyarchives
icehl,2022/23,2022-09-18,Linz,Graz,0,4,,hockeyarchives
icehl,2022/23,2022-09-18,Pustertal,Villach,4,2,,hockeyarchives
icehl,2022/23,2022-09-18,Salzbourg,Fehérvár,4,1,,hockeyarchives
icehl,2022/23,2022-09-23,Asiago,Salzbourg,3,5,,hockeyarchives
icehl,2022/23,2022-09-23,Bolzano,Linz,2,1,,hockeyarchives
icehl,2022/23,2022-09-23,Fehérvár,Ljubljana,2,3,,hockeyarchives
icehl,2022/23,2022-09-23,Graz,Innsbruck,1,6,,hockeyarchives
icehl,2022/23,2022-09-23,Vienne,Klagenfurt,0,4,,hockeyarchives
icehl,2022/23,2022-09-23,Villach,Feldkirch,8,5,,hockeyarchives
icehl,2023/24,2022-09-24,Asiago,Bolzano,0,3,,hockeyarchives
icehl,2023/24,2022-09-24,Klagenfurt,Fehérvár,7,3,,hockeyarchives
icehl,2023/24,2022-09-24,Linz,Pustertal,1,4,,hockeyarchives
icehl,2023/24,2022-09-24,Ljubljana,Innsbruck,1,2,,hockeyarchives
icehl,2023/24,2022-09-24,Salzbourg,Feldkirch,6,2,,hockeyarchives
icehl,2023/24,2022-09-24,Vienne,Villach,3,3,OT,hockeyarchives
icehl,2022/23,2022-09-25,Asiago,Villach,3,5,,hockeyarchives
icehl,2022/23,2022-09-25,Fehérvár,Feldkirch,5,2,,hockeyarchives
icehl,2022/23,2022-09-25,Innsbruck,Vienne,9,3,,hockeyarchives
icehl,2022/23,2022-09-25,Ljubljana,Klagenfurt,2,4,,hockeyarchives
icehl,2022/23,2022-09-25,Pustertal,Linz,2,5,,hockeyarchives
icehl,2022/23,2022-09-25,Salzbourg,Graz,3,0,,hockeyarchives
icehl,2022/23,2022-09-30,Bolzano,Innsbruck,5,1,,hockeyarchives
icehl,2022/23,2022-09-30,Fehérvár,Asiago,5,2,,hockeyarchives
icehl,2022/23,2022-09-30,Feldkirch,Linz,2,2,SO,hockeyarchives
icehl,2022/23,2022-09-30,Graz,Klagenfurt,2,2,SO,hockeyarchives
icehl,2022/23,2022-09-30,Salzbourg,Pustertal,3,0,,hockeyarchives
icehl,2022/23,2022-09-30,Vienne,Ljubljana,2,3,,hockeyarchives
icehl,2022/23,2022-10-02,Feldkirch,Bolzano,4,3,,hockeyarchives
icehl,2022/23,2022-10-02,Innsbruck,Linz,2,5,,hockeyarchives
icehl,2022/23,2022-10-02,Ljubljana,Fehérvár,3,3,OT,hockeyarchives
icehl,2022/23,2022-10-02,Salzbourg,Klagenfurt,4,6,,hockeyarchives
icehl,2022/23,2022-10-02,Vienne,Pustertal,5,2,,hockeyarchives
icehl,2022/23,2022-10-02,Villach,Graz,1,2,,hockeyarchives
icehl,2022/23,2022-10-07,Asiago,Innsbruck,5,6,,hockeyarchives
icehl,2022/23,2022-10-07,Fehérvár,Graz,1,1,OT,hockeyarchives
icehl,2022/23,2022-10-07,Feldkirch,Ljubljana,1,4,,hockeyarchives
icehl,2022/23,2022-10-07,Linz,Pustertal,2,1,,hockeyarchives
icehl,2022/23,2022-10-07,Salzbourg,Bolzano,2,5,,hockeyarchives
icehl,2022/23,2022-10-07,Vienne,Villach,3,2,,hockeyarchives
icehl,2022/23,2022-10-09,Asiago,Vienne,2,2,SO,hockeyarchives
icehl,2022/23,2022-10-09,Fehérvár,Villach,5,6,,hockeyarchives
icehl,2022/23,2022-10-09,Feldkirch,Salzbourg,1,1,SO,hockeyarchives
icehl,2022/23,2022-10-09,Innsbruck,Ljubljana,5,2,,hockeyarchives
icehl,2022/23,2022-10-09,Linz,Klagenfurt,5,3,,hockeyarchives
icehl,2022/23,2022-10-09,Pustertal,Bolzano,3,5,,hockeyarchives
icehl,2022/23,2022-10-14,Asiago,Klagenfurt,1,4,,hockeyarchives
icehl,2022/23,2022-10-14,Bolzano,Graz,3,1,,hockeyarchives
icehl,2022/23,2022-10-14,Feldkirch,Fehérvár,0,4,,hockeyarchives
icehl,2022/23,2022-10-14,Linz,Innsbruck,4,1,,hockeyarchives
icehl,2022/23,2022-10-14,Ljubljana,Salzbourg,1,4,,hockeyarchives
icehl,2022/23,2022-10-14,Villach,Pustertal,1,0,,hockeyarchives
icehl,2022/23,2022-10-16,Innsbruck,Fehérvár,5,2,,hockeyarchives
icehl,2022/23,2022-10-16,Klagenfurt,Feldkirch,5,0,,hockeyarchives
icehl,2022/23,2022-10-16,Linz,Vienne,2,5,,hockeyarchives
icehl,2022/23,2022-10-16,Ljubljana,Bolzano,5,2,,hockeyarchives
icehl,2022/23,2022-10-16,Pustertal,Graz,3,0,,hockeyarchives
icehl,2022/23,2022-10-16,Villach,Asiago,6,4,,hockeyarchives
icehl,2022/23,2022-10-21,Asiago,Bolzano,4,3,,hockeyarchives
icehl,2022/23,2022-10-21,Fehérvár,Salzbourg,4,6,,hockeyarchives
icehl,2022/23,2022-10-21,Graz,Ljubljana,2,2,SO,hockeyarchives
icehl,2022/23,2022-10-21,Innsbruck,Villach,5,5,OT,hockeyarchives
icehl,2022/23,2022-10-21,Klagenfurt,Linz,3,5,,hockeyarchives
icehl,2022/23,2022-10-21,Pustertal,Vienne,1,9,,hockeyarchives
icehl,2022/23,2022-10-23,Asiago,Graz,2,3,,hockeyarchives
icehl,2022/23,2022-10-23,Bolzano,Klagenfurt,4,3,,hockeyarchives
icehl,2022/23,2022-10-23,Fehérvár,Linz,2,1,,hockeyarchives
icehl,2022/23,2022-10-23,Feldkirch,Vienne,2,4,,hockeyarchives
icehl,2022/23,2022-10-23,Ljubljana,Pustertal,0,7,,hockeyarchives
icehl,2022/23,2022-10-23,Villach,Salzbourg,1,3,,hockeyarchives
icehl,2022/23,2022-10-26,Fehérvár,Vienne,1,1,SO,hockeyarchives
icehl,2022/23,2022-10-26,Graz,Bolzano,1,4,,hockeyarchives
icehl,2022/23,2022-10-26,Klagenfurt,Villach,2,2,SO,hockeyarchives
icehl,2022/23,2022-10-26,Linz,Feldkirch,2,3,,hockeyarchives
icehl,2022/23,2022-10-26,Pustertal,Innsbruck,8,3,,hockeyarchives
icehl,2022/23,2022-10-26,Salzbourg,Asiago,3,1,,hockeyarchives
icehl,2022/23,2022-10-28,Bolzano,Pustertal,6,2,,hockeyarchives
icehl,2022/23,2022-10-28,Feldkirch,Innsbruck,2,3,,hockeyarchives
icehl,2022/23,2022-10-28,Graz,Villach,4,2,,hockeyarchives
icehl,2022/23,2022-10-28,Klagenfurt,Fehérvár,2,2,OT,hockeyarchives
icehl,2022/23,2022-10-28,Linz,Asiago,6,3,,hockeyarchives
icehl,2022/23,2022-10-28,Ljubljana,Vienne,3,4,,hockeyarchives
icehl,2022/23,2022-10-30,Asiago,Fehérvár,1,1,OT,hockeyarchives
icehl,2022/23,2022-10-30,Asiago,Ljubljana,5,3,,hockeyarchives
icehl,2022/23,2022-10-30,Feldkirch,Graz,1,2,,hockeyarchives
icehl,2022/23,2022-10-30,Feldkirch,Pustertal,0,4,,hockeyarchives
icehl,2022/23,2022-10-30,Innsbruck,Bolzano,5,5,OT,hockeyarchives
icehl,2022/23,2022-10-30,Klagenfurt,Innsbruck,1,2,,hockeyarchives
icehl,2022/23,2022-10-30,Klagenfurt,Salzbourg,3,3,SO,hockeyarchives
icehl,2022/23,2022-10-30,Linz,Bolzano,2,1,,hockeyarchives
icehl,2022/23,2022-10-30,Pustertal,Ljubljana,4,2,,hockeyarchives
icehl,2022/23,2022-10-30,Salzbourg,Villach,4,2,,hockeyarchives
icehl,2022/23,2022-10-30,Vienne,Graz,2,2,OT,hockeyarchives
icehl,2022/23,2022-10-30,Villach,Vienne,4,3,,hockeyarchives
icehl,2022/23,2022-11-04,Bolzano,Asiago,6,3,,hockeyarchives
icehl,2022/23,2022-11-04,Graz,Fehérvár,0,0,SO,hockeyarchives
icehl,2022/23,2022-11-04,Linz,Salzbourg,2,5,,hockeyarchives
icehl,2022/23,2022-11-04,Ljubljana,Feldkirch,6,2,,hockeyarchives
icehl,2022/23,2022-11-04,Pustertal,Klagenfurt,2,2,OT,hockeyarchives
icehl,2022/23,2022-11-04,Vienne,Innsbruck,3,4,,hockeyarchives
icehl,2022/23,2022-11-06,Asiago,Pustertal,3,2,,hockeyarchives
icehl,2022/23,2022-11-06,Bolzano,Salzbourg,1,0,,hockeyarchives
icehl,2022/23,2022-11-06,Fehérvár,Innsbruck,4,5,,hockeyarchives
icehl,2022/23,2022-11-06,Graz,Linz,2,4,,hockeyarchives
icehl,2022/23,2022-11-06,Klagenfurt,Vienne,5,2,,hockeyarchives
icehl,2022/23,2022-11-06,Villach,Ljubljana,6,2,,hockeyarchives
icehl,2022/23,2022-11-15,Innsbruck,Feldkirch,5,2,,hockeyarchives
icehl,2022/23,2022-11-15,Klagenfurt,Graz,3,1,,hockeyarchives
icehl,2022/23,2022-11-15,Ljubljana,Asiago,1,2,,hockeyarchives
icehl,2022/23,2022-11-15,Pustertal,Salzbourg,1,1,OT,hockeyarchives
icehl,2022/23,2022-11-15,Vienne,Fehérvár,1,2,,hockeyarchives
icehl,2022/23,2022-11-15,Villach,Bolzano,6,3,,hockeyarchives
icehl,2022/23,2022-11-18,Bolzano,Vienne,3,5,,hockeyarchives
icehl,2022/23,2022-11-18,Klagenfurt,Pustertal,5,2,,hockeyarchives
icehl,2022/23,2022-11-18,Linz,Fehérvár,0,1,,hockeyarchives
icehl,2022/23,2022-11-18,Ljubljana,Graz,5,2,,hockeyarchives
icehl,2022/23,2022-11-18,Salzbourg,Feldkirch,6,1,,hockeyarchives
icehl,2022/23,2022-11-18,Villach,Innsbruck,4,3,,hockeyarchives
icehl,2022/23,2022-11-20,Fehérvár,Klagenfurt,3,1,,hockeyarchives
icehl,2022/23,2022-11-20,Graz,Salzbourg,1,0,,hockeyarchives
icehl,2022/23,2022-11-20,Ljubljana,Innsbruck,2,4,,hockeyarchives
icehl,2022/23,2022-11-20,Pustertal,Asiago,2,2,OT,hockeyarchives
icehl,2022/23,2022-11-20,Vienne,Feldkirch,2,1,,hockeyarchives
icehl,2022/23,2022-11-20,Villach,Linz,3,2,,hockeyarchives
icehl,2022/23,2022-11-23,Asiago,Fehérvár,4,0,,hockeyarchives
icehl,2022/23,2022-11-23,Bolzano,Graz,3,0,,hockeyarchives
icehl,2022/23,2022-11-23,Linz,Feldkirch,5,0,,hockeyarchives
icehl,2022/23,2022-11-23,Salzbourg,Klagenfurt,3,3,OT,hockeyarchives
icehl,2022/23,2022-11-23,Vienne,Pustertal,2,3,,hockeyarchives
icehl,2022/23,2022-11-25,Asiago,Feldkirch,6,4,,hockeyarchives
icehl,2022/23,2022-11-25,Innsbruck,Pustertal,5,3,,hockeyarchives
icehl,2022/23,2022-11-25,Klagenfurt,Bolzano,0,1,,hockeyarchives
icehl,2022/23,2022-11-25,Linz,Ljubljana,2,2,SO,hockeyarchives
icehl,2022/23,2022-11-25,Vienne,Salzbourg,3,0,,hockeyarchives
icehl,2022/23,2022-11-25,Villach,Fehérvár,3,4,,hockeyarchives
icehl,2022/23,2022-11-27,Fehérvár,Bolzano,0,1,,hockeyarchives
icehl,2022/23,2022-11-27,Graz,Vienne,3,3,OT,hockeyarchives
icehl,2022/23,2022-11-27,Klagenfurt,Asiago,3,2,,hockeyarchives
icehl,2022/23,2022-11-27,Ljubljana,Villach,4,2,,hockeyarchives
icehl,2022/23,2022-11-27,Pustertal,Feldkirch,3,1,,hockeyarchives
icehl,2022/23,2022-11-27,Salzbourg,Linz,2,6,,hockeyarchives
icehl,2022/23,2022-11-29,Asiago,Linz,4,1,,hockeyarchives
icehl,2022/23,2022-11-29,Bolzano,Villach,2,5,,hockeyarchives
icehl,2022/23,2022-11-29,Fehérvár,Klagenfurt,3,4,,hockeyarchives
icehl,2022/23,2022-11-29,Salzbourg,Pustertal,4,1,,hockeyarchives
icehl,2022/23,2022-11-29,Vienne,Ljubljana,1,3,,hockeyarchives
icehl,2022/23,2022-12-02,Fehérvár,Feldkirch,3,0,,hockeyarchives
icehl,2022/23,2022-12-02,Innsbruck,Salzbourg,2,5,,hockeyarchives
icehl,2022/23,2022-12-02,Linz,Graz,2,5,,hockeyarchives
icehl,2022/23,2022-12-02,Ljubljana,Pustertal,5,2,,hockeyarchives
icehl,2022/23,2022-12-02,Vienne,Asiago,4,3,,hockeyarchives
icehl,2022/23,2022-12-02,Villach,Klagenfurt,4,4,SO,hockeyarchives
icehl,2022/23,2022-12-04,Fehérvár,Asiago,3,0,,hockeyarchives
icehl,2022/23,2022-12-04,Graz,Feldkirch,2,4,,hockeyarchives
icehl,2022/23,2022-12-04,Innsbruck,Linz,3,1,,hockeyarchives
icehl,2022/23,2022-12-04,Klagenfurt,Ljubljana,3,1,,hockeyarchives
icehl,2022/23,2022-12-04,Salzbourg,Bolzano,3,1,,hockeyarchives
icehl,2022/23,2022-12-04,Villach,Vienne,5,2,,hockeyarchives
icehl,2022/23,2022-12-09,Bolzano,Vienne,6,2,,hockeyarchives
icehl,2022/23,2022-12-09,Feldkirch,Villach,2,5,,hockeyarchives
icehl,2022/23,2022-12-09,Graz,Pustertal,1,3,,hockeyarchives
icehl,2022/23,2022-12-09,Innsbruck,Asiago,5,2,,hockeyarchives
icehl,2022/23,2022-12-09,Klagenfurt,Salzbourg,2,2,OT,hockeyarchives
icehl,2022/23,2022-12-09,Ljubljana,Linz,4,5,,hockeyarchives
icehl,2022/23,2022-12-11,Asiago,Graz,5,2,,hockeyarchives
icehl,2022/23,2022-12-11,Bolzano,Villach,1,3,,hockeyarchives
icehl,2022/23,2022-12-11,Fehérvár,Pustertal,2,0,,hockeyarchives
icehl,2022/23,2022-12-11,Klagenfurt,Feldkirch,1,3,,hockeyarchives
icehl,2022/23,2022-12-11,Linz,Vienne,5,2,,hockeyarchives
icehl,2022/23,2022-12-11,Salzbourg,Innsbruck,5,1,,hockeyarchives
icehl,2022/23,2022-12-14,Fehérvár,Ljubljana,5,2,,hockeyarchives
icehl,2022/23,2022-12-14,Klagenfurt,Innsbruck,1,2,,hockeyarchives
icehl,2022/23,2022-12-14,Linz,Bolzano,1,4,,hockeyarchives
icehl,2022/23,2022-12-14,Vienne,Graz,5,2,,hockeyarchives
icehl,2022/23,2022-12-14,Villach,Salzbourg,5,2,,hockeyarchives
icehl,2022/23,2022-12-16,Bolzano,Linz,3,1,,hockeyarchives
icehl,2022/23,2022-12-16,Fehérvár,Villach,2,3,,hockeyarchives
icehl,2022/23,2022-12-16,Feldkirch,Asiago,3,3,OT,hockeyarchives
icehl,2022/23,2022-12-16,Graz,Innsbruck,4,5,,hockeyarchives
icehl,2022/23,2022-12-16,Ljubljana,Salzbourg,1,5,,hockeyarchives
icehl,2022/23,2022-12-16,Pustertal,Vienne,2,4,,hockeyarchives
icehl,2022/23,2022-12-18,Asiago,Linz,2,4,,hockeyarchives
icehl,2022/23,2022-12-18,Bolzano,Fehérvár,7,4,,hockeyarchives
icehl,2022/23,2022-12-18,Innsbruck,Ljubljana,4,3,,hockeyarchives
icehl,2022/23,2022-12-18,Klagenfurt,Pustertal,3,3,SO,hockeyarchives
icehl,2022/23,2022-12-18,Salzbourg,Graz,1,3,,hockeyarchives
icehl,2022/23,2022-12-18,Vienne,Villach,6,4,,hockeyarchives
icehl,2022/23,2022-12-20,Bolzano,Pustertal,4,1,,hockeyarchives
icehl,2022/23,2022-12-20,Feldkirch,Vienne,1,4,,hockeyarchives
icehl,2022/23,2022-12-20,Graz,Asiago,2,3,,hockeyarchives
icehl,2022/23,2022-12-20,Innsbruck,Fehérvár,4,2,,hockeyarchives
icehl,2022/23,2022-12-20,Linz,Ljubljana,5,1,,hockeyarchives
icehl,2022/23,2022-12-20,Villach,Klagenfurt,3,4,,hockeyarchives
icehl,2022/23,2022-12-23,Asiago,Innsbruck,3,1,,hockeyarchives
icehl,2022/23,2022-12-23,Feldkirch,Bolzano,5,4,,hockeyarchives
icehl,2022/23,2022-12-23,Klagenfurt,Graz,1,0,,hockeyarchives
icehl,2022/23,2022-12-23,Pustertal,Villach,3,4,,hockeyarchives
icehl,2022/23,2022-12-23,Salzbourg,Ljubljana,7,0,,hockeyarchives
icehl,2022/23,2022-12-23,Vienne,Fehérvár,3,3,OT,hockeyarchives
icehl,2022/23,2022-12-26,Bolzano,Klagenfurt,1,1,OT,hockeyarchives
icehl,2022/23,2022-12-26,Fehérvár,Graz,3,0,,hockeyarchives
icehl,2022/23,2022-12-26,Linz,Salzbourg,1,1,SO,hockeyarchives
icehl,2022/23,2022-12-26,Ljubljana,Asiago,2,5,,hockeyarchives
icehl,2022/23,2022-12-26,Pustertal,Feldkirch,9,0,,hockeyarchives
icehl,2022/23,2022-12-26,Villach,Innsbruck,1,5,,hockeyarchives
icehl,2022/23,2022-12-28,Bolzano,Asiago,3,3,OT,hockeyarchives
icehl,2022/23,2022-12-28,Feldkirch,Salzbourg,0,2,,hockeyarchives
icehl,2022/23,2022-12-28,Graz,Villach,1,8,,hockeyarchives
icehl,2022/23,2022-12-28,Innsbruck,Pustertal,4,1,,hockeyarchives
icehl,2022/23,2022-12-28,Ljubljana,Klagenfurt,1,6,,hockeyarchives
icehl,2022/23,2022-12-28,Vienne,Linz,1,1,OT,hockeyarchives
icehl,2022/23,2022-12-30,Asiago,Ljubljana,4,5,,hockeyarchives
icehl,2022/23,2022-12-30,Bolzano,Feldkirch,4,2,,hockeyarchives
icehl,2022/23,2022-12-30,Fehérvár,Vienne,1,4,,hockeyarchives
icehl,2022/23,2022-12-30,Graz,Fehérvár,3,1,,hockeyarchives
icehl,2022/23,2022-12-30,Innsbruck,Feldkirch,5,1,,hockeyarchives
icehl,2022/23,2022-12-30,Klagenfurt,Linz,0,1,,hockeyarchives
icehl,2022/23,2022-12-30,Linz,Innsbruck,1,3,,hockeyarchives
icehl,2022/23,2022-12-30,Pustertal,Asiago,1,1,OT,hockeyarchives
icehl,2022/23,2022-12-30,Pustertal,Klagenfurt,2,2,OT,hockeyarchives
icehl,2022/23,2022-12-30,Salzbourg,Ljubljana,3,2,,hockeyarchives
icehl,2022/23,2022-12-30,Salzbourg,Villach,3,1,,hockeyarchives
icehl,2022/23,2022-12-30,Villach,Bolzano,2,5,,hockeyarchives
icehl,2022/23,2023-01-03,Asiago,Bolzano,1,6,,hockeyarchives
icehl,2022/23,2023-01-03,Feldkirch,Pustertal,2,1,,hockeyarchives
icehl,2022/23,2023-01-03,Graz,Vienne,2,2,OT,hockeyarchives
icehl,2022/23,2023-01-03,Innsbruck,Villach,5,2,,hockeyarchives
icehl,2022/23,2023-01-03,Klagenfurt,Ljubljana,3,3,OT,hockeyarchives
icehl,2022/23,2023-01-03,Salzbourg,Linz,4,0,,hockeyarchives
icehl,2022/23,2023-01-06,Bolzano,Innsbruck,5,1,,hockeyarchives
icehl,2022/23,2023-01-06,Fehérvár,Salzbourg,1,3,,hockeyarchives
icehl,2022/23,2023-01-06,Linz,Asiago,5,3,,hockeyarchives
icehl,2022/23,2023-01-06,Ljubljana,Feldkirch,0,4,,hockeyarchives
icehl,2022/23,2023-01-06,Pustertal,Graz,3,0,,hockeyarchives
icehl,2022/23,2023-01-06,Vienne,Klagenfurt,4,1,,hockeyarchives
icehl,2022/23,2023-01-08,Fehérvár,Bolzano,3,2,,hockeyarchives
icehl,2022/23,2023-01-08,Graz,Linz,5,3,,hockeyarchives
icehl,2022/23,2023-01-08,Ljubljana,Vienne,1,4,,hockeyarchives
icehl,2022/23,2023-01-08,Pustertal,Innsbruck,3,5,,hockeyarchives
icehl,2022/23,2023-01-08,Salzbourg,Asiago,2,1,,hockeyarchives
icehl,2022/23,2023-01-08,Villach,Feldkirch,5,1,,hockeyarchives
icehl,2022/23,2023-01-13,Feldkirch,Asiago,1,4,,hockeyarchives
icehl,2022/23,2023-01-15,Ljubljana,Villach,2,5,,hockeyarchives
icehl,2022/23,2023-01-17,Asiago,Pustertal,2,1,,hockeyarchives
icehl,2022/23,2023-01-17,Feldkirch,Graz,4,4,OT,hockeyarchives
icehl,2022/23,2023-01-17,Klagenfurt,Fehérvár,1,3,,hockeyarchives
icehl,2022/23,2023-01-17,Salzbourg,Innsbruck,3,2,,hockeyarchives
icehl,2022/23,2023-01-17,Vienne,Bolzano,3,4,,hockeyarchives
icehl,2022/23,2023-01-17,Villach,Linz,4,4,OT,hockeyarchives
icehl,2022/23,2023-01-20,Feldkirch,Klagenfurt,3,3,SO,hockeyarchives
icehl,2022/23,2023-01-20,Innsbruck,Vienne,5,6,,hockeyarchives
icehl,2022/23,2023-01-20,Ljubljana,Linz,2,5,,hockeyarchives
icehl,2022/23,2023-01-20,Pustertal,Bolzano,0,3,,hockeyarchives
icehl,2022/23,2023-01-20,Salzbourg,Fehérvár,4,1,,hockeyarchives
icehl,2022/23,2023-01-20,Villach,Graz,3,2,,hockeyarchives
icehl,2022/23,2023-01-22,Bolzano,Fehérvár,3,1,,hockeyarchives
icehl,2022/23,2023-01-22,Feldkirch,Linz,3,4,,hockeyarchives
icehl,2022/23,2023-01-22,Innsbruck,Klagenfurt,2,3,,hockeyarchives
icehl,2022/23,2023-01-22,Pustertal,Salzbourg,1,2,,hockeyarchives
icehl,2022/23,2023-01-22,Vienne,Asiago,5,5,OT,hockeyarchives
icehl,2022/23,2023-01-22,Villach,Ljubljana,5,3,,hockeyarchives
icehl,2022/23,2023-01-27,Fehérvár,Linz,2,2,OT,hockeyarchives
icehl,2022/23,2023-01-27,Graz,Ljubljana,4,1,,hockeyarchives
icehl,2022/23,2023-01-27,Innsbruck,Bolzano,3,6,,hockeyarchives
icehl,2022/23,2023-01-27,Klagenfurt,Vienne,5,3,,hockeyarchives
icehl,2022/23,2023-01-27,Salzbourg,Feldkirch,5,1,,hockeyarchives
icehl,2022/23,2023-01-27,Villach,Asiago,6,3,,hockeyarchives
icehl,2022/23,2023-01-29,Feldkirch,Fehérvár,2,2,OT,hockeyarchives
icehl,2022/23,2023-01-29,Graz,Bolzano,1,1,SO,hockeyarchives
icehl,2022/23,2023-01-29,Klagenfurt,Villach,2,3,,hockeyarchives
icehl,2022/23,2023-01-29,Linz,Pustertal,1,4,,hockeyarchives
icehl,2022/23,2023-01-29,Ljubljana,Innsbruck,2,5,,hockeyarchives
icehl,2022/23,2023-01-29,Vienne,Salzbourg,1,3,,hockeyarchives
icehl,2022/23,2023-02-03,Innsbruck,Graz,5,2,,hockeyarchives
icehl,2022/23,2023-02-05,Innsbruck,Salzbourg,3,1,,hockeyarchives
icehl,2022/23,2023-02-05,Klagenfurt,Asiago,3,1,,hockeyarchives
icehl,2022/23,2023-02-05,Linz,Villach,3,3,SO,hockeyarchives
icehl,2022/23,2023-02-05,Ljubljana,Graz,2,2,OT,hockeyarchives
icehl,2022/23,2023-02-05,Pustertal,Fehérvár,0,0,SO,hockeyarchives
icehl,2022/23,2023-02-05,Vienne,Feldkirch,5,1,,hockeyarchives
icehl,2022/23,2023-02-14,Asiago,Salzbourg,4,2,,hockeyarchives
icehl,2022/23,2023-02-14,Bolzano,Ljubljana,5,1,,hockeyarchives
icehl,2022/23,2023-02-14,Feldkirch,Innsbruck,3,7,,hockeyarchives
icehl,2022/23,2023-02-14,Graz,Pustertal,2,4,,hockeyarchives
icehl,2022/23,2023-02-14,Vienne,Linz,4,1,,hockeyarchives
icehl,2022/23,2023-02-14,Villach,Fehérvár,4,1,,hockeyarchives
icehl,2022/23,2023-02-17,Asiago,Vienne,1,4,,hockeyarchives
icehl,2022/23,2023-02-17,Feldkirch,Villach,2,3,,hockeyarchives
icehl,2022/23,2023-02-17,Innsbruck,Graz,2,4,,hockeyarchives
icehl,2022/23,2023-02-17,Klagenfurt,Bolzano,2,2,SO,hockeyarchives
icehl,2022/23,2023-02-17,Ljubljana,Fehérvár,2,8,,hockeyarchives
icehl,2022/23,2023-02-17,Pustertal,Linz,4,2,,hockeyarchives
icehl,2022/23,2023-02-19,Asiago,Villach,6,1,,hockeyarchives
icehl,2022/23,2023-02-19,Fehérvár,Pustertal,3,3,SO,hockeyarchives
icehl,2022/23,2023-02-19,Feldkirch,Ljubljana,2,3,,hockeyarchives
icehl,2022/23,2023-02-19,Graz,Salzbourg,6,2,,hockeyarchives
icehl,2022/23,2023-02-19,Linz,Klagenfurt,2,4,,hockeyarchives
icehl,2022/23,2023-02-19,Vienne,Bolzano,3,5,,hockeyarchives
icehl,2022/23,2023-02-24,Asiago,Feldkirch,5,3,,hockeyarchives
icehl,2022/23,2023-02-24,Fehérvár,Innsbruck,4,4,OT,hockeyarchives
icehl,2022/23,2023-02-24,Graz,Klagenfurt,2,4,,hockeyarchives
icehl,2022/23,2023-02-24,Ljubljana,Bolzano,1,6,,hockeyarchives
icehl,2022/23,2023-02-24,Salzbourg,Vienne,2,2,OT,hockeyarchives
icehl,2022/23,2023-02-24,Villach,Pustertal,5,3,,hockeyarchives
icehl,2022/23,2023-02-26,Asiago,Klagenfurt,5,1,,hockeyarchives
icehl,2022/23,2023-02-26,Bolzano,Salzbourg,4,3,,hockeyarchives
icehl,2022/23,2023-02-26,Graz,Feldkirch,4,0,,hockeyarchives
icehl,2022/23,2023-02-26,Linz,Fehérvár,4,2,,hockeyarchives
icehl,2022/23,2023-02-26,Pustertal,Ljubljana,7,2,,hockeyarchives
icehl,2022/23,2023-02-26,Vienne,Innsbruck,5,3,,hockeyarchives
icehl,2022/23,2023-03-05,Asiago,Fehérvár,4,5,,hockeyarchives
icehl,2022/23,2023-03-05,Fehérvár,Asiago,4,0,,hockeyarchives
icehl,2022/23,2023-03-05,Graz,Linz,6,2,,hockeyarchives
icehl,2022/23,2023-03-05,Linz,Graz,3,0,,hockeyarchives
icehl,2022/23,2023-03-21,Bolzano,Linz,2,2,OT,hockeyarchives
icehl,2022/23,2023-03-21,Fehérvár,Salzbourg,1,6,,hockeyarchives
icehl,2022/23,2023-03-21,Innsbruck,Vienne,1,4,,hockeyarchives
icehl,2022/23,2023-03-21,Klagenfurt,Villach,3,1,,hockeyarchives
icehl,2022/23,2023-03-21,Linz,Bolzano,3,1,OT,hockeyarchives
icehl,2022/23,2023-03-21,Salzbourg,Fehérvár,1,1,OT,hockeyarchives
icehl,2022/23,2023-03-21,Vienne,Innsbruck,5,1,,hockeyarchives
icehl,2022/23,2023-03-21,Villach,Klagenfurt,2,2,OT,hockeyarchives
icehl,2022/23,2023-04-06,Bolzano,Vienne,3,2,,hockeyarchives
icehl,2022/23,2023-04-06,Klagenfurt,Salzbourg,1,3,,hockeyarchives
icehl,2022/23,2023-04-06,Salzbourg,Klagenfurt,4,0,,hockeyarchives
icehl,2022/23,2023-04-06,Vienne,Bolzano,2,5,,hockeyarchives
icehl,2022/23,2023-04-21,Bolzano,Salzbourg,1,2,,hockeyarchives
icehl,2022/23,2023-04-21,Salzbourg,Bolzano,3,4,,hockeyarchives
icehl,2023/24,2023-09-15,Asiago,Fehérvár,0,3,,hockeyarchives
icehl,2023/24,2023-09-15,Graz,Vienne,2,3,,hockeyarchives
icehl,2023/24,2023-09-15,Innsbruck,Bolzano,5,1,,hockeyarchives
icehl,2023/24,2023-09-15,Ljubljana,Linz,2,2,OT,hockeyarchives
icehl,2023/24,2023-09-15,Pustertal,Feldkirch,3,1,,hockeyarchives
icehl,2023/24,2023-09-15,Salzbourg,Klagenfurt,4,1,,hockeyarchives
icehl,2023/24,2023-09-17,Bolzano,Fehérvár,1,3,,hockeyarchives
icehl,2023/24,2023-09-17,Feldkirch,Asiago,2,0,,hockeyarchives
icehl,2023/24,2023-09-17,Innsbruck,Pustertal,5,5,SO,hockeyarchives
icehl,2023/24,2023-09-17,Linz,Villach,2,4,,hockeyarchives
icehl,2023/24,2023-09-17,Salzbourg,Graz,3,3,OT,hockeyarchives
icehl,2023/24,2023-09-17,Vienne,Ljubljana,2,5,,hockeyarchives
icehl,2023/24,2023-09-22,Bolzano,Klagenfurt,2,4,,hockeyarchives
icehl,2024/25,2023-09-22,Bolzano,Pustertal,5,2,,hockeyarchives
icehl,2023/24,2023-09-22,Fehérvár,Salzbourg,1,4,,hockeyarchives
icehl,2024/25,2023-09-22,Feldkirch,Fehérvár,4,3,,hockeyarchives
icehl,2023/24,2023-09-22,Feldkirch,Linz,4,1,,hockeyarchives
icehl,2023/24,2023-09-22,Graz,Ljubljana,2,2,OT,hockeyarchives
icehl,2024/25,2023-09-22,Innsbruck,Graz,2,4,,hockeyarchives
icehl,2024/25,2023-09-22,Klagenfurt,Ljubljana,3,3,OT,hockeyarchives
icehl,2023/24,2023-09-22,Pustertal,Asiago,5,2,,hockeyarchives
icehl,2024/25,2023-09-22,Salzbourg,Asiago,4,3,,hockeyarchives
icehl,2023/24,2023-09-22,Villach,Innsbruck,5,2,,hockeyarchives
icehl,2024/25,2023-09-22,Villach,Vienne,2,3,,hockeyarchives
icehl,2023/24,2023-09-26,Bolzano,Ljubljana,0,1,,hockeyarchives
icehl,2023/24,2023-09-26,Fehérvár,Graz,6,1,,hockeyarchives
icehl,2023/24,2023-09-26,Feldkirch,Vienne,4,6,,hockeyarchives
icehl,2023/24,2023-09-26,Innsbruck,Salzbourg,1,1,OT,hockeyarchives
icehl,2023/24,2023-09-26,Pustertal,Klagenfurt,5,3,,hockeyarchives
icehl,2023/24,2023-09-26,Villach,Asiago,1,1,SO,hockeyarchives
icehl,2023/24,2023-09-29,Bolzano,Pustertal,0,2,,hockeyarchives
icehl,2023/24,2023-09-29,Fehérvár,Innsbruck,3,0,,hockeyarchives
icehl,2023/24,2023-09-29,Graz,Feldkirch,1,3,,hockeyarchives
icehl,2023/24,2023-09-29,Graz,Innsbruck,0,0,OT,hockeyarchives
icehl,2023/24,2023-09-29,Klagenfurt,Linz,4,4,SO,hockeyarchives
icehl,2023/24,2023-09-29,Linz,Asiago,5,2,,hockeyarchives
icehl,2023/24,2023-09-29,Ljubljana,Feldkirch,1,7,,hockeyarchives
icehl,2023/24,2023-09-29,Pustertal,Ljubljana,2,4,,hockeyarchives
icehl,2023/24,2023-09-29,Salzbourg,Villach,4,3,,hockeyarchives
icehl,2023/24,2023-09-29,Vienne,Fehérvár,5,5,OT,hockeyarchives
icehl,2023/24,2023-09-29,Vienne,Salzbourg,4,0,,hockeyarchives
icehl,2023/24,2023-09-29,Villach,Klagenfurt,4,2,,hockeyarchives
icehl,2023/24,2023-10-03,Asiago,Graz,4,3,,hockeyarchives
icehl,2023/24,2023-10-03,Feldkirch,Bolzano,5,4,,hockeyarchives
icehl,2023/24,2023-10-03,Innsbruck,Linz,2,2,OT,hockeyarchives
icehl,2023/24,2023-10-03,Klagenfurt,Vienne,5,2,,hockeyarchives
icehl,2023/24,2023-10-03,Salzbourg,Pustertal,2,1,,hockeyarchives
icehl,2023/24,2023-10-03,Villach,Fehérvár,1,2,,hockeyarchives
icehl,2023/24,2023-10-06,Asiago,Vienne,1,0,,hockeyarchives
icehl,2023/24,2023-10-06,Innsbruck,Klagenfurt,4,1,,hockeyarchives
icehl,2023/24,2023-10-06,Linz,Fehérvár,4,1,,hockeyarchives
icehl,2023/24,2023-10-06,Ljubljana,Salzbourg,2,3,,hockeyarchives
icehl,2023/24,2023-10-06,Villach,Bolzano,4,1,,hockeyarchives
icehl,2023/24,2023-10-08,Bolzano,Vienne,4,1,,hockeyarchives
icehl,2023/24,2023-10-08,Fehérvár,Ljubljana,6,3,,hockeyarchives
icehl,2023/24,2023-10-08,Feldkirch,Innsbruck,2,4,,hockeyarchives
icehl,2023/24,2023-10-08,Klagenfurt,Asiago,4,3,,hockeyarchives
icehl,2023/24,2023-10-08,Villach,Pustertal,4,4,SO,hockeyarchives
icehl,2023/24,2023-10-13,Asiago,Innsbruck,7,4,,hockeyarchives
icehl,2023/24,2023-10-13,Bolzano,Graz,3,1,,hockeyarchives
icehl,2023/24,2023-10-13,Klagenfurt,Feldkirch,4,0,,hockeyarchives
icehl,2023/24,2023-10-13,Linz,Salzbourg,3,3,SO,hockeyarchives
icehl,2023/24,2023-10-13,Ljubljana,Villach,2,5,,hockeyarchives
icehl,2023/24,2023-10-13,Vienne,Pustertal,1,3,,hockeyarchives
icehl,2023/24,2023-10-15,Asiago,Ljubljana,0,5,,hockeyarchives
icehl,2023/24,2023-10-15,Fehérvár,Pustertal,5,3,,hockeyarchives
icehl,2023/24,2023-10-15,Graz,Klagenfurt,3,2,,hockeyarchives
icehl,2023/24,2023-10-15,Salzbourg,Bolzano,6,3,,hockeyarchives
icehl,2023/24,2023-10-15,Vienne,Linz,2,5,,hockeyarchives
icehl,2023/24,2023-10-15,Villach,Feldkirch,6,4,,hockeyarchives
icehl,2023/24,2023-10-20,Bolzano,Linz,2,5,,hockeyarchives
icehl,2023/24,2023-10-20,Feldkirch,Fehérvár,3,6,,hockeyarchives
icehl,2023/24,2023-10-20,Graz,Villach,2,5,,hockeyarchives
icehl,2023/24,2023-10-20,Innsbruck,Vienne,6,3,,hockeyarchives
icehl,2023/24,2023-10-20,Klagenfurt,Ljubljana,4,0,,hockeyarchives
icehl,2023/24,2023-10-20,Salzbourg,Asiago,4,2,,hockeyarchives
icehl,2023/24,2023-10-22,Asiago,Feldkirch,6,4,,hockeyarchives
icehl,2023/24,2023-10-22,Innsbruck,Fehérvár,1,4,,hockeyarchives
icehl,2023/24,2023-10-22,Linz,Klagenfurt,2,2,OT,hockeyarchives
icehl,2023/24,2023-10-22,Ljubljana,Bolzano,3,3,OT,hockeyarchives
icehl,2023/24,2023-10-22,Pustertal,Vienne,6,1,,hockeyarchives
icehl,2023/24,2023-10-22,Villach,Salzbourg,2,1,,hockeyarchives
icehl,2023/24,2023-10-25,Bolzano,Asiago,3,3,OT,hockeyarchives
icehl,2023/24,2023-10-25,Feldkirch,Villach,6,1,,hockeyarchives
icehl,2023/24,2023-10-25,Linz,Graz,6,0,,hockeyarchives
icehl,2023/24,2023-10-25,Ljubljana,Fehérvár,3,4,,hockeyarchives
icehl,2023/24,2023-10-25,Pustertal,Salzbourg,1,4,,hockeyarchives
icehl,2023/24,2023-10-25,Vienne,Klagenfurt,2,5,,hockeyarchives
icehl,2023/24,2023-10-27,Asiago,Pustertal,2,0,,hockeyarchives
icehl,2023/24,2023-10-27,Fehérvár,Bolzano,1,2,,hockeyarchives
icehl,2023/24,2023-10-27,Innsbruck,Feldkirch,4,3,,hockeyarchives
icehl,2023/24,2023-10-27,Klagenfurt,Graz,4,1,,hockeyarchives
icehl,2023/24,2023-10-27,Salzbourg,Vienne,1,1,OT,hockeyarchives
icehl,2023/24,2023-10-27,Villach,Linz,3,2,,hockeyarchives
icehl,2023/24,2023-10-29,Asiago,Villach,3,3,OT,hockeyarchives
icehl,2023/24,2023-10-29,Fehérvár,Feldkirch,2,4,,hockeyarchives
icehl,2023/24,2023-10-29,Feldkirch,Klagenfurt,1,1,SO,hockeyarchives
icehl,2023/24,2023-10-29,Graz,Pustertal,2,2,OT,hockeyarchives
icehl,2023/24,2023-10-29,Graz,Salzbourg,1,2,,hockeyarchives
icehl,2023/24,2023-10-29,Klagenfurt,Bolzano,1,2,,hockeyarchives
icehl,2023/24,2023-10-29,Linz,Innsbruck,3,0,,hockeyarchives
icehl,2023/24,2023-10-29,Ljubljana,Asiago,5,1,,hockeyarchives
icehl,2023/24,2023-10-29,Ljubljana,Vienne,2,3,,hockeyarchives
icehl,2023/24,2023-10-29,Pustertal,Fehérvár,2,5,,hockeyarchives
icehl,2023/24,2023-10-29,Salzbourg,Innsbruck,3,1,,hockeyarchives
icehl,2023/24,2023-10-29,Vienne,Bolzano,1,4,,hockeyarchives
icehl,2023/24,2023-11-03,Asiago,Klagenfurt,1,1,OT,hockeyarchives
icehl,2023/24,2023-11-03,Bolzano,Salzbourg,3,0,,hockeyarchives
icehl,2023/24,2023-11-03,Linz,Ljubljana,4,2,,hockeyarchives
icehl,2023/24,2023-11-03,Pustertal,Innsbruck,2,0,,hockeyarchives
icehl,2023/24,2023-11-03,Vienne,Feldkirch,2,2,OT,hockeyarchives
icehl,2023/24,2023-11-03,Villach,Graz,3,2,,hockeyarchives
icehl,2023/24,2023-11-05,Fehérvár,Vienne,4,2,,hockeyarchives
icehl,2023/24,2023-11-05,Graz,Bolzano,0,2,,hockeyarchives
icehl,2023/24,2023-11-05,Innsbruck,Asiago,4,4,OT,hockeyarchives
icehl,2023/24,2023-11-05,Klagenfurt,Villach,4,2,,hockeyarchives
icehl,2023/24,2023-11-05,Ljubljana,Pustertal,6,3,,hockeyarchives
icehl,2023/24,2023-11-05,Salzbourg,Linz,1,1,OT,hockeyarchives
icehl,2023/24,2023-11-17,Bolzano,Villach,4,4,OT,hockeyarchives
icehl,2023/24,2023-11-17,Fehérvár,Klagenfurt,1,7,,hockeyarchives
icehl,2023/24,2023-11-17,Feldkirch,Graz,1,1,OT,hockeyarchives
icehl,2023/24,2023-11-17,Innsbruck,Ljubljana,2,2,SO,hockeyarchives
icehl,2023/24,2023-11-17,Linz,Pustertal,4,1,,hockeyarchives
icehl,2023/24,2023-11-17,Vienne,Asiago,4,4,OT,hockeyarchives
icehl,2023/24,2023-11-19,Fehérvár,Asiago,10,2,,hockeyarchives
icehl,2023/24,2023-11-19,Feldkirch,Ljubljana,6,2,,hockeyarchives
icehl,2023/24,2023-11-19,Innsbruck,Graz,5,2,,hockeyarchives
icehl,2023/24,2023-11-19,Klagenfurt,Salzbourg,8,1,,hockeyarchives
icehl,2023/24,2023-11-19,Linz,Vienne,4,1,,hockeyarchives
icehl,2023/24,2023-11-19,Pustertal,Villach,4,3,,hockeyarchives
icehl,2023/24,2023-11-24,Bolzano,Innsbruck,4,2,,hockeyarchives
icehl,2023/24,2023-11-24,Graz,Fehérvár,6,4,,hockeyarchives
icehl,2023/24,2023-11-24,Klagenfurt,Pustertal,1,2,,hockeyarchives
icehl,2023/24,2023-11-24,Linz,Feldkirch,7,2,,hockeyarchives
icehl,2023/24,2023-11-24,Salzbourg,Ljubljana,4,1,,hockeyarchives
icehl,2023/24,2023-11-24,Villach,Vienne,6,3,,hockeyarchives
icehl,2023/24,2023-11-26,Asiago,Salzbourg,2,6,,hockeyarchives
icehl,2023/24,2023-11-26,Bolzano,Feldkirch,4,1,,hockeyarchives
icehl,2023/24,2023-11-26,Fehérvár,Linz,2,1,,hockeyarchives
icehl,2023/24,2023-11-26,Innsbruck,Villach,3,2,,hockeyarchives
icehl,2023/24,2023-11-26,Ljubljana,Klagenfurt,2,2,SO,hockeyarchives
icehl,2023/24,2023-11-26,Vienne,Graz,3,3,OT,hockeyarchives
icehl,2023/24,2023-11-28,Asiago,Linz,7,7,SO,hockeyarchives
icehl,2023/24,2023-11-28,Fehérvár,Villach,3,2,,hockeyarchives
icehl,2023/24,2023-11-28,Feldkirch,Pustertal,1,2,,hockeyarchives
icehl,2023/24,2023-11-28,Feldkirch,Salzbourg,3,6,,hockeyarchives
icehl,2023/24,2023-11-28,Graz,Asiago,1,1,OT,hockeyarchives
icehl,2023/24,2023-11-28,Klagenfurt,Innsbruck,3,3,SO,hockeyarchives
icehl,2023/24,2023-11-28,Linz,Bolzano,2,0,,hockeyarchives
icehl,2023/24,2023-11-28,Ljubljana,Graz,3,6,,hockeyarchives
icehl,2023/24,2023-11-28,Pustertal,Bolzano,2,2,OT,hockeyarchives
icehl,2023/24,2023-11-28,Salzbourg,Fehérvár,4,1,,hockeyarchives
icehl,2023/24,2023-11-28,Vienne,Innsbruck,1,4,,hockeyarchives
icehl,2023/24,2023-11-28,Villach,Ljubljana,4,6,,hockeyarchives
icehl,2023/24,2023-12-03,Asiago,Klagenfurt,2,5,,hockeyarchives
icehl,2023/24,2023-12-03,Bolzano,Graz,6,3,,hockeyarchives
icehl,2023/24,2023-12-03,Fehérvár,Innsbruck,5,3,,hockeyarchives
icehl,2023/24,2023-12-03,Pustertal,Linz,1,4,,hockeyarchives
icehl,2023/24,2023-12-03,Vienne,Feldkirch,4,2,,hockeyarchives
icehl,2023/24,2023-12-03,Villach,Salzbourg,4,3,,hockeyarchives
icehl,2023/24,2023-12-05,Bolzano,Klagenfurt,3,0,,hockeyarchives
icehl,2023/24,2023-12-05,Linz,Ljubljana,6,5,,hockeyarchives
icehl,2023/24,2023-12-05,Pustertal,Salzbourg,3,2,,hockeyarchives
icehl,2023/24,2023-12-05,Vienne,Villach,3,4,,hockeyarchives
icehl,2023/24,2023-12-08,Fehérvár,Asiago,4,2,,hockeyarchives
icehl,2023/24,2023-12-08,Feldkirch,Villach,3,2,,hockeyarchives
icehl,2023/24,2023-12-08,Graz,Pustertal,1,2,,hockeyarchives
icehl,2023/24,2023-12-08,Innsbruck,Ljubljana,0,3,,hockeyarchives
icehl,2023/24,2023-12-08,Klagenfurt,Bolzano,5,3,,hockeyarchives
icehl,2023/24,2023-12-08,Linz,Vienne,8,1,,hockeyarchives
icehl,2023/24,2023-12-10,Bolzano,Linz,4,2,,hockeyarchives
icehl,2023/24,2023-12-10,Feldkirch,Ljubljana,5,2,,hockeyarchives
icehl,2023/24,2023-12-10,Pustertal,Fehérvár,2,3,,hockeyarchives
icehl,2023/24,2023-12-10,Salzbourg,Innsbruck,2,3,,hockeyarchives
icehl,2023/24,2023-12-10,Vienne,Asiago,3,3,OT,hockeyarchives
icehl,2023/24,2023-12-10,Villach,Klagenfurt,2,4,,hockeyarchives
icehl,2023/24,2023-12-20,Asiago,Graz,0,4,,hockeyarchives
icehl,2023/24,2023-12-20,Feldkirch,Fehérvár,2,2,OT,hockeyarchives
icehl,2023/24,2023-12-20,Klagenfurt,Salzbourg,1,1,OT,hockeyarchives
icehl,2023/24,2023-12-20,Ljubljana,Linz,0,2,,hockeyarchives
icehl,2023/24,2023-12-20,Pustertal,Innsbruck,4,6,,hockeyarchives
icehl,2023/24,2023-12-20,Vienne,Bolzano,2,4,,hockeyarchives
icehl,2023/24,2023-12-22,Bolzano,Ljubljana,3,0,,hockeyarchives
icehl,2023/24,2023-12-22,Graz,Klagenfurt,1,2,,hockeyarchives
icehl,2023/24,2023-12-22,Innsbruck,Vienne,1,1,SO,hockeyarchives
icehl,2023/24,2023-12-22,Linz,Fehérvár,2,2,OT,hockeyarchives
icehl,2023/24,2023-12-22,Salzbourg,Pustertal,1,7,,hockeyarchives
icehl,2023/24,2023-12-22,Villach,Asiago,6,3,,hockeyarchives
icehl,2023/24,2023-12-26,Bolzano,Villach,3,2,,hockeyarchives
icehl,2023/24,2023-12-26,Fehérvár,Graz,5,2,,hockeyarchives
icehl,2023/24,2023-12-26,Linz,Innsbruck,1,3,,hockeyarchives
icehl,2023/24,2023-12-26,Ljubljana,Klagenfurt,6,6,SO,hockeyarchives
icehl,2023/24,2023-12-26,Pustertal,Feldkirch,3,6,,hockeyarchives
icehl,2023/24,2023-12-26,Vienne,Salzbourg,3,2,,hockeyarchives
icehl,2023/24,2023-12-28,Asiago,Bolzano,2,5,,hockeyarchives
icehl,2023/24,2023-12-28,Feldkirch,Linz,7,3,,hockeyarchives
icehl,2023/24,2023-12-28,Graz,Vienne,2,2,OT,hockeyarchives
icehl,2023/24,2023-12-28,Klagenfurt,Pustertal,2,0,,hockeyarchives
icehl,2023/24,2023-12-28,Salzbourg,Ljubljana,3,3,OT,hockeyarchives
icehl,2023/24,2023-12-28,Villach,Fehérvár,1,1,OT,hockeyarchives
icehl,2023/24,2023-12-30,Asiago,Feldkirch,5,2,,hockeyarchives
icehl,2023/24,2023-12-30,Bolzano,Innsbruck,2,4,,hockeyarchives
icehl,2023/24,2023-12-30,Fehérvár,Klagenfurt,0,2,,hockeyarchives
icehl,2023/24,2023-12-30,Fehérvár,Ljubljana,1,5,,hockeyarchives
icehl,2023/24,2023-12-30,Graz,Salzbourg,1,2,,hockeyarchives
icehl,2023/24,2023-12-30,Innsbruck,Feldkirch,4,2,,hockeyarchives
icehl,2023/24,2023-12-30,Klagenfurt,Vienne,6,1,,hockeyarchives
icehl,2023/24,2023-12-30,Linz,Graz,1,4,,hockeyarchives
icehl,2023/24,2023-12-30,Ljubljana,Asiago,4,2,,hockeyarchives
icehl,2023/24,2023-12-30,Pustertal,Villach,3,6,,hockeyarchives
icehl,2023/24,2023-12-30,Salzbourg,Bolzano,5,2,,hockeyarchives
icehl,2023/24,2023-12-30,Villach,Linz,2,5,,hockeyarchives
icehl,2023/24,2024-01-03,Feldkirch,Bolzano,4,1,,hockeyarchives
icehl,2023/24,2024-01-03,Innsbruck,Villach,3,3,OT,hockeyarchives
icehl,2023/24,2024-01-03,Ljubljana,Graz,5,1,,hockeyarchives
icehl,2023/24,2024-01-03,Pustertal,Asiago,3,3,OT,hockeyarchives
icehl,2023/24,2024-01-03,Salzbourg,Linz,3,1,,hockeyarchives
icehl,2023/24,2024-01-03,Vienne,Fehérvár,3,3,SO,hockeyarchives
icehl,2023/24,2024-01-06,Asiago,Innsbruck,3,3,OT,hockeyarchives
icehl,2023/24,2024-01-06,Bolzano,Pustertal,1,4,,hockeyarchives
icehl,2023/24,2024-01-06,Feldkirch,Salzbourg,2,2,OT,hockeyarchives
icehl,2023/24,2024-01-06,Graz,Villach,1,7,,hockeyarchives
icehl,2023/24,2024-01-06,Klagenfurt,Linz,4,2,,hockeyarchives
icehl,2023/24,2024-01-06,Vienne,Ljubljana,3,6,,hockeyarchives
icehl,2023/24,2024-01-09,Fehérvár,Bolzano,3,5,,hockeyarchives
icehl,2023/24,2024-01-09,Feldkirch,Graz,1,3,,hockeyarchives
icehl,2023/24,2024-01-09,Innsbruck,Klagenfurt,2,3,,hockeyarchives
icehl,2023/24,2024-01-09,Pustertal,Ljubljana,6,3,,hockeyarchives
icehl,2023/24,2024-01-09,Salzbourg,Asiago,3,1,,hockeyarchives
icehl,2023/24,2024-01-09,Villach,Vienne,3,4,,hockeyarchives
icehl,2023/24,2024-01-12,Fehérvár,Salzbourg,4,2,,hockeyarchives
icehl,2023/24,2024-01-12,Graz,Innsbruck,1,4,,hockeyarchives
icehl,2023/24,2024-01-12,Klagenfurt,Feldkirch,8,5,,hockeyarchives
icehl,2023/24,2024-01-12,Linz,Asiago,3,3,OT,hockeyarchives
icehl,2023/24,2024-01-12,Ljubljana,Villach,2,3,,hockeyarchives
icehl,2023/24,2024-01-12,Vienne,Pustertal,2,2,SO,hockeyarchives
icehl,2023/24,2024-01-14,Fehérvár,Pustertal,2,0,,hockeyarchives
icehl,2023/24,2024-01-14,Graz,Linz,2,2,OT,hockeyarchives
icehl,2023/24,2024-01-14,Ljubljana,Bolzano,3,0,,hockeyarchives
icehl,2023/24,2024-01-14,Salzbourg,Klagenfurt,4,1,,hockeyarchives
icehl,2023/24,2024-01-14,Vienne,Innsbruck,3,3,OT,hockeyarchives
icehl,2023/24,2024-01-14,Villach,Feldkirch,2,1,,hockeyarchives
icehl,2023/24,2024-01-19,Asiago,Ljubljana,4,5,,hockeyarchives
icehl,2023/24,2024-01-19,Bolzano,Fehérvár,4,2,,hockeyarchives
icehl,2023/24,2024-01-19,Feldkirch,Vienne,2,2,OT,hockeyarchives
icehl,2023/24,2024-01-19,Innsbruck,Salzbourg,4,3,,hockeyarchives
icehl,2023/24,2024-01-19,Klagenfurt,Graz,3,1,,hockeyarchives
icehl,2023/24,2024-01-19,Villach,Pustertal,2,2,SO,hockeyarchives
icehl,2023/24,2024-01-21,Asiago,Fehérvár,3,4,,hockeyarchives
icehl,2023/24,2024-01-21,Bolzano,Salzbourg,4,1,,hockeyarchives
icehl,2023/24,2024-01-21,Feldkirch,Klagenfurt,2,4,,hockeyarchives
icehl,2023/24,2024-01-21,Graz,Ljubljana,1,6,,hockeyarchives
icehl,2023/24,2024-01-21,Innsbruck,Linz,4,4,SO,hockeyarchives
icehl,2023/24,2024-01-21,Pustertal,Vienne,2,1,,hockeyarchives
icehl,2023/24,2024-01-23,Fehérvár,Villach,3,2,,hockeyarchives
icehl,2023/24,2024-01-23,Innsbruck,Bolzano,0,2,,hockeyarchives
icehl,2023/24,2024-01-23,Klagenfurt,Asiago,12,0,,hockeyarchives
icehl,2023/24,2024-01-23,Linz,Salzbourg,1,1,SO,hockeyarchives
icehl,2023/24,2024-01-23,Ljubljana,Pustertal,3,3,OT,hockeyarchives
icehl,2023/24,2024-01-23,Vienne,Graz,4,3,,hockeyarchives
icehl,2023/24,2024-01-26,Asiago,Vienne,1,1,OT,hockeyarchives
icehl,2023/24,2024-01-26,Klagenfurt,Innsbruck,2,2,SO,hockeyarchives
icehl,2023/24,2024-01-26,Ljubljana,Feldkirch,1,4,,hockeyarchives
icehl,2023/24,2024-01-26,Pustertal,Linz,4,4,SO,hockeyarchives
icehl,2023/24,2024-01-26,Salzbourg,Fehérvár,1,2,,hockeyarchives
icehl,2023/24,2024-01-26,Villach,Graz,7,2,,hockeyarchives
icehl,2023/24,2024-01-28,Asiago,Pustertal,6,3,,hockeyarchives
icehl,2023/24,2024-01-28,Bolzano,Vienne,7,3,,hockeyarchives
icehl,2023/24,2024-01-28,Graz,Feldkirch,1,4,,hockeyarchives
icehl,2023/24,2024-01-28,Linz,Klagenfurt,1,2,,hockeyarchives
icehl,2023/24,2024-01-28,Ljubljana,Innsbruck,5,2,,hockeyarchives
icehl,2023/24,2024-01-28,Salzbourg,Villach,4,1,,hockeyarchives
icehl,2023/24,2024-02-02,Fehérvár,Vienne,2,1,,hockeyarchives
icehl,2023/24,2024-02-02,Feldkirch,Asiago,6,2,,hockeyarchives
icehl,2023/24,2024-02-02,Linz,Bolzano,4,3,,hockeyarchives
icehl,2023/24,2024-02-02,Pustertal,Klagenfurt,1,7,,hockeyarchives
icehl,2023/24,2024-02-02,Salzbourg,Graz,9,1,,hockeyarchives
icehl,2023/24,2024-02-02,Villach,Ljubljana,2,2,OT,hockeyarchives
icehl,2023/24,2024-02-04,Asiago,Salzbourg,2,2,SO,hockeyarchives
icehl,2023/24,2024-02-04,Bolzano,Feldkirch,2,4,,hockeyarchives
icehl,2023/24,2024-02-04,Graz,Fehérvár,1,9,,hockeyarchives
icehl,2023/24,2024-02-04,Innsbruck,Pustertal,1,4,,hockeyarchives
icehl,2023/24,2024-02-04,Klagenfurt,Villach,6,1,,hockeyarchives
icehl,2023/24,2024-02-04,Vienne,Linz,2,1,,hockeyarchives
icehl,2023/24,2024-02-13,Asiago,Villach,2,4,,hockeyarchives
icehl,2023/24,2024-02-13,Innsbruck,Graz,4,1,,hockeyarchives
icehl,2023/24,2024-02-13,Klagenfurt,Fehérvár,5,2,,hockeyarchives
icehl,2023/24,2024-02-13,Linz,Feldkirch,5,2,,hockeyarchives
icehl,2023/24,2024-02-13,Ljubljana,Vienne,3,0,,hockeyarchives
icehl,2023/24,2024-02-13,Pustertal,Bolzano,4,4,OT,hockeyarchives
icehl,2023/24,2024-02-16,Fehérvár,Linz,2,1,,hockeyarchives
icehl,2023/24,2024-02-16,Feldkirch,Innsbruck,4,4,OT,hockeyarchives
icehl,2023/24,2024-02-16,Graz,Asiago,3,4,,hockeyarchives
icehl,2023/24,2024-02-16,Ljubljana,Salzbourg,4,4,SO,hockeyarchives
icehl,2023/24,2024-02-16,Vienne,Klagenfurt,1,2,,hockeyarchives
icehl,2023/24,2024-02-16,Villach,Bolzano,7,3,,hockeyarchives
icehl,2023/24,2024-02-18,Bolzano,Asiago,7,4,,hockeyarchives
icehl,2023/24,2024-02-18,Innsbruck,Fehérvár,2,2,OT,hockeyarchives
icehl,2023/24,2024-02-18,Klagenfurt,Ljubljana,8,1,,hockeyarchives
icehl,2023/24,2024-02-18,Linz,Villach,2,1,,hockeyarchives
icehl,2023/24,2024-02-18,Pustertal,Graz,5,1,,hockeyarchives
icehl,2023/24,2024-02-18,Salzbourg,Feldkirch,4,0,,hockeyarchives
icehl,2023/24,2024-02-21,Asiago,Linz,1,4,,hockeyarchives
icehl,2023/24,2024-02-21,Feldkirch,Pustertal,4,3,,hockeyarchives
icehl,2023/24,2024-02-21,Graz,Bolzano,0,7,,hockeyarchives
icehl,2023/24,2024-02-21,Ljubljana,Fehérvár,3,6,,hockeyarchives
icehl,2023/24,2024-02-21,Salzbourg,Vienne,6,1,,hockeyarchives
icehl,2023/24,2024-02-21,Villach,Innsbruck,1,0,,hockeyarchives
icehl,2023/24,2024-02-23,Fehérvár,Feldkirch,5,4,,hockeyarchives
icehl,2023/24,2024-02-29,Feldkirch,Innsbruck,5,2,,hockeyarchives
icehl,2023/24,2024-02-29,Innsbruck,Feldkirch,3,6,,hockeyarchives
icehl,2023/24,2024-02-29,Olimpija,Pustertal,6,2,,hockeyarchives
icehl,2023/24,2024-02-29,Pustertal,Olimpija,3,3,OT,hockeyarchives
icehl,2023/24,2024-03-15,Bolzano,Villach,2,1,,hockeyarchives
icehl,2023/24,2024-03-15,Fehérvár,Pustertal,1,4,,hockeyarchives
icehl,2023/24,2024-03-15,Feldkirch,Klagenfurt,1,5,,hockeyarchives
icehl,2023/24,2024-03-15,Klagenfurt,Feldkirch,1,6,,hockeyarchives
icehl,2023/24,2024-03-15,Linz,Salzbourg,2,3,,hockeyarchives
icehl,2023/24,2024-03-15,Pustertal,Fehérvár,4,2,,hockeyarchives
icehl,2023/24,2024-03-15,Salzbourg,Linz,5,1,,hockeyarchives
icehl,2023/24,2024-03-15,Villach,Bolzano,6,1,,hockeyarchives
icehl,2023/24,2024-04-02,Bolzano,Salzbourg,1,4,,hockeyarchives
icehl,2023/24,2024-04-02,Klagenfurt,Pustertal,3,1,,hockeyarchives
icehl,2023/24,2024-04-02,Pustertal,Klagenfurt,3,5,,hockeyarchives
icehl,2023/24,2024-04-02,Salzbourg,Bolzano,2,2,OT,hockeyarchives
icehl,2023/24,2024-04-19,Klagenfurt,Salzbourg,2,6,,hockeyarchives
icehl,2023/24,2024-04-19,Salzbourg,Klagenfurt,1,4,,hockeyarchives
icehl,2024/25,2024-09-20,Bolzano,Linz,5,0,,hockeyarchives
icehl,2024/25,2024-09-20,Innsbruck,Feldkirch,3,1,,hockeyarchives
icehl,2024/25,2024-09-20,Klagenfurt,Salzbourg,3,3,SO,hockeyarchives
icehl,2024/25,2024-09-20,Ljubljana,Villach,3,2,,hockeyarchives
icehl,2024/25,2024-09-20,Pustertal,Fehérvár,2,5,,hockeyarchives
icehl,2024/25,2024-09-20,Vienne,Graz,1,2,,hockeyarchives
icehl,2024/25,2024-09-27,Bolzano,Feldkirch,4,2,,hockeyarchives
icehl,2024/25,2024-09-27,Fehérvár,Klagenfurt,4,0,,hockeyarchives
icehl,2024/25,2024-09-27,Graz,Villach,6,4,,hockeyarchives
icehl,2024/25,2024-09-27,Linz,Vienne,1,2,,hockeyarchives
icehl,2024/25,2024-09-27,Ljubljana,Asiago,2,1,,hockeyarchives
icehl,2024/25,2024-09-27,Pustertal,Innsbruck,4,1,,hockeyarchives
icehl,2024/25,2024-09-29,Graz,Linz,2,0,,hockeyarchives
icehl,2024/25,2024-09-29,Innsbruck,Asiago,2,2,SO,hockeyarchives
icehl,2024/25,2024-09-29,Klagenfurt,Villach,5,3,,hockeyarchives
icehl,2024/25,2024-09-29,Ljubljana,Pustertal,2,1,,hockeyarchives
icehl,2024/25,2024-09-29,Salzbourg,Fehérvár,3,1,,hockeyarchives
icehl,2024/25,2024-09-29,Vienne,Bolzano,0,2,,hockeyarchives
icehl,2024/25,2024-10-04,Bolzano,Asiago,2,8,,hockeyarchives
icehl,2024/25,2024-10-04,Feldkirch,Salzbourg,5,5,OT,hockeyarchives
icehl,2024/25,2024-10-04,Innsbruck,Ljubljana,3,0,,hockeyarchives
icehl,2024/25,2024-10-04,Klagenfurt,Graz,2,4,,hockeyarchives
icehl,2024/25,2024-10-04,Pustertal,Linz,2,4,,hockeyarchives
icehl,2024/25,2024-10-04,Vienne,Fehérvár,1,4,,hockeyarchives
icehl,2024/25,2024-10-06,Fehérvár,Bolzano,0,3,,hockeyarchives
icehl,2024/25,2024-10-06,Feldkirch,Ljubljana,2,5,,hockeyarchives
icehl,2024/25,2024-10-06,Graz,Vienne,2,2,OT,hockeyarchives
icehl,2024/25,2024-10-06,Linz,Salzbourg,3,2,,hockeyarchives
icehl,2024/25,2024-10-06,Pustertal,Klagenfurt,6,3,,hockeyarchives
icehl,2024/25,2024-10-06,Villach,Innsbruck,4,2,,hockeyarchives
icehl,2024/25,2024-10-11,Graz,Innsbruck,3,2,,hockeyarchives
icehl,2024/25,2024-10-11,Linz,Klagenfurt,0,5,,hockeyarchives
icehl,2024/25,2024-10-11,Ljubljana,Bolzano,2,5,,hockeyarchives
icehl,2024/25,2024-10-11,Salzbourg,Pustertal,5,5,SO,hockeyarchives
icehl,2024/25,2024-10-11,Vienne,Asiago,2,1,,hockeyarchives
icehl,2024/25,2024-10-11,Villach,Feldkirch,5,3,,hockeyarchives
icehl,2024/25,2024-10-13,Fehérvár,Asiago,4,1,,hockeyarchives
icehl,2024/25,2024-10-13,Innsbruck,Linz,1,3,,hockeyarchives
icehl,2024/25,2024-10-13,Klagenfurt,Feldkirch,5,2,,hockeyarchives
icehl,2024/25,2024-10-13,Ljubljana,Graz,4,2,,hockeyarchives
icehl,2024/25,2024-10-13,Pustertal,Villach,6,4,,hockeyarchives
icehl,2024/25,2024-10-13,Salzbourg,Vienne,3,0,,hockeyarchives
icehl,2024/25,2024-10-18,Asiago,Salzbourg,5,1,,hockeyarchives
icehl,2024/25,2024-10-18,Fehérvár,Pustertal,6,1,,hockeyarchives
icehl,2024/25,2024-10-18,Feldkirch,Innsbruck,1,2,,hockeyarchives
icehl,2024/25,2024-10-18,Graz,Bolzano,2,3,,hockeyarchives
icehl,2024/25,2024-10-18,Linz,Ljubljana,4,2,,hockeyarchives
icehl,2024/25,2024-10-18,Vienne,Villach,3,3,SO,hockeyarchives
icehl,2024/25,2024-10-20,Asiago,Feldkirch,1,3,,hockeyarchives
icehl,2024/25,2024-10-20,Bolzano,Innsbruck,4,2,,hockeyarchives
icehl,2024/25,2024-10-20,Linz,Fehérvár,1,3,,hockeyarchives
icehl,2024/25,2024-10-20,Salzbourg,Klagenfurt,2,2,OT,hockeyarchives
icehl,2024/25,2024-10-20,Vienne,Pustertal,2,4,,hockeyarchives
icehl,2024/25,2024-10-20,Villach,Graz,2,4,,hockeyarchives
icehl,2024/25,2024-10-22,Asiago,Linz,3,0,,hockeyarchives
icehl,2024/25,2024-10-22,Fehérvár,Villach,2,0,,hockeyarchives
icehl,2024/25,2024-10-22,Innsbruck,Salzbourg,1,6,,hockeyarchives
icehl,2024/25,2024-10-22,Klagenfurt,Bolzano,2,7,,hockeyarchives
icehl,2024/25,2024-10-22,Ljubljana,Vienne,1,1,OT,hockeyarchives
icehl,2024/25,2024-10-22,Pustertal,Feldkirch,4,0,,hockeyarchives
icehl,2024/25,2024-10-25,Bolzano,Salzbourg,2,3,,hockeyarchives
icehl,2024/25,2024-10-25,Feldkirch,Vienne,5,1,,hockeyarchives
icehl,2024/25,2024-10-25,Graz,Asiago,1,4,,hockeyarchives
icehl,2024/25,2024-10-25,Klagenfurt,Fehérvár,0,1,,hockeyarchives
icehl,2024/25,2024-10-25,Pustertal,Ljubljana,2,2,SO,hockeyarchives
icehl,2024/25,2024-10-25,Villach,Linz,4,4,OT,hockeyarchives
icehl,2024/25,2024-10-27,Asiago,Fehérvár,3,5,,hockeyarchives
icehl,2024/25,2024-10-27,Asiago,Pustertal,5,1,,hockeyarchives
icehl,2024/25,2024-10-27,Fehérvár,Feldkirch,3,2,,hockeyarchives
icehl,2024/25,2024-10-27,Feldkirch,Bolzano,2,4,,hockeyarchives
icehl,2024/25,2024-10-27,Innsbruck,Vienne,2,5,,hockeyarchives
icehl,2024/25,2024-10-27,Klagenfurt,Bolzano,0,0,SO,hockeyarchives
icehl,2024/25,2024-10-27,Klagenfurt,Innsbruck,1,4,,hockeyarchives
icehl,2024/25,2024-10-27,Linz,Graz,3,3,SO,hockeyarchives
icehl,2024/25,2024-10-27,Ljubljana,Fehérvár,1,2,,hockeyarchives
icehl,2024/25,2024-10-27,Ljubljana,Feldkirch,4,2,,hockeyarchives
icehl,2024/25,2024-10-27,Pustertal,Bolzano,2,4,,hockeyarchives
icehl,2024/25,2024-10-27,Salzbourg,Graz,2,2,OT,hockeyarchives
icehl,2024/25,2024-10-27,Salzbourg,Villach,2,3,,hockeyarchives
icehl,2024/25,2024-10-27,Vienne,Innsbruck,8,2,,hockeyarchives
icehl,2024/25,2024-10-27,Villach,Klagenfurt,2,2,OT,hockeyarchives
icehl,2024/25,2024-10-27,Villach,Salzbourg,3,5,,hockeyarchives
icehl,2024/25,2024-11-03,Bolzano,Fehérvár,3,5,,hockeyarchives
icehl,2024/25,2024-11-03,Graz,Feldkirch,7,1,,hockeyarchives
icehl,2024/25,2024-11-03,Ljubljana,Innsbruck,4,2,,hockeyarchives
icehl,2024/25,2024-11-03,Pustertal,Salzbourg,6,3,,hockeyarchives
icehl,2024/25,2024-11-03,Vienne,Linz,3,3,OT,hockeyarchives
icehl,2024/25,2024-11-03,Villach,Asiago,10,2,,hockeyarchives
icehl,2024/25,2024-11-13,Asiago,Klagenfurt,3,5,,hockeyarchives
icehl,2024/25,2024-11-13,Bolzano,Villach,4,2,,hockeyarchives
icehl,2024/25,2024-11-13,Fehérvár,Vienne,1,3,,hockeyarchives
icehl,2024/25,2024-11-13,Feldkirch,Pustertal,5,4,,hockeyarchives
icehl,2024/25,2024-11-13,Innsbruck,Linz,2,2,OT,hockeyarchives
icehl,2024/25,2024-11-13,Salzbourg,Ljubljana,2,2,OT,hockeyarchives
icehl,2024/25,2024-11-15,Asiago,Graz,2,5,,hockeyarchives
icehl,2024/25,2024-11-15,Fehérvár,Feldkirch,5,2,,hockeyarchives
icehl,2024/25,2024-11-15,Innsbruck,Bolzano,0,0,OT,hockeyarchives
icehl,2024/25,2024-11-15,Klagenfurt,Linz,3,4,,hockeyarchives
icehl,2024/25,2024-11-15,Vienne,Salzbourg,3,5,,hockeyarchives
icehl,2024/25,2024-11-15,Villach,Pustertal,3,2,,hockeyarchives
icehl,2024/25,2024-11-17,Innsbruck,Fehérvár,0,4,,hockeyarchives
icehl,2024/25,2024-11-17,Linz,Asiago,7,5,,hockeyarchives
icehl,2024/25,2024-11-17,Ljubljana,Klagenfurt,5,7,,hockeyarchives
icehl,2024/25,2024-11-17,Pustertal,Graz,1,5,,hockeyarchives
icehl,2024/25,2024-11-17,Salzbourg,Bolzano,6,3,,hockeyarchives
icehl,2024/25,2024-11-17,Vienne,Feldkirch,1,4,,hockeyarchives
icehl,2024/25,2024-11-20,Asiago,Innsbruck,5,5,OT,hockeyarchives
icehl,2024/25,2024-11-20,Bolzano,Ljubljana,1,1,SO,hockeyarchives
icehl,2024/25,2024-11-20,Feldkirch,Linz,0,2,,hockeyarchives
icehl,2024/25,2024-11-20,Graz,Salzbourg,1,4,,hockeyarchives
icehl,2024/25,2024-11-20,Klagenfurt,Vienne,3,2,,hockeyarchives
icehl,2024/25,2024-11-20,Villach,Fehérvár,2,3,,hockeyarchives
icehl,2024/25,2024-11-22,Fehérvár,Salzbourg,1,5,,hockeyarchives
icehl,2024/25,2024-11-22,Feldkirch,Asiago,0,0,OT,hockeyarchives
icehl,2024/25,2024-11-22,Graz,Klagenfurt,0,4,,hockeyarchives
icehl,2024/25,2024-11-22,Innsbruck,Villach,0,6,,hockeyarchives
icehl,2024/25,2024-11-22,Ljubljana,Linz,1,4,,hockeyarchives
icehl,2024/25,2024-11-22,Pustertal,Vienne,0,1,,hockeyarchives
icehl,2024/25,2024-11-24,Asiago,Ljubljana,5,3,,hockeyarchives
icehl,2024/25,2024-11-24,Bolzano,Vienne,5,3,,hockeyarchives
icehl,2024/25,2024-11-24,Fehérvár,Graz,5,4,,hockeyarchives
icehl,2024/25,2024-11-24,Klagenfurt,Pustertal,6,4,,hockeyarchives
icehl,2024/25,2024-11-24,Linz,Villach,6,4,,hockeyarchives
icehl,2024/25,2024-11-24,Salzbourg,Innsbruck,4,3,,hockeyarchives
icehl,2024/25,2024-11-27,Fehérvár,Linz,3,4,,hockeyarchives
icehl,2024/25,2024-11-27,Graz,Ljubljana,3,1,,hockeyarchives
icehl,2024/25,2024-11-27,Innsbruck,Klagenfurt,4,3,,hockeyarchives
icehl,2024/25,2024-11-27,Pustertal,Asiago,2,2,OT,hockeyarchives
icehl,2024/25,2024-11-27,Salzbourg,Feldkirch,5,1,,hockeyarchives
icehl,2024/25,2024-11-27,Villach,Bolzano,1,1,SO,hockeyarchives
icehl,2024/25,2024-11-29,Asiago,Villach,5,6,,hockeyarchives
icehl,2024/25,2024-11-29,Bolzano,Graz,3,2,,hockeyarchives
icehl,2024/25,2024-11-29,Bolzano,Klagenfurt,3,3,SO,hockeyarchives
icehl,2024/25,2024-11-29,Fehérvár,Innsbruck,7,1,,hockeyarchives
icehl,2024/25,2024-11-29,Feldkirch,Graz,1,2,,hockeyarchives
icehl,2024/25,2024-11-29,Feldkirch,Villach,2,3,,hockeyarchives
icehl,2024/25,2024-11-29,Klagenfurt,Asiago,3,1,,hockeyarchives
icehl,2024/25,2024-11-29,Linz,Pustertal,3,2,,hockeyarchives
icehl,2024/25,2024-11-29,Ljubljana,Salzbourg,1,1,SO,hockeyarchives
icehl,2024/25,2024-11-29,Salzbourg,Linz,5,2,,hockeyarchives
icehl,2024/25,2024-11-29,Vienne,Innsbruck,10,0,,hockeyarchives
icehl,2024/25,2024-11-29,Vienne,Ljubljana,1,3,,hockeyarchives
icehl,2024/25,2024-12-04,Asiago,Bolzano,0,5,,hockeyarchives
icehl,2024/25,2024-12-04,Fehérvár,Ljubljana,2,1,,hockeyarchives
icehl,2024/25,2024-12-04,Graz,Pustertal,4,1,,hockeyarchives
icehl,2024/25,2024-12-04,Linz,Feldkirch,6,0,,hockeyarchives
icehl,2024/25,2024-12-04,Vienne,Klagenfurt,3,5,,hockeyarchives
icehl,2024/25,2024-12-04,Villach,Salzbourg,6,3,,hockeyarchives
icehl,2024/25,2024-12-06,Asiago,Vienne,2,3,,hockeyarchives
icehl,2024/25,2024-12-06,Feldkirch,Klagenfurt,0,2,,hockeyarchives
icehl,2024/25,2024-12-06,Graz,Fehérvár,2,6,,hockeyarchives
icehl,2024/25,2024-12-06,Innsbruck,Pustertal,1,5,,hockeyarchives
icehl,2024/25,2024-12-06,Linz,Bolzano,5,2,,hockeyarchives
icehl,2024/25,2024-12-06,Villach,Ljubljana,6,5,,hockeyarchives
icehl,2024/25,2024-12-08,Bolzano,Ljubljana,4,3,,hockeyarchives
icehl,2024/25,2024-12-08,Fehérvár,Asiago,3,3,OT,hockeyarchives
icehl,2024/25,2024-12-08,Feldkirch,Salzbourg,2,6,,hockeyarchives
icehl,2024/25,2024-12-08,Graz,Villach,1,1,SO,hockeyarchives
icehl,2024/25,2024-12-08,Linz,Innsbruck,2,0,,hockeyarchives
icehl,2024/25,2024-12-08,Pustertal,Vienne,2,2,SO,hockeyarchives
icehl,2024/25,2024-12-13,Asiago,Graz,4,0,,hockeyarchives
icehl,2024/25,2024-12-13,Bolzano,Salzbourg,2,0,,hockeyarchives
icehl,2024/25,2024-12-13,Klagenfurt,Fehérvár,7,3,,hockeyarchives
icehl,2024/25,2024-12-13,Ljubljana,Feldkirch,2,2,SO,hockeyarchives
icehl,2024/25,2024-12-13,Vienne,Linz,1,4,,hockeyarchives
icehl,2024/25,2024-12-13,Villach,Innsbruck,8,2,,hockeyarchives
icehl,2024/25,2024-12-14,Graz,Klagenfurt,3,3,SO,hockeyarchives
icehl,2024/25,2024-12-14,Linz,Asiago,8,2,,hockeyarchives
icehl,2024/25,2024-12-14,Ljubljana,Innsbruck,2,6,,hockeyarchives
icehl,2024/25,2024-12-14,Salzbourg,Pustertal,7,3,,hockeyarchives
icehl,2024/25,2024-12-14,Vienne,Fehérvár,1,4,,hockeyarchives
icehl,2024/25,2024-12-14,Villach,Feldkirch,2,1,,hockeyarchives
icehl,2024/25,2024-12-18,Fehérvár,Villach,2,3,,hockeyarchives
icehl,2024/25,2024-12-18,Feldkirch,Bolzano,4,4,SO,hockeyarchives
icehl,2024/25,2024-12-18,Innsbruck,Graz,1,4,,hockeyarchives
icehl,2024/25,2024-12-18,Klagenfurt,Ljubljana,3,1,,hockeyarchives
icehl,2024/25,2024-12-18,Pustertal,Linz,2,2,OT,hockeyarchives
icehl,2024/25,2024-12-20,Bolzano,Linz,2,2,OT,hockeyarchives
icehl,2024/25,2024-12-20,Fehérvár,Pustertal,2,7,,hockeyarchives
icehl,2024/25,2024-12-20,Feldkirch,Klagenfurt,1,7,,hockeyarchives
icehl,2024/25,2024-12-20,Graz,Vienne,5,0,,hockeyarchives
icehl,2024/25,2024-12-20,Innsbruck,Asiago,5,5,,hockeyarchives
icehl,2024/25,2024-12-20,Salzbourg,Ljubljana,6,2,,hockeyarchives
icehl,2024/25,2024-12-22,Asiago,Feldkirch,1,4,,hockeyarchives
icehl,2024/25,2024-12-22,Klagenfurt,Salzbourg,5,2,,hockeyarchives
icehl,2024/25,2024-12-22,Linz,Innsbruck,4,2,,hockeyarchives
icehl,2024/25,2024-12-22,Ljubljana,Fehérvár,4,1,,hockeyarchives
icehl,2024/25,2024-12-22,Vienne,Bolzano,3,2,,hockeyarchives
icehl,2024/25,2024-12-22,Villach,Graz,2,1,,hockeyarchives
icehl,2024/25,2024-12-26,Bolzano,Klagenfurt,0,3,,hockeyarchives
icehl,2024/25,2024-12-26,Feldkirch,Innsbruck,5,2,,hockeyarchives
icehl,2024/25,2024-12-26,Graz,Salzbourg,2,3,,hockeyarchives
icehl,2024/25,2024-12-26,Linz,Fehérvár,1,4,,hockeyarchives
icehl,2024/25,2024-12-26,Ljubljana,Asiago,2,2,OT,hockeyarchives
icehl,2024/25,2024-12-26,Villach,Pustertal,4,1,,hockeyarchives
icehl,2024/25,2024-12-28,Asiago,Bolzano,4,4,OT,hockeyarchives
icehl,2024/25,2024-12-28,Fehérvár,Vienne,0,3,,hockeyarchives
icehl,2024/25,2024-12-28,Graz,Linz,5,2,,hockeyarchives
icehl,2024/25,2024-12-28,Innsbruck,Villach,4,4,OT,hockeyarchives
icehl,2024/25,2024-12-28,Pustertal,Ljubljana,4,4,OT,hockeyarchives
icehl,2024/25,2024-12-28,Salzbourg,Feldkirch,1,6,,hockeyarchives
icehl,2024/25,2024-12-30,Bolzano,Villach,3,2,,hockeyarchives
icehl,2024/25,2024-12-30,Fehérvár,Graz,3,0,,hockeyarchives
icehl,2024/25,2024-12-30,Feldkirch,Pustertal,2,5,,hockeyarchives
icehl,2024/25,2024-12-30,Graz,Ljubljana,2,3,,hockeyarchives
icehl,2024/25,2024-12-30,Innsbruck,Bolzano,2,4,,hockeyarchives
icehl,2024/25,2024-12-30,Klagenfurt,Asiago,3,0,,hockeyarchives
icehl,2024/25,2024-12-30,Linz,Salzbourg,2,4,,hockeyarchives
icehl,2024/25,2024-12-30,Ljubljana,Vienne,5,3,,hockeyarchives
icehl,2024/25,2024-12-30,Pustertal,Asiago,3,1,,hockeyarchives
icehl,2024/25,2024-12-30,Salzbourg,Innsbruck,3,1,,hockeyarchives
icehl,2024/25,2024-12-30,Vienne,Klagenfurt,4,7,,hockeyarchives
icehl,2024/25,2024-12-30,Villach,Fehérvár,4,4,SO,hockeyarchives
icehl,2024/25,2025-01-03,Asiago,Villach,1,4,,hockeyarchives
icehl,2024/25,2025-01-03,Bolzano,Feldkirch,1,3,,hockeyarchives
icehl,2024/25,2025-01-03,Fehérvár,Ljubljana,2,1,,hockeyarchives
icehl,2024/25,2025-01-03,Klagenfurt,Linz,3,1,,hockeyarchives
icehl,2024/25,2025-01-03,Pustertal,Innsbruck,4,1,,hockeyarchives
icehl,2024/25,2025-01-03,Salzbourg,Vienne,1,4,,hockeyarchives
icehl,2024/25,2025-01-05,Bolzano,Pustertal,4,1,,hockeyarchives
icehl,2024/25,2025-01-05,Fehérvár,Linz,2,1,,hockeyarchives
icehl,2024/25,2025-01-05,Feldkirch,Asiago,5,2,,hockeyarchives
icehl,2024/25,2025-01-05,Innsbruck,Klagenfurt,0,3,,hockeyarchives
icehl,2024/25,2025-01-05,Vienne,Graz,0,3,,hockeyarchives
icehl,2024/25,2025-01-05,Villach,Ljubljana,4,4,SO,hockeyarchives
icehl,2024/25,2025-01-08,Asiago,Innsbruck,2,9,,hockeyarchives
icehl,2024/25,2025-01-08,Graz,Bolzano,2,1,,hockeyarchives
icehl,2024/25,2025-01-08,Klagenfurt,Villach,8,0,,hockeyarchives
icehl,2024/25,2025-01-08,Linz,Vienne,3,3,OT,hockeyarchives
icehl,2024/25,2025-01-08,Ljubljana,Pustertal,2,1,,hockeyarchives
icehl,2024/25,2025-01-08,Salzbourg,Fehérvár,4,1,,hockeyarchives
icehl,2024/25,2025-01-10,Graz,Fehérvár,2,5,,hockeyarchives
icehl,2024/25,2025-01-10,Innsbruck,Feldkirch,1,3,,hockeyarchives
icehl,2024/25,2025-01-10,Linz,Villach,5,1,,hockeyarchives
icehl,2024/25,2025-01-10,Ljubljana,Salzbourg,1,2,,hockeyarchives
icehl,2024/25,2025-01-10,Pustertal,Klagenfurt,4,3,,hockeyarchives
icehl,2024/25,2025-01-10,Vienne,Asiago,4,2,,hockeyarchives
icehl,2024/25,2025-01-12,Asiago,Ljubljana,2,3,,hockeyarchives
icehl,2024/25,2025-01-12,Feldkirch,Graz,1,2,,hockeyarchives
icehl,2024/25,2025-01-12,Klagenfurt,Vienne,6,1,,hockeyarchives
icehl,2024/25,2025-01-12,Pustertal,Fehérvár,5,0,,hockeyarchives
icehl,2024/25,2025-01-12,Salzbourg,Linz,3,1,,hockeyarchives
icehl,2024/25,2025-01-12,Villach,Bolzano,3,1,,hockeyarchives
icehl,2024/25,2025-01-15,Asiago,Salzbourg,3,3,SO,hockeyarchives
icehl,2024/25,2025-01-17,Ljubljana,Graz,2,4,,hockeyarchives
icehl,2024/25,2025-01-19,Fehérvár,Innsbruck,3,0,,hockeyarchives
icehl,2024/25,2025-01-19,Graz,Asiago,8,3,,hockeyarchives
icehl,2024/25,2025-01-19,Linz,Bolzano,2,1,,hockeyarchives
icehl,2024/25,2025-01-19,Ljubljana,Klagenfurt,3,6,,hockeyarchives
icehl,2024/25,2025-01-19,Pustertal,Villach,1,1,OT,hockeyarchives
icehl,2024/25,2025-01-19,Vienne,Feldkirch,2,4,,hockeyarchives
icehl,2024/25,2025-01-24,Asiago,Fehérvár,2,2,OT,hockeyarchives
icehl,2024/25,2025-01-24,Bolzano,Graz,4,5,,hockeyarchives
icehl,2024/25,2025-01-24,Feldkirch,Linz,2,1,,hockeyarchives
icehl,2024/25,2025-01-24,Innsbruck,Pustertal,2,5,,hockeyarchives
icehl,2024/25,2025-01-24,Salzbourg,Klagenfurt,5,0,,hockeyarchives
icehl,2024/25,2025-01-24,Villach,Vienne,6,3,,hockeyarchives
icehl,2024/25,2025-01-26,Bolzano,Fehérvár,5,2,,hockeyarchives
icehl,2024/25,2025-01-26,Feldkirch,Villach,1,4,,hockeyarchives
icehl,2024/25,2025-01-26,Klagenfurt,Innsbruck,11,3,,hockeyarchives
icehl,2024/25,2025-01-26,Linz,Ljubljana,8,1,,hockeyarchives
icehl,2024/25,2025-01-26,Pustertal,Graz,3,3,OT,hockeyarchives
icehl,2024/25,2025-01-26,Vienne,Salzbourg,5,3,,hockeyarchives
icehl,2024/25,2025-01-28,Fehérvár,Klagenfurt,0,4,,hockeyarchives
icehl,2024/25,2025-01-28,Graz,Feldkirch,4,2,,hockeyarchives
icehl,2024/25,2025-01-28,Innsbruck,Salzbourg,2,6,,hockeyarchives
icehl,2024/25,2025-01-28,Ljubljana,Bolzano,1,1,SO,hockeyarchives
icehl,2024/25,2025-01-28,Vienne,Pustertal,3,3,OT,hockeyarchives
icehl,2024/25,2025-01-28,Villach,Linz,3,3,OT,hockeyarchives
icehl,2024/25,2025-01-31,Asiago,Linz,3,7,,hockeyarchives
icehl,2024/25,2025-01-31,Bolzano,Vienne,4,1,,hockeyarchives
icehl,2024/25,2025-01-31,Innsbruck,Ljubljana,0,4,,hockeyarchives
icehl,2024/25,2025-01-31,Klagenfurt,Graz,3,3,SO,hockeyarchives
icehl,2024/25,2025-01-31,Pustertal,Feldkirch,1,4,,hockeyarchives
icehl,2024/25,2025-01-31,Salzbourg,Villach,2,3,,hockeyarchives
icehl,2024/25,2025-02-02,Asiago,Vienne,3,0,,hockeyarchives
icehl,2024/25,2025-02-02,Feldkirch,Ljubljana,1,3,,hockeyarchives
icehl,2024/25,2025-02-02,Graz,Innsbruck,7,3,,hockeyarchives
icehl,2024/25,2025-02-02,Linz,Pustertal,7,2,,hockeyarchives
icehl,2024/25,2025-02-02,Salzbourg,Bolzano,6,2,,hockeyarchives
icehl,2024/25,2025-02-02,Villach,Klagenfurt,2,2,SO,hockeyarchives
icehl,2024/25,2025-02-12,Bolzano,Asiago,3,0,,hockeyarchives
icehl,2024/25,2025-02-12,Innsbruck,Fehérvár,0,6,,hockeyarchives
icehl,2024/25,2025-02-12,Klagenfurt,Feldkirch,4,4,OT,hockeyarchives
icehl,2024/25,2025-02-12,Linz,Graz,5,3,,hockeyarchives
icehl,2024/25,2025-02-12,Pustertal,Salzbourg,3,3,OT,hockeyarchives
icehl,2024/25,2025-02-12,Vienne,Villach,0,4,,hockeyarchives
icehl,2024/25,2025-02-14,Asiago,Klagenfurt,3,6,,hockeyarchives
icehl,2024/25,2025-02-14,Feldkirch,Fehérvár,2,1,,hockeyarchives
icehl,2024/25,2025-02-14,Innsbruck,Vienne,1,3,,hockeyarchives
icehl,2024/25,2025-02-14,Ljubljana,Linz,1,1,OT,hockeyarchives
icehl,2024/25,2025-02-14,Pustertal,Bolzano,2,2,OT,hockeyarchives
icehl,2024/25,2025-02-14,Salzbourg,Graz,2,2,OT,hockeyarchives
icehl,2024/25,2025-02-16,Fehérvár,Bolzano,3,4,,hockeyarchives
icehl,2024/25,2025-02-16,Feldkirch,Vienne,1,1,OT,hockeyarchives
icehl,2024/25,2025-02-16,Graz,Pustertal,3,0,,hockeyarchives
icehl,2024/25,2025-02-16,Linz,Klagenfurt,2,2,OT,hockeyarchives
icehl,2024/25,2025-02-16,Ljubljana,Villach,2,4,,hockeyarchives
icehl,2024/25,2025-02-16,Salzbourg,Asiago,4,2,,hockeyarchives
icehl,2024/25,2025-02-21,Bolzano,Innsbruck,9,2,,hockeyarchives
icehl,2024/25,2025-02-21,Fehérvár,Salzbourg,3,4,,hockeyarchives
icehl,2024/25,2025-02-21,Klagenfurt,Pustertal,2,0,,hockeyarchives
icehl,2024/25,2025-02-21,Linz,Vorarlberg,4,1,,hockeyarchives
icehl,2024/25,2025-02-21,Vienne,Ljubljana,1,6,,hockeyarchives
icehl,2024/25,2025-02-21,Villach,Asiago,8,3,,hockeyarchives
icehl,2024/25,2025-02-28,Fehérvár,Vienne,3,2,,hockeyarchives
icehl,2024/25,2025-02-28,Ljubljana,Pustertal,1,1,OT,hockeyarchives
icehl,2024/25,2025-02-28,Pustertal,Ljubljana,2,0,,hockeyarchives
icehl,2024/25,2025-02-28,Vienne,Fehérvár,1,0,,hockeyarchives
icehl,2024/25,2025-03-16,Bolzano,Salzbourg,2,2,OT,hockeyarchives
icehl,2024/25,2025-03-16,Bolzano,Villach,6,1,,hockeyarchives
icehl,2024/25,2025-03-16,Fehérvár,Salzbourg,2,6,,hockeyarchives
icehl,2024/25,2025-03-16,Graz,Linz,3,3,OT,hockeyarchives
icehl,2024/25,2025-03-16,Klagenfurt,Linz,2,0,,hockeyarchives
icehl,2024/25,2025-03-16,Klagenfurt,Pustertal,2,4,,hockeyarchives
icehl,2024/25,2025-03-16,Linz,Graz,2,2,OT,hockeyarchives
icehl,2024/25,2025-03-16,Linz,Klagenfurt,2,0,,hockeyarchives
icehl,2024/25,2025-03-16,Pustertal,Klagenfurt,1,3,,hockeyarchives
icehl,2024/25,2025-03-16,Salzbourg,Bolzano,4,2,,hockeyarchives
icehl,2024/25,2025-03-16,Salzbourg,Fehérvár,2,0,,hockeyarchives
icehl,2024/25,2025-03-16,Villach,Bolzano,2,4,,hockeyarchives
icehl,2024/25,2025-04-17,Klagenfurt,Salzbourg,1,3,,hockeyarchives
icehl,2024/25,2025-04-17,Salzbourg,Klagenfurt,4,0,,hockeyarchives
icehl,2025/26,2025-09-12,Bolzano,Salzbourg,3,4,,hockeyarchives
icehl,2025/26,2025-09-12,Ferencváros,Villach,2,4,,hockeyarchives
icehl,2025/26,2025-09-12,Innsbruck,Pustertal,1,8,,hockeyarchives
icehl,2025/26,2025-09-12,Klagenfurt,Fehérvár,4,0,,hockeyarchives
icehl,2025/26,2025-09-12,Linz,Feldkirch,5,2,,hockeyarchives
icehl,2025/26,2025-09-12,Ljubljana,Vienne,8,1,,hockeyarchives
icehl,2025/26,2025-09-14,Fehérvár,Linz,1,0,,hockeyarchives
icehl,2025/26,2025-09-14,Feldkirch,Innsbruck,2,3,,hockeyarchives
icehl,2025/26,2025-09-14,Ljubljana,Villach,7,2,,hockeyarchives
icehl,2025/26,2025-09-14,Pustertal,Graz,0,4,,hockeyarchives
icehl,2025/26,2025-09-14,Salzbourg,Klagenfurt,4,1,,hockeyarchives
icehl,2025/26,2025-09-14,Vienne,Ferencváros,2,2,OT,hockeyarchives
icehl,2025/26,2025-09-19,Fehérvár,Innsbruck,5,4,,hockeyarchives
icehl,2025/26,2025-09-19,Feldkirch,Bolzano,0,6,,hockeyarchives
icehl,2025/26,2025-09-19,Ferencváros,Klagenfurt,2,6,,hockeyarchives
icehl,2025/26,2025-09-19,Graz,Ljubljana,3,3,OT,hockeyarchives
icehl,2025/26,2025-09-19,Salzbourg,Villach,1,1,OT,hockeyarchives
icehl,2025/26,2025-09-19,Vienne,Linz,7,6,,hockeyarchives
icehl,2025/26,2025-09-21,Ferencváros,Innsbruck,6,2,,hockeyarchives
icehl,2025/26,2025-09-21,Graz,Fehérvár,9,4,,hockeyarchives
icehl,2025/26,2025-09-21,Klagenfurt,Bolzano,1,5,,hockeyarchives
icehl,2025/26,2025-09-21,Ljubljana,Feldkirch,6,1,,hockeyarchives
icehl,2025/26,2025-09-21,Vienne,Salzbourg,1,3,,hockeyarchives
icehl,2025/26,2025-09-21,Villach,Pustertal,0,3,,hockeyarchives
icehl,2025/26,2025-09-26,Bolzano,Ferencváros,2,0,,hockeyarchives
icehl,2025/26,2025-09-26,Feldkirch,Vienne,4,2,,hockeyarchives
icehl,2025/26,2025-09-26,Innsbruck,Ljubljana,3,9,,hockeyarchives
icehl,2025/26,2025-09-26,Klagenfurt,Graz,2,3,,hockeyarchives
icehl,2025/26,2025-09-26,Linz,Villach,3,8,,hockeyarchives
icehl,2025/26,2025-09-26,Pustertal,Salzbourg,2,1,,hockeyarchives
icehl,2025/26,2025-09-28,Bolzano,Linz,3,2,,hockeyarchives
icehl,2025/26,2025-09-28,Graz,Villach,3,4,,hockeyarchives
icehl,2025/26,2025-09-28,Innsbruck,Vienne,1,4,,hockeyarchives
icehl,2025/26,2025-09-28,Ljubljana,Fehérvár,2,2,SO,hockeyarchives
icehl,2025/26,2025-09-28,Pustertal,Ferencváros,2,3,,hockeyarchives
icehl,2025/26,2025-09-28,Salzbourg,Feldkirch,4,1,,hockeyarchives
icehl,2025/26,2025-10-03,Fehérvár,Pustertal,1,3,,hockeyarchives
icehl,2025/26,2025-10-03,Innsbruck,Graz,2,2,SO,hockeyarchives
icehl,2025/26,2025-10-03,Linz,Klagenfurt,2,3,,hockeyarchives
icehl,2025/26,2025-10-03,Salzbourg,Bolzano,1,4,,hockeyarchives
icehl,2025/26,2025-10-03,Vienne,Ljubljana,3,1,,hockeyarchives
icehl,2025/26,2025-10-03,Villach,Feldkirch,5,2,,hockeyarchives
icehl,2025/26,2025-10-05,Bolzano,Ljubljana,4,2,,hockeyarchives
icehl,2025/26,2025-10-05,Feldkirch,Graz,2,2,OT,hockeyarchives
icehl,2025/26,2025-10-05,Klagenfurt,Ferencváros,3,2,,hockeyarchives
icehl,2025/26,2025-10-05,Linz,Salzbourg,2,2,OT,hockeyarchives
icehl,2025/26,2025-10-05,Vienne,Pustertal,4,4,OT,hockeyarchives
icehl,2025/26,2025-10-05,Villach,Fehérvár,2,4,,hockeyarchives
icehl,2025/26,2025-10-10,Fehérvár,Feldkirch,1,4,,hockeyarchives
icehl,2025/26,2025-10-10,Graz,Ferencváros,2,2,OT,hockeyarchives
icehl,2025/26,2025-10-10,Ljubljana,Linz,8,4,,hockeyarchives
icehl,2025/26,2025-10-10,Pustertal,Bolzano,5,3,,hockeyarchives
icehl,2025/26,2025-10-10,Salzbourg,Vienne,3,3,OT,hockeyarchives
icehl,2025/26,2025-10-10,Villach,Innsbruck,5,1,,hockeyarchives
icehl,2025/26,2025-10-12,Bolzano,Villach,3,6,,hockeyarchives
icehl,2025/26,2025-10-12,Fehérvár,Salzbourg,3,2,,hockeyarchives
icehl,2025/26,2025-10-12,Ferencváros,Feldkirch,6,0,,hockeyarchives
icehl,2025/26,2025-10-12,Klagenfurt,Pustertal,2,2,OT,hockeyarchives
icehl,2025/26,2025-10-12,Ljubljana,Innsbruck,6,6,OT,hockeyarchives
icehl,2025/26,2025-10-12,Vienne,Graz,1,3,,hockeyarchives
icehl,2025/26,2025-10-17,Feldkirch,Pustertal,2,4,,hockeyarchives
icehl,2025/26,2025-10-17,Ferencváros,Linz,3,2,,hockeyarchives
icehl,2025/26,2025-10-17,Innsbruck,Fehérvár,1,1,OT,hockeyarchives
icehl,2025/26,2025-10-17,Ljubljana,Salzbourg,4,3,OT,hockeyarchives
icehl,2025/26,2025-10-17,Vienne,Klagenfurt,2,3,,hockeyarchives
icehl,2025/26,2025-10-17,Villach,Graz,1,6,,hockeyarchives
icehl,2025/26,2025-10-19,Bolzano,Fehérvár,3,0,,hockeyarchives
icehl,2025/26,2025-10-19,Feldkirch,Ljubljana,1,4,,hockeyarchives
icehl,2025/26,2025-10-19,Graz,Klagenfurt,2,2,OT,hockeyarchives
icehl,2025/26,2025-10-19,Pustertal,Linz,4,1,,hockeyarchives
icehl,2025/26,2025-10-19,Salzbourg,Innsbruck,4,2,,hockeyarchives
icehl,2025/26,2025-10-19,Villach,Ferencváros,3,4,,hockeyarchives
icehl,2025/26,2025-10-24,Fehérvár,Klagenfurt,1,1,SO,hockeyarchives
icehl,2025/26,2025-10-24,Innsbruck,Bolzano,1,4,,hockeyarchives
icehl,2025/26,2025-10-24,Linz,Graz,2,2,OT,hockeyarchives
icehl,2025/26,2025-10-24,Pustertal,Villach,3,3,OT,hockeyarchives
icehl,2025/26,2025-10-24,Salzbourg,Ferencváros,7,2,,hockeyarchives
icehl,2025/26,2025-10-24,Vienne,Feldkirch,3,3,SO,hockeyarchives
icehl,2025/26,2025-10-26,Ferencváros,Bolzano,4,4,SO,hockeyarchives
icehl,2025/26,2025-10-26,Graz,Feldkirch,4,1,,hockeyarchives
icehl,2025/26,2025-10-26,Innsbruck,Villach,2,1,,hockeyarchives
icehl,2025/26,2025-10-26,Klagenfurt,Ljubljana,3,3,SO,hockeyarchives
icehl,2025/26,2025-10-26,Linz,Fehérvár,7,1,,hockeyarchives
icehl,2025/26,2025-10-26,Salzbourg,Pustertal,3,5,,hockeyarchives
icehl,2025/26,2025-10-29,Bolzano,Klagenfurt,3,5,,hockeyarchives
icehl,2025/26,2025-10-29,Fehérvár,Vienne,3,6,,hockeyarchives
icehl,2025/26,2025-10-29,Feldkirch,Salzbourg,2,2,OT,hockeyarchives
icehl,2025/26,2025-10-29,Ferencváros,Ljubljana,4,7,,hockeyarchives
icehl,2025/26,2025-10-29,Graz,Pustertal,1,4,,hockeyarchives
icehl,2025/26,2025-10-29,Innsbruck,Linz,2,4,,hockeyarchives
icehl,2025/26,2025-10-31,Bolzano,Pustertal,9,1,,hockeyarchives
icehl,2025/26,2025-10-31,Feldkirch,Fehérvár,0,3,,hockeyarchives
icehl,2025/26,2025-10-31,Ferencváros,Graz,3,3,OT,hockeyarchives
icehl,2025/26,2025-10-31,Klagenfurt,Innsbruck,5,1,,hockeyarchives
icehl,2025/26,2025-10-31,Linz,Vienne,4,1,,hockeyarchives
icehl,2025/26,2025-10-31,Salzbourg,Ljubljana,1,2,,hockeyarchives
icehl,2025/26,2025-11-02,Bolzano,Graz,3,3,SO,hockeyarchives
icehl,2025/26,2025-11-02,Feldkirch,Klagenfurt,1,1,SO,hockeyarchives
icehl,2025/26,2025-11-02,Linz,Ferencváros,3,1,,hockeyarchives
icehl,2025/26,2025-11-02,Ljubljana,Innsbruck,5,5,OT,hockeyarchives
icehl,2025/26,2025-11-02,Pustertal,Fehérvár,4,0,,hockeyarchives
icehl,2025/26,2025-11-02,Vienne,Villach,0,3,,hockeyarchives
icehl,2025/26,2025-11-12,Fehérvár,Bolzano,2,2,SO,hockeyarchives
icehl,2025/26,2025-11-12,Ferencváros,Vienne,2,1,,hockeyarchives
icehl,2025/26,2025-11-12,Innsbruck,Feldkirch,3,3,OT,hockeyarchives
icehl,2025/26,2025-11-12,Klagenfurt,Linz,5,3,,hockeyarchives
icehl,2025/26,2025-11-12,Pustertal,Ljubljana,5,3,,hockeyarchives
icehl,2025/26,2025-11-12,Villach,Salzbourg,3,3,OT,hockeyarchives
icehl,2025/26,2025-11-14,Fehérvár,Ferencváros,5,1,,hockeyarchives
icehl,2025/26,2025-11-14,Graz,Salzbourg,4,1,,hockeyarchives
icehl,2025/26,2025-11-14,Linz,Pustertal,1,1,OT,hockeyarchives
icehl,2025/26,2025-11-14,Ljubljana,Bolzano,4,1,,hockeyarchives
icehl,2025/26,2025-11-14,Vienne,Innsbruck,3,2,,hockeyarchives
icehl,2025/26,2025-11-14,Villach,Klagenfurt,5,3,,hockeyarchives
icehl,2025/26,2025-11-16,Feldkirch,Linz,4,5,,hockeyarchives
icehl,2025/26,2025-11-16,Ferencváros,Pustertal,3,2,,hockeyarchives
icehl,2025/26,2025-11-16,Graz,Innsbruck,3,2,,hockeyarchives
icehl,2025/26,2025-11-16,Ljubljana,Klagenfurt,2,5,,hockeyarchives
icehl,2025/26,2025-11-16,Salzbourg,Fehérvár,4,1,,hockeyarchives
icehl,2025/26,2025-11-16,Villach,Vienne,3,2,,hockeyarchives
icehl,2025/26,2025-11-21,Bolzano,Feldkirch,7,1,,hockeyarchives
icehl,2025/26,2025-11-21,Fehérvár,Graz,2,1,,hockeyarchives
icehl,2025/26,2025-11-21,Innsbruck,Ferencváros,1,3,,hockeyarchives
icehl,2025/26,2025-11-21,Klagenfurt,Vienne,4,2,,hockeyarchives
icehl,2025/26,2025-11-21,Salzbourg,Linz,4,0,,hockeyarchives
icehl,2025/26,2025-11-21,Villach,Ljubljana,2,3,,hockeyarchives
icehl,2025/26,2025-11-23,Fehérvár,Villach,1,4,,hockeyarchives
icehl,2025/26,2025-11-23,Feldkirch,Ferencváros,1,3,,hockeyarchives
icehl,2025/26,2025-11-23,Graz,Bolzano,6,3,,hockeyarchives
icehl,2025/26,2025-11-23,Klagenfurt,Salzbourg,3,3,OT,hockeyarchives
icehl,2025/26,2025-11-23,Linz,Ljubljana,4,2,,hockeyarchives
icehl,2025/26,2025-11-23,Pustertal,Innsbruck,6,2,,hockeyarchives
icehl,2025/26,2025-11-26,Feldkirch,Villach,5,4,,hockeyarchives
icehl,2025/26,2025-11-26,Innsbruck,Klagenfurt,9,6,,hockeyarchives
icehl,2025/26,2025-11-26,Linz,Bolzano,3,6,,hockeyarchives
icehl,2025/26,2025-11-26,Ljubljana,Pustertal,6,3,,hockeyarchives
icehl,2025/26,2025-11-26,Salzbourg,Graz,2,5,,hockeyarchives
icehl,2025/26,2025-11-26,Vienne,Fehérvár,3,1,,hockeyarchives
icehl,2025/26,2025-11-28,Bolzano,Innsbruck,3,1,,hockeyarchives
icehl,2025/26,2025-11-28,Ferencváros,Fehérvár,1,6,,hockeyarchives
icehl,2025/26,2025-11-28,Klagenfurt,Feldkirch,6,2,,hockeyarchives
icehl,2025/26,2025-11-28,Ljubljana,Graz,0,1,,hockeyarchives
icehl,2025/26,2025-11-28,Pustertal,Vienne,1,1,OT,hockeyarchives
icehl,2025/26,2025-11-28,Villach,Linz,4,4,OT,hockeyarchives
icehl,2025/26,2025-11-30,Bolzano,Vienne,2,0,,hockeyarchives
icehl,2025/26,2025-11-30,Graz,Linz,3,2,,hockeyarchives
icehl,2025/26,2025-11-30,Innsbruck,Salzbourg,0,4,,hockeyarchives
icehl,2025/26,2025-11-30,Klagenfurt,Villach,4,1,,hockeyarchives
icehl,2025/26,2025-11-30,Ljubljana,Ferencváros,1,1,OT,hockeyarchives
icehl,2025/26,2025-11-30,Pustertal,Feldkirch,7,1,,hockeyarchives
icehl,2025/26,2025-12-03,Fehérvár,Ljubljana,3,1,,hockeyarchives
icehl,2025/26,2025-12-03,Ferencváros,Salzbourg,2,1,,hockeyarchives
icehl,2025/26,2025-12-03,Graz,Vienne,3,1,,hockeyarchives
icehl,2025/26,2025-12-03,Linz,Innsbruck,4,4,OT,hockeyarchives
icehl,2025/26,2025-12-03,Pustertal,Klagenfurt,0,4,,hockeyarchives
icehl,2025/26,2025-12-03,Villach,Bolzano,4,1,,hockeyarchives
icehl,2025/26,2025-12-05,Ferencváros,Pustertal,7,3,,hockeyarchives
icehl,2025/26,2025-12-05,Innsbruck,Fehérvár,2,4,,hockeyarchives
icehl,2025/26,2025-12-05,Linz,Klagenfurt,3,5,,hockeyarchives
icehl,2025/26,2025-12-05,Ljubljana,Villach,6,3,,hockeyarchives
icehl,2025/26,2025-12-05,Salzbourg,Klagenfurt,1,2,,hockeyarchives
icehl,2025/26,2025-12-05,Vienne,Bolzano,4,1,,hockeyarchives
icehl,2025/26,2025-12-07,Feldkirch,Fehérvár,4,1,,hockeyarchives
icehl,2025/26,2025-12-07,Ferencváros,Bolzano,1,3,,hockeyarchives
icehl,2025/26,2025-12-07,Innsbruck,Ljubljana,1,3,,hockeyarchives
icehl,2025/26,2025-12-07,Klagenfurt,Graz,2,2,OT,hockeyarchives
icehl,2025/26,2025-12-07,Linz,Pustertal,3,2,,hockeyarchives
icehl,2025/26,2025-12-07,Vienne,Salzbourg,2,4,,hockeyarchives
icehl,2025/26,2025-12-17,Bolzano,Linz,7,4,,hockeyarchives
icehl,2025/26,2025-12-17,Fehérvár,Klagenfurt,3,6,,hockeyarchives
icehl,2025/26,2025-12-17,Graz,Ljubljana,2,2,SO,hockeyarchives
icehl,2025/26,2025-12-17,Pustertal,Innsbruck,7,2,,hockeyarchives
icehl,2025/26,2025-12-17,Salzbourg,Feldkirch,7,0,,hockeyarchives
icehl,2025/26,2025-12-17,Vienne,Ferencváros,4,3,,hockeyarchives
icehl,2025/26,2025-12-19,Bolzano,Vienne,2,5,,hockeyarchives
icehl,2025/26,2025-12-19,Graz,Fehérvár,4,2,,hockeyarchives
icehl,2025/26,2025-12-19,Klagenfurt,Feldkirch,5,2,,hockeyarchives
icehl,2025/26,2025-12-19,Linz,Salzbourg,2,3,,hockeyarchives
icehl,2025/26,2025-12-19,Ljubljana,Pustertal,1,4,,hockeyarchives
icehl,2025/26,2025-12-19,Villach,Ferencváros,4,5,,hockeyarchives
icehl,2025/26,2025-12-21,Fehérvár,Linz,4,2,,hockeyarchives
icehl,2025/26,2025-12-21,Feldkirch,Ljubljana,5,2,,hockeyarchives
icehl,2025/26,2025-12-21,Ferencváros,Klagenfurt,0,5,,hockeyarchives
icehl,2025/26,2025-12-21,Innsbruck,Villach,5,2,,hockeyarchives
icehl,2025/26,2025-12-21,Pustertal,Vienne,2,3,,hockeyarchives
icehl,2025/26,2025-12-21,Salzbourg,Graz,3,0,,hockeyarchives
icehl,2025/26,2025-12-26,Bolzano,Ljubljana,4,1,,hockeyarchives
icehl,2025/26,2025-12-26,Fehérvár,Vienne,2,1,,hockeyarchives
icehl,2025/26,2025-12-26,Feldkirch,Salzbourg,3,3,OT,hockeyarchives
icehl,2025/26,2025-12-26,Graz,Linz,3,3,OT,hockeyarchives
icehl,2025/26,2025-12-26,Innsbruck,Pustertal,1,7,,hockeyarchives
icehl,2025/26,2025-12-26,Klagenfurt,Villach,5,2,,hockeyarchives
icehl,2025/26,2025-12-28,Graz,Pustertal,4,1,,hockeyarchives
icehl,2025/26,2025-12-28,Linz,Innsbruck,4,1,,hockeyarchives
icehl,2025/26,2025-12-28,Ljubljana,Fehérvár,5,0,,hockeyarchives
icehl,2025/26,2025-12-28,Salzbourg,Ferencváros,5,1,,hockeyarchives
icehl,2025/26,2025-12-28,Vienne,Klagenfurt,1,3,,hockeyarchives
icehl,2025/26,2025-12-28,Villach,Bolzano,1,4,,hockeyarchives
icehl,2025/26,2025-12-30,Bolzano,Feldkirch,5,0,,hockeyarchives
icehl,2025/26,2025-12-30,Ferencváros,Vienne,2,2,OT,hockeyarchives
icehl,2025/26,2025-12-30,Graz,Ferencváros,6,1,,hockeyarchives
icehl,2025/26,2025-12-30,Innsbruck,Salzbourg,0,4,,hockeyarchives
icehl,2025/26,2025-12-30,Klagenfurt,Bolzano,1,1,OT,hockeyarchives
icehl,2025/26,2025-12-30,Linz,Fehérvár,7,0,,hockeyarchives
icehl,2025/26,2025-12-30,Ljubljana,Klagenfurt,3,2,,hockeyarchives
icehl,2025/26,2025-12-30,Pustertal,Feldkirch,5,5,SO,hockeyarchives
icehl,2025/26,2025-12-30,Salzbourg,Linz,5,1,,hockeyarchives
icehl,2025/26,2025-12-30,Vienne,Ljubljana,3,2,,hockeyarchives
icehl,2025/26,2025-12-30,Villach,Graz,1,4,,hockeyarchives
icehl,2025/26,2025-12-30,Villach,Innsbruck,6,2,,hockeyarchives
icehl,2025/26,2026-01-03,Ferencváros,Fehérvár,3,6,,hockeyarchives
icehl,2025/26,2026-01-03,Innsbruck,Klagenfurt,1,4,,hockeyarchives
icehl,2025/26,2026-01-03,Linz,Villach,3,0,,hockeyarchives
icehl,2025/26,2026-01-03,Ljubljana,Graz,0,2,,hockeyarchives
icehl,2025/26,2026-01-03,Pustertal,Bolzano,3,5,,hockeyarchives
icehl,2025/26,2026-01-03,Salzbourg,Vienne,6,1,,hockeyarchives
icehl,2025/26,2026-01-05,Bolzano,Salzbourg,1,1,SO,hockeyarchives
icehl,2025/26,2026-01-05,Fehérvár,Graz,5,2,,hockeyarchives
icehl,2025/26,2026-01-05,Feldkirch,Innsbruck,6,4,,hockeyarchives
icehl,2025/26,2026-01-05,Klagenfurt,Pustertal,3,2,,hockeyarchives
icehl,2025/26,2026-01-05,Ljubljana,Ferencváros,5,1,,hockeyarchives
icehl,2025/26,2026-01-05,Vienne,Villach,5,2,,hockeyarchives
icehl,2025/26,2026-01-09,Fehérvár,Innsbruck,4,2,,hockeyarchives
icehl,2025/26,2026-01-09,Ferencváros,Feldkirch,5,4,,hockeyarchives
icehl,2025/26,2026-01-09,Graz,Bolzano,2,2,OT,hockeyarchives
icehl,2025/26,2026-01-09,Salzbourg,Ljubljana,5,1,,hockeyarchives
icehl,2025/26,2026-01-09,Vienne,Linz,2,2,OT,hockeyarchives
icehl,2025/26,2026-01-09,Villach,Klagenfurt,2,3,,hockeyarchives
icehl,2025/26,2026-01-11,Bolzano,Villach,4,4,OT,hockeyarchives
icehl,2025/26,2026-01-11,Fehérvár,Feldkirch,2,2,SO,hockeyarchives
icehl,2025/26,2026-01-11,Ferencváros,Innsbruck,6,3,,hockeyarchives
icehl,2025/26,2026-01-11,Graz,Vienne,4,0,,hockeyarchives
icehl,2025/26,2026-01-11,Ljubljana,Linz,4,1,,hockeyarchives
icehl,2025/26,2026-01-11,Pustertal,Salzbourg,4,1,,hockeyarchives
icehl,2025/26,2026-01-16,Bolzano,Ferencváros,3,2,,hockeyarchives
icehl,2025/26,2026-01-16,Feldkirch,Vienne,4,0,,hockeyarchives
icehl,2025/26,2026-01-16,Innsbruck,Graz,3,2,,hockeyarchives
icehl,2025/26,2026-01-16,Klagenfurt,Fehérvár,2,2,OT,hockeyarchives
icehl,2025/26,2026-01-16,Pustertal,Linz,3,1,,hockeyarchives
icehl,2025/26,2026-01-16,Villach,Salzbourg,2,5,,hockeyarchives
icehl,2025/26,2026-01-18,Feldkirch,Graz,0,4,,hockeyarchives
icehl,2025/26,2026-01-18,Innsbruck,Vienne,2,5,,hockeyarchives
icehl,2025/26,2026-01-18,Linz,Klagenfurt,3,5,,hockeyarchives
icehl,2025/26,2026-01-18,Pustertal,Ferencváros,5,1,,hockeyarchives
icehl,2025/26,2026-01-18,Salzbourg,Bolzano,7,4,,hockeyarchives
icehl,2025/26,2026-01-18,Villach,Fehérvár,2,2,OT,hockeyarchives
icehl,2025/26,2026-01-23,Bolzano,Innsbruck,5,0,,hockeyarchives
icehl,2025/26,2026-01-23,Fehérvár,Ljubljana,3,4,,hockeyarchives
icehl,2025/26,2026-01-23,Feldkirch,Klagenfurt,4,5,,hockeyarchives
icehl,2025/26,2026-01-23,Graz,Salzbourg,2,4,,hockeyarchives
icehl,2025/26,2026-01-23,Vienne,Pustertal,4,3,,hockeyarchives
icehl,2025/26,2026-01-23,Villach,Linz,6,2,,hockeyarchives
icehl,2025/26,2026-01-25,Fehérvár,Pustertal,0,3,,hockeyarchives
icehl,2025/26,2026-01-25,Feldkirch,Villach,4,1,,hockeyarchives
icehl,2025/26,2026-01-25,Ferencváros,Ljubljana,3,4,,hockeyarchives
icehl,2025/26,2026-01-25,Innsbruck,Linz,2,3,,hockeyarchives
icehl,2025/26,2026-01-25,Klagenfurt,Salzbourg,3,4,,hockeyarchives
icehl,2025/26,2026-01-25,Vienne,Bolzano,3,0,,hockeyarchives
icehl,2025/26,2026-01-28,Klagenfurt,Ferencváros,5,2,,hockeyarchives
icehl,2025/26,2026-01-28,Linz,Bolzano,6,0,,hockeyarchives
icehl,2025/26,2026-01-28,Ljubljana,Feldkirch,5,2,,hockeyarchives
icehl,2025/26,2026-01-28,Pustertal,Graz,1,7,,hockeyarchives
icehl,2025/26,2026-01-28,Salzbourg,Fehérvár,4,0,,hockeyarchives
icehl,2025/26,2026-01-28,Villach,Vienne,4,1,,hockeyarchives
icehl,2025/26,2026-01-30,Bolzano,Pustertal,7,2,,hockeyarchives
icehl,2025/26,2026-01-30,Fehérvár,Bolzano,3,4,,hockeyarchives
icehl,2025/26,2026-01-30,Ferencváros,Salzbourg,4,2,,hockeyarchives
icehl,2025/26,2026-01-30,Graz,Feldkirch,3,2,,hockeyarchives
icehl,2025/26,2026-01-30,Graz,Innsbruck,4,3,,hockeyarchives
icehl,2025/26,2026-01-30,Klagenfurt,Linz,4,0,,hockeyarchives
icehl,2025/26,2026-01-30,Linz,Ferencváros,5,1,,hockeyarchives
icehl,2025/26,2026-01-30,Ljubljana,Salzbourg,5,1,,hockeyarchives
icehl,2025/26,2026-01-30,Pustertal,Villach,3,1,,hockeyarchives
icehl,2025/26,2026-01-30,Vienne,Feldkirch,1,0,,hockeyarchives
icehl,2025/26,2026-01-30,Vienne,Innsbruck,5,2,,hockeyarchives
icehl,2025/26,2026-01-30,Villach,Ljubljana,8,5,,hockeyarchives
icehl,2025/26,2026-02-15,Fehérvár,Villach,5,4,,hockeyarchives
icehl,2025/26,2026-02-15,Feldkirch,Linz,0,2,,hockeyarchives
icehl,2025/26,2026-02-15,Ferencváros,Graz,3,8,,hockeyarchives
icehl,2025/26,2026-02-15,Innsbruck,Bolzano,4,4,OT,hockeyarchives
icehl,2025/26,2026-02-15,Ljubljana,Vienne,7,5,,hockeyarchives
icehl,2025/26,2026-02-15,Pustertal,Klagenfurt,3,2,,hockeyarchives
icehl,2025/26,2026-02-20,Bolzano,Graz,4,0,,hockeyarchives
icehl,2025/26,2026-02-20,Feldkirch,Ferencváros,2,4,,hockeyarchives
icehl,2025/26,2026-02-20,Klagenfurt,Ljubljana,2,0,,hockeyarchives
icehl,2025/26,2026-02-20,Linz,Vienne,1,4,,hockeyarchives
icehl,2025/26,2026-02-20,Pustertal,Fehérvár,4,2,,hockeyarchives
icehl,2025/26,2026-02-20,Salzbourg,Villach,3,3,OT,hockeyarchives
icehl,2025/26,2026-02-22,Bolzano,Fehérvár,5,2,,hockeyarchives
icehl,2025/26,2026-02-22,Graz,Klagenfurt,4,2,,hockeyarchives
icehl,2025/26,2026-02-22,Innsbruck,Ferencváros,4,5,,hockeyarchives
icehl,2025/26,2026-02-22,Linz,Ljubljana,1,1,OT,hockeyarchives
icehl,2025/26,2026-02-22,Salzbourg,Pustertal,1,1,OT,hockeyarchives
icehl,2025/26,2026-02-22,Villach,Feldkirch,3,1,,hockeyarchives
icehl,2025/26,2026-02-25,Fehérvár,Salzbourg,2,6,,hockeyarchives
icehl,2025/26,2026-02-25,Feldkirch,Pustertal,3,4,,hockeyarchives
icehl,2025/26,2026-02-25,Ferencváros,Villach,2,4,,hockeyarchives
icehl,2025/26,2026-02-25,Klagenfurt,Innsbruck,7,2,,hockeyarchives
icehl,2025/26,2026-02-25,Ljubljana,Bolzano,3,3,SO,hockeyarchives
icehl,2025/26,2026-02-25,Vienne,Graz,2,5,,hockeyarchives
icehl,2025/26,2026-02-27,Bolzano,Klagenfurt,3,6,,hockeyarchives
icehl,2025/26,2026-02-27,Fehérvár,Ferencváros,2,2,OT,hockeyarchives
icehl,2025/26,2026-02-27,Feldkirch,Bolzano,1,4,,hockeyarchives
icehl,2025/26,2026-02-27,Ferencváros,Linz,0,2,,hockeyarchives
icehl,2025/26,2026-02-27,Graz,Villach,2,0,,hockeyarchives
icehl,2025/26,2026-02-27,Innsbruck,Feldkirch,5,5,OT,hockeyarchives
icehl,2025/26,2026-02-27,Klagenfurt,Vienne,2,2,OT,hockeyarchives
icehl,2025/26,2026-02-27,Linz,Graz,1,3,,hockeyarchives
icehl,2025/26,2026-02-27,Pustertal,Ljubljana,2,2,OT,hockeyarchives
icehl,2025/26,2026-02-27,Salzbourg,Innsbruck,4,1,,hockeyarchives
icehl,2025/26,2026-02-27,Vienne,Fehérvár,3,3,SO,hockeyarchives
icehl,2025/26,2026-02-27,Villach,Pustertal,0,1,,hockeyarchives
icehl,2025/26,2026-03-08,Fehérvár AV19,Vienna Capitals,7,3,,hockeyarchives
icehl,2025/26,2026-03-08,Linz,Villach,1,5,,hockeyarchives
icehl,2025/26,2026-03-08,Vienna Capitals,Fehérvár AV19,0,1,,hockeyarchives
icehl,2025/26,2026-03-08,Villach,Linz,1,1,OT,hockeyarchives
icehl,2025/26,2026-03-24,Bolzano,Olimpija Ljubljana,1,4,,hockeyarchives
icehl,2025/26,2026-03-24,Fehérvár AV19,Klagenfurt,3,0,,hockeyarchives
icehl,2025/26,2026-03-24,Graz,Villach,3,1,,hockeyarchives
icehl,2025/26,2026-03-24,Klagenfurt,Fehérvár AV19,3,4,,hockeyarchives
icehl,2025/26,2026-03-24,Olimpija Ljubljana,Bolzano,4,0,,hockeyarchives
icehl,2025/26,2026-03-24,Pustertal,Salzbourg,1,1,OT,hockeyarchives
icehl,2025/26,2026-03-24,Salzbourg,Pustertal,3,4,,hockeyarchives
icehl,2025/26,2026-03-24,Villach,Graz,2,6,,hockeyarchives
icehl,2025/26,2026-04-12,Fehérvár AV19,Graz,1,5,,hockeyarchives
icehl,2025/26,2026-04-12,Graz,Fehérvár AV19,4,0,,hockeyarchives
icehl,2025/26,2026-04-12,Olimpija Ljubljana,Pustertal,4,4,OT,hockeyarchives
icehl,2025/26,2026-04-12,Pustertal,Olimpija Ljubljana,1,1,OT,hockeyarchives
icehl,2025/26,2026-04-29,Graz,Pustertal,5,2,,hockeyarchives
icehl,2025/26,2026-04-29,Pustertal,Graz,2,6,,hockeyarchives
icehl,2026/27,2026-09-18,Bolzano,Vienne,3,2,,icehl-api
icehl,2026/27,2026-09-18,Fehérvár,Linz,3,3,OT,icehl-api
icehl,2026/27,2026-09-18,Feldkirch,Villach,1,2,,icehl-api
icehl,2026/27,2026-09-18,Ferencváros,Ljubljana,3,5,,icehl-api
icehl,2026/27,2026-09-18,Innsbruck,Milano HC,1,3,,icehl-api
icehl,2026/27,2026-09-18,Pustertal,Graz,4,2,,icehl-api
icehl,2026/27,2026-09-18,Salzbourg,Klagenfurt,1,7,,icehl-api
icehl,2026/27,2026-09-19,Fehérvár,Ljubljana,2,6,,icehl-api
icehl,2026/27,2026-09-19,Feldkirch,Graz,1,3,,icehl-api
icehl,2026/27,2026-09-19,Innsbruck,Vienne,4,5,,icehl-api
icehl,2026/27,2026-09-20,Bolzano,Salzbourg,6,3,,icehl-api
icehl,2026/27,2026-09-20,Klagenfurt,Pustertal,3,2,,icehl-api
icehl,2026/27,2026-09-20,Linz,Milano HC,0,4,,icehl-api
icehl,2026/27,2026-09-23,Feldkirch,Milano HC,4,5,,icehl-api
icehl,2026/27,2026-09-23,Graz,Bolzano,3,3,OT,icehl-api
icehl,2026/27,2026-09-23,Klagenfurt,Villach,6,1,,icehl-api
icehl,2026/27,2026-09-23,Linz,Ljubljana,4,3,,icehl-api
icehl,2026/27,2026-09-23,Salzbourg,Innsbruck,2,2,SO,icehl-api
icehl,2026/27,2026-09-23,Vienne,Fehérvár,2,2,SO,icehl-api
icehl,2026/27,2026-09-25,Ferencváros,Milano HC,3,0,,icehl-api
icehl,2026/27,2026-09-25,Graz,Vienne,2,2,OT,icehl-api
icehl,2026/27,2026-09-25,Linz,Feldkirch,5,3,,icehl-api
icehl,2026/27,2026-09-25,Ljubljana,Klagenfurt,3,7,,icehl-api
icehl,2026/27,2026-09-25,Salzbourg,Villach,2,4,,icehl-api
icehl,2026/27,2026-09-26,Innsbruck,Fehérvár,2,0,,icehl-api
icehl,2026/27,2026-09-26,Vienne,Milano HC,2,6,,icehl-api
icehl,2026/27,2026-09-27,Feldkirch,Fehérvár,2,3,,icehl-api
icehl,2026/27,2026-09-27,Ferencváros,Salzbourg,3,6,,icehl-api
icehl,2026/27,2026-09-27,Innsbruck,Bolzano,3,4,,icehl-api
icehl,2026/27,2026-09-27,Klagenfurt,Graz,6,2,,icehl-api
icehl,2026/27,2026-09-27,Ljubljana,Villach,6,2,,icehl-api
icehl,2026/27,2026-09-27,Pustertal,Linz,5,4,,icehl-api
icehl,2026/27,2026-09-30,Fehérvár,Villach,1,0,,icehl-api
icehl,2026/27,2026-09-30,Ferencváros,Linz,3,5,,icehl-api
icehl,2026/27,2026-09-30,Graz,Pustertal,1,4,,icehl-api
icehl,2026/27,2026-09-30,Innsbruck,Feldkirch,5,4,,icehl-api
icehl,2026/27,2026-09-30,Klagenfurt,Milano HC,2,4,,icehl-api
icehl,2026/27,2026-09-30,Salzbourg,Bolzano,1,4,,icehl-api
icehl,2026/27,2026-10-02,Bolzano,Klagenfurt,4,0,,icehl-api
icehl,2026/27,2026-10-02,Fehérvár,Ferencváros,2,5,,icehl-api
icehl,2026/27,2026-10-02,Feldkirch,Salzbourg,1,4,,icehl-api
icehl,2026/27,2026-10-02,Linz,Graz,2,2,SO,icehl-api
icehl,2026/27,2026-10-02,Pustertal,Ljubljana,4,2,,icehl-api
icehl,2026/27,2026-10-02,Vienne,Innsbruck,4,0,,icehl-api
icehl,2026/27,2026-10-02,Villach,Milano HC,7,2,,icehl-api
icehl,2026/27,2026-10-03,Graz,Innsbruck,3,0,,icehl-api
icehl,2026/27,2026-10-04,Bolzano,Ferencváros,3,3,SO,icehl-api
icehl,2026/27,2026-10-04,Linz,Klagenfurt,6,1,,icehl-api
icehl,2026/27,2026-10-04,Ljubljana,Feldkirch,8,0,,icehl-api
icehl,2026/27,2026-10-04,Pustertal,Fehérvár,2,2,OT,icehl-api
icehl,2026/27,2026-10-04,Salzbourg,Milano HC,5,2,,icehl-api
icehl,2026/27,2026-10-04,Villach,Vienne,3,3,OT,icehl-api
liiga,2022/23,2022-09-13,Sport Vaasa,JYP Jyväskylä,3,1,,hockeyarchives
liiga,2022/23,2022-09-13,Tappara Tampere,TPS Turku,3,1,,hockeyarchives
liiga,2022/23,2022-09-14,HIFK Helsinki,HPK Hämeenlinna,4,1,,hockeyarchives
liiga,2022/23,2022-09-14,Ilves Tampere,Ässät Pori,3,0,,hockeyarchives
liiga,2022/23,2022-09-14,Jukurit Mikkeli,KooKoo Kouvola,3,4,,hockeyarchives
liiga,2022/23,2022-09-14,KalPa Kuopio,SaiPa Lappeenranta,3,1,,hockeyarchives
liiga,2022/23,2022-09-14,Kärpät Oulu,Pelicans Lahti,2,2,OT,hockeyarchives
liiga,2022/23,2022-09-14,Tappara Tampere,HIFK Helsinki,5,2,,hockeyarchives
liiga,2022/23,2022-09-15,Sport Vaasa,Ilves Tampere,1,4,,hockeyarchives
liiga,2022/23,2022-09-16,Ilves Tampere,HIFK Helsinki,2,1,,hockeyarchives
liiga,2022/23,2022-09-16,JYP Jyväskylä,Lukko Rauma,5,2,,hockeyarchives
liiga,2022/23,2022-09-16,Jukurit Mikkeli,HPK Hämeenlinna,4,5,,hockeyarchives
liiga,2022/23,2022-09-16,KooKoo Kouvola,SaiPa Lappeenranta,2,2,SO,hockeyarchives
liiga,2022/23,2022-09-16,Pelicans Lahti,KalPa Kuopio,3,2,,hockeyarchives
liiga,2022/23,2022-09-16,TPS Turku,Ässät Pori,7,2,,hockeyarchives
liiga,2022/23,2022-09-17,HPK Hämeenlinna,Sport Vaasa,2,1,,hockeyarchives
liiga,2022/23,2022-09-17,KalPa Kuopio,Jukurit Mikkeli,3,2,,hockeyarchives
liiga,2022/23,2022-09-17,Kärpät Oulu,Tappara Tampere,3,0,,hockeyarchives
liiga,2022/23,2022-09-17,Lukko Rauma,TPS Turku,6,0,,hockeyarchives
liiga,2022/23,2022-09-17,SaiPa Lappeenranta,KooKoo Kouvola,1,4,,hockeyarchives
liiga,2022/23,2022-09-17,Sport Vaasa,Kärpät Oulu,1,4,,hockeyarchives
liiga,2022/23,2022-09-17,Ässät Pori,JYP Jyväskylä,5,0,,hockeyarchives
liiga,2022/23,2022-09-21,HPK Hämeenlinna,JYP Jyväskylä,2,2,SO,hockeyarchives
liiga,2022/23,2022-09-21,JYP Jyväskylä,TPS Turku,1,4,,hockeyarchives
liiga,2022/23,2022-09-21,Jukurit Mikkeli,Lukko Rauma,3,1,,hockeyarchives
liiga,2022/23,2022-09-21,Pelicans Lahti,SaiPa Lappeenranta,1,1,SO,hockeyarchives
liiga,2022/23,2022-09-21,Tappara Tampere,HPK Hämeenlinna,3,3,OT,hockeyarchives
liiga,2022/23,2022-09-21,Ässät Pori,Ilves Tampere,2,2,SO,hockeyarchives
liiga,2022/23,2022-09-22,Sport Vaasa,KalPa Kuopio,2,1,,hockeyarchives
liiga,2022/23,2022-09-23,Ilves Tampere,Tappara Tampere,3,0,,hockeyarchives
liiga,2022/23,2022-09-23,Jukurit Mikkeli,Ässät Pori,3,0,,hockeyarchives
liiga,2022/23,2022-09-23,KooKoo Kouvola,TPS Turku,2,3,,hockeyarchives
liiga,2022/23,2022-09-23,Kärpät Oulu,HPK Hämeenlinna,4,1,,hockeyarchives
liiga,2022/23,2022-09-23,Lukko Rauma,Pelicans Lahti,2,1,,hockeyarchives
liiga,2022/23,2022-09-23,SaiPa Lappeenranta,HIFK Helsinki,2,1,,hockeyarchives
liiga,2022/23,2022-09-24,HIFK Helsinki,KooKoo Kouvola,1,5,,hockeyarchives
liiga,2022/23,2022-09-24,Ilves Tampere,Kärpät Oulu,3,1,,hockeyarchives
liiga,2022/23,2022-09-24,JYP Jyväskylä,SaiPa Lappeenranta,2,0,,hockeyarchives
liiga,2022/23,2022-09-24,Pelicans Lahti,Ilves Tampere,5,1,,hockeyarchives
liiga,2022/23,2022-09-24,TPS Turku,Lukko Rauma,1,1,OT,hockeyarchives
liiga,2022/23,2022-09-24,Tappara Tampere,Jukurit Mikkeli,4,1,,hockeyarchives
liiga,2022/23,2022-09-24,Ässät Pori,KalPa Kuopio,3,1,,hockeyarchives
liiga,2022/23,2022-09-27,HPK Hämeenlinna,Jukurit Mikkeli,2,3,,hockeyarchives
liiga,2022/23,2022-09-27,KalPa Kuopio,Ilves Tampere,7,4,,hockeyarchives
liiga,2022/23,2022-09-27,Lukko Rauma,JYP Jyväskylä,5,1,,hockeyarchives
liiga,2022/23,2022-09-27,TPS Turku,Pelicans Lahti,2,1,,hockeyarchives
liiga,2022/23,2022-09-28,HIFK Helsinki,Sport Vaasa,3,3,OT,hockeyarchives
liiga,2022/23,2022-09-28,Jukurit Mikkeli,Pelicans Lahti,4,4,SO,hockeyarchives
liiga,2022/23,2022-09-28,Tappara Tampere,KooKoo Kouvola,4,4,OT,hockeyarchives
liiga,2022/23,2022-09-29,KalPa Kuopio,Sport Vaasa,3,3,SO,hockeyarchives
liiga,2022/23,2022-09-29,Kärpät Oulu,JYP Jyväskylä,6,6,OT,hockeyarchives
liiga,2022/23,2022-09-30,HPK Hämeenlinna,HIFK Helsinki,3,2,,hockeyarchives
liiga,2022/23,2022-09-30,Ilves Tampere,HPK Hämeenlinna,2,2,SO,hockeyarchives
liiga,2022/23,2022-09-30,KooKoo Kouvola,Lukko Rauma,0,2,,hockeyarchives
liiga,2022/23,2022-09-30,SaiPa Lappeenranta,TPS Turku,1,4,,hockeyarchives
liiga,2022/23,2022-09-30,Tappara Tampere,Ässät Pori,1,4,,hockeyarchives
liiga,2022/23,2022-10-01,HIFK Helsinki,TPS Turku,2,1,,hockeyarchives
liiga,2022/23,2022-10-01,JYP Jyväskylä,KalPa Kuopio,1,4,,hockeyarchives
liiga,2022/23,2022-10-01,Jukurit Mikkeli,Sport Vaasa,0,3,,hockeyarchives
liiga,2022/23,2022-10-01,Pelicans Lahti,Tappara Tampere,3,0,,hockeyarchives
liiga,2022/23,2022-10-01,SaiPa Lappeenranta,Lukko Rauma,0,3,,hockeyarchives
liiga,2022/23,2022-10-01,Sport Vaasa,HPK Hämeenlinna,2,5,,hockeyarchives
liiga,2022/23,2022-10-01,Ässät Pori,KooKoo Kouvola,1,3,,hockeyarchives
liiga,2022/23,2022-10-05,JYP Jyväskylä,Sport Vaasa,3,1,,hockeyarchives
liiga,2022/23,2022-10-05,KalPa Kuopio,HIFK Helsinki,1,1,OT,hockeyarchives
liiga,2022/23,2022-10-05,KooKoo Kouvola,Pelicans Lahti,1,3,,hockeyarchives
liiga,2022/23,2022-10-05,Ässät Pori,Kärpät Oulu,3,5,,hockeyarchives
liiga,2022/23,2022-10-06,Lukko Rauma,HPK Hämeenlinna,1,1,SO,hockeyarchives
liiga,2022/23,2022-10-07,HIFK Helsinki,Kärpät Oulu,2,0,,hockeyarchives
liiga,2022/23,2022-10-07,Pelicans Lahti,Ässät Pori,0,1,,hockeyarchives
liiga,2022/23,2022-10-07,SaiPa Lappeenranta,KooKoo Kouvola,3,3,OT,hockeyarchives
liiga,2022/23,2022-10-07,TPS Turku,KalPa Kuopio,0,4,,hockeyarchives
liiga,2022/23,2022-10-07,Tappara Tampere,Ilves Tampere,1,4,,hockeyarchives
liiga,2022/23,2022-10-07,Tappara Tampere,SaiPa Lappeenranta,3,1,,hockeyarchives
liiga,2022/23,2022-10-08,HPK Hämeenlinna,Pelicans Lahti,1,2,,hockeyarchives
liiga,2022/23,2022-10-08,Ilves Tampere,JYP Jyväskylä,5,3,,hockeyarchives
liiga,2022/23,2022-10-08,KooKoo Kouvola,KalPa Kuopio,1,0,,hockeyarchives
liiga,2022/23,2022-10-08,Kärpät Oulu,Jukurit Mikkeli,4,3,,hockeyarchives
liiga,2022/23,2022-10-08,Kärpät Oulu,Sport Vaasa,4,0,,hockeyarchives
liiga,2022/23,2022-10-08,Sport Vaasa,Lukko Rauma,1,3,,hockeyarchives
liiga,2022/23,2022-10-08,Ässät Pori,TPS Turku,0,1,,hockeyarchives
liiga,2022/23,2022-10-12,HIFK Helsinki,Ässät Pori,2,0,,hockeyarchives
liiga,2022/23,2022-10-12,KalPa Kuopio,HPK Hämeenlinna,2,2,SO,hockeyarchives
liiga,2022/23,2022-10-12,Lukko Rauma,KooKoo Kouvola,4,0,,hockeyarchives
liiga,2022/23,2022-10-12,Pelicans Lahti,SaiPa Lappeenranta,4,1,,hockeyarchives
liiga,2022/23,2022-10-13,Sport Vaasa,TPS Turku,6,3,,hockeyarchives
liiga,2022/23,2022-10-14,JYP Jyväskylä,Tappara Tampere,1,5,,hockeyarchives
liiga,2022/23,2022-10-14,KalPa Kuopio,JYP Jyväskylä,5,2,,hockeyarchives
liiga,2022/23,2022-10-14,KooKoo Kouvola,Kärpät Oulu,1,4,,hockeyarchives
liiga,2022/23,2022-10-14,Pelicans Lahti,Lukko Rauma,2,1,,hockeyarchives
liiga,2022/23,2022-10-15,HPK Hämeenlinna,KooKoo Kouvola,1,2,,hockeyarchives
liiga,2022/23,2022-10-15,Lukko Rauma,HIFK Helsinki,2,0,,hockeyarchives
liiga,2022/23,2022-10-15,SaiPa Lappeenranta,Kärpät Oulu,3,2,,hockeyarchives
liiga,2022/23,2022-10-15,TPS Turku,Ilves Tampere,0,0,OT,hockeyarchives
liiga,2022/23,2022-10-15,Tappara Tampere,Sport Vaasa,3,0,,hockeyarchives
liiga,2022/23,2022-10-15,Ässät Pori,Jukurit Mikkeli,1,0,,hockeyarchives
liiga,2022/23,2022-10-17,Ilves Tampere,Lukko Rauma,2,4,,hockeyarchives
liiga,2022/23,2022-10-18,Jukurit Mikkeli,KalPa Kuopio,3,1,,hockeyarchives
liiga,2022/23,2022-10-18,Kärpät Oulu,Ässät Pori,2,0,,hockeyarchives
liiga,2022/23,2022-10-18,SaiPa Lappeenranta,JYP Jyväskylä,3,3,OT,hockeyarchives
liiga,2022/23,2022-10-19,Sport Vaasa,Pelicans Lahti,0,4,,hockeyarchives
liiga,2022/23,2022-10-19,TPS Turku,HPK Hämeenlinna,3,0,,hockeyarchives
liiga,2022/23,2022-10-20,KalPa Kuopio,Tappara Tampere,0,3,,hockeyarchives
liiga,2022/23,2022-10-20,KooKoo Kouvola,JYP Jyväskylä,1,2,,hockeyarchives
liiga,2022/23,2022-10-21,HPK Hämeenlinna,Kärpät Oulu,3,3,OT,hockeyarchives
liiga,2022/23,2022-10-21,JYP Jyväskylä,HIFK Helsinki,1,1,OT,hockeyarchives
liiga,2022/23,2022-10-21,Lukko Rauma,Ässät Pori,2,2,OT,hockeyarchives
liiga,2022/23,2022-10-21,Ässät Pori,Lukko Rauma,2,6,,hockeyarchives
liiga,2022/23,2022-10-22,HPK Hämeenlinna,Kärpät Oulu,3,0,,hockeyarchives
liiga,2022/23,2022-10-22,KooKoo Kouvola,Tappara Tampere,1,3,,hockeyarchives
liiga,2022/23,2022-10-22,Kärpät Oulu,Ilves Tampere,3,0,,hockeyarchives
liiga,2022/23,2022-10-22,Pelicans Lahti,HIFK Helsinki,1,0,,hockeyarchives
liiga,2022/23,2022-10-22,SaiPa Lappeenranta,Ilves Tampere,6,4,,hockeyarchives
liiga,2022/23,2022-10-22,Sport Vaasa,Jukurit Mikkeli,4,1,,hockeyarchives
liiga,2022/23,2022-10-25,Lukko Rauma,SaiPa Lappeenranta,6,2,,hockeyarchives
liiga,2022/23,2022-10-25,Ässät Pori,HPK Hämeenlinna,3,0,,hockeyarchives
liiga,2022/23,2022-10-26,HIFK Helsinki,KalPa Kuopio,0,3,,hockeyarchives
liiga,2022/23,2022-10-26,JYP Jyväskylä,Pelicans Lahti,2,2,OT,hockeyarchives
liiga,2022/23,2022-10-26,Jukurit Mikkeli,Tappara Tampere,2,1,,hockeyarchives
liiga,2022/23,2022-10-26,TPS Turku,Sport Vaasa,2,1,,hockeyarchives
liiga,2022/23,2022-10-27,Jukurit Mikkeli,KooKoo Kouvola,4,1,,hockeyarchives
liiga,2022/23,2022-10-28,HIFK Helsinki,Ilves Tampere,2,5,,hockeyarchives
liiga,2022/23,2022-10-28,KalPa Kuopio,Lukko Rauma,2,0,,hockeyarchives
liiga,2022/23,2022-10-28,KooKoo Kouvola,Ässät Pori,3,3,OT,hockeyarchives
liiga,2022/23,2022-10-28,SaiPa Lappeenranta,Ässät Pori,5,1,,hockeyarchives
liiga,2022/23,2022-10-28,TPS Turku,Tappara Tampere,1,1,SO,hockeyarchives
liiga,2022/23,2022-10-29,HPK Hämeenlinna,HIFK Helsinki,2,2,OT,hockeyarchives
liiga,2022/23,2022-10-29,JYP Jyväskylä,Jukurit Mikkeli,3,4,,hockeyarchives
liiga,2022/23,2022-10-29,Jukurit Mikkeli,Ilves Tampere,0,5,,hockeyarchives
liiga,2022/23,2022-10-29,Kärpät Oulu,Lukko Rauma,1,2,,hockeyarchives
liiga,2022/23,2022-10-29,Pelicans Lahti,TPS Turku,2,1,,hockeyarchives
liiga,2022/23,2022-10-29,Sport Vaasa,Ilves Tampere,4,1,,hockeyarchives
liiga,2022/23,2022-11-01,HIFK Helsinki,JYP Jyväskylä,4,2,,hockeyarchives
liiga,2022/23,2022-11-01,KalPa Kuopio,Pelicans Lahti,2,3,,hockeyarchives
liiga,2022/23,2022-11-01,SaiPa Lappeenranta,Tappara Tampere,1,2,,hockeyarchives
liiga,2022/23,2022-11-02,Lukko Rauma,Jukurit Mikkeli,2,0,,hockeyarchives
liiga,2022/23,2022-11-02,TPS Turku,Kärpät Oulu,3,2,,hockeyarchives
liiga,2022/23,2022-11-03,Sport Vaasa,Tappara Tampere,2,3,,hockeyarchives
liiga,2022/23,2022-11-03,Ässät Pori,Sport Vaasa,4,2,,hockeyarchives
liiga,2022/23,2022-11-04,HPK Hämeenlinna,SaiPa Lappeenranta,1,1,SO,hockeyarchives
liiga,2022/23,2022-11-04,JYP Jyväskylä,Ilves Tampere,1,2,,hockeyarchives
liiga,2022/23,2022-11-04,KooKoo Kouvola,Ilves Tampere,3,6,,hockeyarchives
liiga,2022/23,2022-11-04,Kärpät Oulu,KalPa Kuopio,3,3,SO,hockeyarchives
liiga,2022/23,2022-11-04,Pelicans Lahti,KooKoo Kouvola,1,5,,hockeyarchives
liiga,2022/23,2022-11-04,TPS Turku,HIFK Helsinki,0,3,,hockeyarchives
liiga,2022/23,2022-11-05,Jukurit Mikkeli,TPS Turku,5,3,,hockeyarchives
liiga,2022/23,2022-11-05,KalPa Kuopio,KooKoo Kouvola,5,3,,hockeyarchives
liiga,2022/23,2022-11-05,Kärpät Oulu,KalPa Kuopio,1,4,,hockeyarchives
liiga,2022/23,2022-11-05,Lukko Rauma,Tappara Tampere,1,2,,hockeyarchives
liiga,2022/23,2022-11-05,SaiPa Lappeenranta,Pelicans Lahti,2,5,,hockeyarchives
liiga,2022/23,2022-11-05,Ässät Pori,HIFK Helsinki,4,2,,hockeyarchives
liiga,2022/23,2022-11-16,HIFK Helsinki,Lukko Rauma,4,2,,hockeyarchives
liiga,2022/23,2022-11-16,JYP Jyväskylä,Ässät Pori,1,3,,hockeyarchives
liiga,2022/23,2022-11-16,Pelicans Lahti,Sport Vaasa,2,3,,hockeyarchives
liiga,2022/23,2022-11-16,Tappara Tampere,Kärpät Oulu,4,1,,hockeyarchives
liiga,2022/23,2022-11-17,Sport Vaasa,SaiPa Lappeenranta,6,2,,hockeyarchives
liiga,2022/23,2022-11-18,HPK Hämeenlinna,TPS Turku,1,1,SO,hockeyarchives
liiga,2022/23,2022-11-18,Ilves Tampere,Sport Vaasa,3,3,OT,hockeyarchives
liiga,2022/23,2022-11-18,KalPa Kuopio,JYP Jyväskylä,1,4,,hockeyarchives
liiga,2022/23,2022-11-18,Pelicans Lahti,Jukurit Mikkeli,2,5,,hockeyarchives
liiga,2022/23,2022-11-19,JYP Jyväskylä,HPK Hämeenlinna,4,0,,hockeyarchives
liiga,2022/23,2022-11-19,Jukurit Mikkeli,KalPa Kuopio,2,3,,hockeyarchives
liiga,2022/23,2022-11-19,KooKoo Kouvola,HIFK Helsinki,2,3,,hockeyarchives
liiga,2022/23,2022-11-19,KooKoo Kouvola,HPK Hämeenlinna,4,5,,hockeyarchives
liiga,2022/23,2022-11-19,Kärpät Oulu,SaiPa Lappeenranta,2,2,OT,hockeyarchives
liiga,2022/23,2022-11-19,Lukko Rauma,TPS Turku,2,2,SO,hockeyarchives
liiga,2022/23,2022-11-19,Ässät Pori,Tappara Tampere,5,1,,hockeyarchives
liiga,2022/23,2022-11-23,SaiPa Lappeenranta,KalPa Kuopio,1,1,SO,hockeyarchives
liiga,2022/23,2022-11-23,Ässät Pori,Pelicans Lahti,1,3,,hockeyarchives
liiga,2022/23,2022-11-24,Ilves Tampere,Pelicans Lahti,6,2,,hockeyarchives
liiga,2022/23,2022-11-25,HIFK Helsinki,Kärpät Oulu,1,1,OT,hockeyarchives
liiga,2022/23,2022-11-25,JYP Jyväskylä,Jukurit Mikkeli,6,2,,hockeyarchives
liiga,2022/23,2022-11-25,Jukurit Mikkeli,JYP Jyväskylä,1,3,,hockeyarchives
liiga,2022/23,2022-11-25,KooKoo Kouvola,Sport Vaasa,5,1,,hockeyarchives
liiga,2022/23,2022-11-26,Ilves Tampere,SaiPa Lappeenranta,8,1,,hockeyarchives
liiga,2022/23,2022-11-26,KalPa Kuopio,Ässät Pori,3,2,,hockeyarchives
liiga,2022/23,2022-11-26,Kärpät Oulu,HIFK Helsinki,2,2,OT,hockeyarchives
liiga,2022/23,2022-11-26,Pelicans Lahti,HPK Hämeenlinna,3,1,,hockeyarchives
liiga,2022/23,2022-11-26,SaiPa Lappeenranta,Sport Vaasa,4,2,,hockeyarchives
liiga,2022/23,2022-11-26,TPS Turku,Lukko Rauma,1,3,,hockeyarchives
liiga,2022/23,2022-11-27,Ilves Tampere,KalPa Kuopio,3,1,,hockeyarchives
liiga,2022/23,2022-11-29,Sport Vaasa,Ässät Pori,5,1,,hockeyarchives
liiga,2022/23,2022-12-01,HPK Hämeenlinna,Ilves Tampere,0,4,,hockeyarchives
liiga,2022/23,2022-12-01,KalPa Kuopio,TPS Turku,3,4,,hockeyarchives
liiga,2022/23,2022-12-02,HIFK Helsinki,Tappara Tampere,0,4,,hockeyarchives
liiga,2022/23,2022-12-02,JYP Jyväskylä,KooKoo Kouvola,4,2,,hockeyarchives
liiga,2022/23,2022-12-02,Jukurit Mikkeli,SaiPa Lappeenranta,4,1,,hockeyarchives
liiga,2022/23,2022-12-02,Lukko Rauma,Ilves Tampere,4,1,,hockeyarchives
liiga,2022/23,2022-12-02,Pelicans Lahti,Kärpät Oulu,6,2,,hockeyarchives
liiga,2022/23,2022-12-02,SaiPa Lappeenranta,Jukurit Mikkeli,0,2,,hockeyarchives
liiga,2022/23,2022-12-03,HIFK Helsinki,Jukurit Mikkeli,1,3,,hockeyarchives
liiga,2022/23,2022-12-03,HPK Hämeenlinna,KalPa Kuopio,2,2,OT,hockeyarchives
liiga,2022/23,2022-12-03,KooKoo Kouvola,Pelicans Lahti,1,4,,hockeyarchives
liiga,2022/23,2022-12-03,Kärpät Oulu,TPS Turku,1,1,OT,hockeyarchives
liiga,2022/23,2022-12-03,Sport Vaasa,HIFK Helsinki,6,1,,hockeyarchives
liiga,2022/23,2022-12-03,Tappara Tampere,JYP Jyväskylä,5,4,,hockeyarchives
liiga,2022/23,2022-12-03,Ässät Pori,Lukko Rauma,2,2,OT,hockeyarchives
liiga,2022/23,2022-12-05,KalPa Kuopio,KooKoo Kouvola,3,4,,hockeyarchives
liiga,2022/23,2022-12-05,Lukko Rauma,Sport Vaasa,5,2,,hockeyarchives
liiga,2022/23,2022-12-07,HPK Hämeenlinna,Ässät Pori,1,2,,hockeyarchives
liiga,2022/23,2022-12-07,SaiPa Lappeenranta,HPK Hämeenlinna,2,8,,hockeyarchives
liiga,2022/23,2022-12-08,JYP Jyväskylä,Kärpät Oulu,2,2,OT,hockeyarchives
liiga,2022/23,2022-12-08,Sport Vaasa,KooKoo Kouvola,3,6,,hockeyarchives
liiga,2022/23,2022-12-09,Ilves Tampere,Jukurit Mikkeli,4,4,OT,hockeyarchives
liiga,2022/23,2022-12-09,Ilves Tampere,Tappara Tampere,3,5,,hockeyarchives
liiga,2022/23,2022-12-09,Jukurit Mikkeli,HIFK Helsinki,2,1,,hockeyarchives
liiga,2022/23,2022-12-09,Lukko Rauma,KalPa Kuopio,1,1,OT,hockeyarchives
liiga,2022/23,2022-12-09,TPS Turku,SaiPa Lappeenranta,3,3,SO,hockeyarchives
liiga,2022/23,2022-12-10,HIFK Helsinki,Lukko Rauma,1,4,,hockeyarchives
liiga,2022/23,2022-12-10,HIFK Helsinki,SaiPa Lappeenranta,1,1,OT,hockeyarchives
liiga,2022/23,2022-12-10,HPK Hämeenlinna,Lukko Rauma,4,0,,hockeyarchives
liiga,2022/23,2022-12-10,Kärpät Oulu,KooKoo Kouvola,3,1,,hockeyarchives
liiga,2022/23,2022-12-10,Pelicans Lahti,JYP Jyväskylä,4,3,,hockeyarchives
liiga,2022/23,2022-12-10,TPS Turku,Ässät Pori,1,2,,hockeyarchives
liiga,2022/23,2022-12-10,Tappara Tampere,KalPa Kuopio,2,2,SO,hockeyarchives
liiga,2022/23,2022-12-13,KooKoo Kouvola,KalPa Kuopio,1,1,OT,hockeyarchives
liiga,2022/23,2022-12-14,JYP Jyväskylä,HPK Hämeenlinna,3,1,,hockeyarchives
liiga,2022/23,2022-12-14,Jukurit Mikkeli,JYP Jyväskylä,3,1,,hockeyarchives
liiga,2022/23,2022-12-14,Kärpät Oulu,SaiPa Lappeenranta,2,1,,hockeyarchives
liiga,2022/23,2022-12-14,Pelicans Lahti,Sport Vaasa,1,2,,hockeyarchives
liiga,2022/23,2022-12-14,TPS Turku,Jukurit Mikkeli,3,1,,hockeyarchives
liiga,2022/23,2022-12-16,HPK Hämeenlinna,Sport Vaasa,3,3,SO,hockeyarchives
liiga,2022/23,2022-12-16,KalPa Kuopio,SaiPa Lappeenranta,2,3,,hockeyarchives
liiga,2022/23,2022-12-16,KooKoo Kouvola,TPS Turku,1,4,,hockeyarchives
liiga,2022/23,2022-12-16,Lukko Rauma,Ilves Tampere,4,2,,hockeyarchives
liiga,2022/23,2022-12-16,Tappara Tampere,Kärpät Oulu,2,2,SO,hockeyarchives
liiga,2022/23,2022-12-16,Tappara Tampere,Pelicans Lahti,2,4,,hockeyarchives
liiga,2022/23,2022-12-16,Ässät Pori,HIFK Helsinki,3,3,SO,hockeyarchives
liiga,2022/23,2022-12-19,Ilves Tampere,KooKoo Kouvola,5,1,,hockeyarchives
liiga,2022/23,2022-12-20,HIFK Helsinki,Jukurit Mikkeli,5,2,,hockeyarchives
liiga,2022/23,2022-12-20,TPS Turku,Ilves Tampere,4,1,,hockeyarchives
liiga,2022/23,2022-12-26,Ilves Tampere,Pelicans Lahti,2,0,,hockeyarchives
liiga,2022/23,2022-12-26,JYP Jyväskylä,Kärpät Oulu,3,5,,hockeyarchives
liiga,2022/23,2022-12-26,KalPa Kuopio,Jukurit Mikkeli,4,4,SO,hockeyarchives
liiga,2022/23,2022-12-26,Lukko Rauma,Sport Vaasa,2,2,OT,hockeyarchives
liiga,2022/23,2022-12-26,Pelicans Lahti,Ässät Pori,6,3,,hockeyarchives
liiga,2022/23,2022-12-26,SaiPa Lappeenranta,KooKoo Kouvola,1,4,,hockeyarchives
liiga,2022/23,2022-12-26,Tappara Tampere,HPK Hämeenlinna,5,2,,hockeyarchives
liiga,2022/23,2022-12-27,Sport Vaasa,Tappara Tampere,3,2,,hockeyarchives
liiga,2022/23,2022-12-28,HPK Hämeenlinna,Kärpät Oulu,3,1,,hockeyarchives
liiga,2022/23,2022-12-28,JYP Jyväskylä,Ässät Pori,5,0,,hockeyarchives
liiga,2022/23,2022-12-28,Jukurit Mikkeli,SaiPa Lappeenranta,4,2,,hockeyarchives
liiga,2022/23,2022-12-28,Lukko Rauma,KooKoo Kouvola,5,3,,hockeyarchives
liiga,2022/23,2022-12-28,TPS Turku,KalPa Kuopio,1,2,,hockeyarchives
liiga,2022/23,2022-12-29,Sport Vaasa,KooKoo Kouvola,1,1,SO,hockeyarchives
liiga,2022/23,2022-12-30,Jukurit Mikkeli,Ilves Tampere,2,5,,hockeyarchives
liiga,2022/23,2022-12-30,KalPa Kuopio,HPK Hämeenlinna,5,2,,hockeyarchives
liiga,2022/23,2022-12-30,Kärpät Oulu,Pelicans Lahti,2,1,,hockeyarchives
liiga,2022/23,2022-12-30,Lukko Rauma,JYP Jyväskylä,2,2,OT,hockeyarchives
liiga,2022/23,2022-12-30,SaiPa Lappeenranta,Tappara Tampere,6,6,SO,hockeyarchives
liiga,2022/23,2022-12-30,Tappara Tampere,Jukurit Mikkeli,3,2,,hockeyarchives
liiga,2022/23,2022-12-30,Ässät Pori,TPS Turku,3,3,SO,hockeyarchives
liiga,2022/23,2023-01-03,Ilves Tampere,Ässät Pori,0,0,OT,hockeyarchives
liiga,2022/23,2023-01-03,JYP Jyväskylä,TPS Turku,5,3,,hockeyarchives
liiga,2022/23,2023-01-04,Jukurit Mikkeli,Sport Vaasa,5,2,,hockeyarchives
liiga,2022/23,2023-01-04,KalPa Kuopio,Sport Vaasa,2,2,SO,hockeyarchives
liiga,2022/23,2023-01-04,Lukko Rauma,Kärpät Oulu,2,2,OT,hockeyarchives
liiga,2022/23,2023-01-05,HIFK Helsinki,Ilves Tampere,3,3,SO,hockeyarchives
liiga,2022/23,2023-01-05,HPK Hämeenlinna,SaiPa Lappeenranta,2,2,OT,hockeyarchives
liiga,2022/23,2023-01-05,Ilves Tampere,Sport Vaasa,1,1,SO,hockeyarchives
liiga,2022/23,2023-01-05,KooKoo Kouvola,JYP Jyväskylä,5,4,,hockeyarchives
liiga,2022/23,2023-01-05,TPS Turku,Pelicans Lahti,3,3,SO,hockeyarchives
liiga,2022/23,2023-01-05,Tappara Tampere,Lukko Rauma,5,2,,hockeyarchives
liiga,2022/23,2023-01-05,Ässät Pori,Kärpät Oulu,2,1,,hockeyarchives
liiga,2022/23,2023-01-07,HIFK Helsinki,KalPa Kuopio,5,4,,hockeyarchives
liiga,2022/23,2023-01-07,JYP Jyväskylä,Tappara Tampere,3,3,OT,hockeyarchives
liiga,2022/23,2023-01-07,Kärpät Oulu,TPS Turku,3,3,OT,hockeyarchives
liiga,2022/23,2023-01-07,Pelicans Lahti,Jukurit Mikkeli,4,1,,hockeyarchives
liiga,2022/23,2023-01-07,SaiPa Lappeenranta,HPK Hämeenlinna,1,1,OT,hockeyarchives
liiga,2022/23,2023-01-07,Tappara Tampere,Pelicans Lahti,1,0,,hockeyarchives
liiga,2022/23,2023-01-07,Ässät Pori,KooKoo Kouvola,2,4,,hockeyarchives
liiga,2022/23,2023-01-11,KooKoo Kouvola,HPK Hämeenlinna,2,2,OT,hockeyarchives
liiga,2022/23,2023-01-11,Lukko Rauma,KalPa Kuopio,2,1,,hockeyarchives
liiga,2022/23,2023-01-11,Sport Vaasa,Kärpät Oulu,1,1,SO,hockeyarchives
liiga,2022/23,2023-01-11,TPS Turku,Jukurit Mikkeli,4,2,,hockeyarchives
liiga,2022/23,2023-01-12,Jukurit Mikkeli,Lukko Rauma,5,3,,hockeyarchives
liiga,2022/23,2023-01-12,SaiPa Lappeenranta,JYP Jyväskylä,2,2,OT,hockeyarchives
liiga,2022/23,2023-01-13,HPK Hämeenlinna,Pelicans Lahti,2,0,,hockeyarchives
liiga,2022/23,2023-01-13,KalPa Kuopio,Ässät Pori,4,0,,hockeyarchives
liiga,2022/23,2023-01-13,Sport Vaasa,HPK Hämeenlinna,2,2,SO,hockeyarchives
liiga,2022/23,2023-01-13,TPS Turku,HIFK Helsinki,2,2,OT,hockeyarchives
liiga,2022/23,2023-01-14,Ilves Tampere,TPS Turku,3,1,,hockeyarchives
liiga,2022/23,2023-01-14,JYP Jyväskylä,Ilves Tampere,0,2,,hockeyarchives
liiga,2022/23,2023-01-14,KooKoo Kouvola,Jukurit Mikkeli,3,2,,hockeyarchives
liiga,2022/23,2023-01-14,Kärpät Oulu,Ässät Pori,1,3,,hockeyarchives
liiga,2022/23,2023-01-14,Pelicans Lahti,HIFK Helsinki,4,5,,hockeyarchives
liiga,2022/23,2023-01-14,SaiPa Lappeenranta,Lukko Rauma,3,5,,hockeyarchives
liiga,2022/23,2023-01-14,Tappara Tampere,TPS Turku,1,1,OT,hockeyarchives
liiga,2022/23,2023-01-17,Jukurit Mikkeli,Kärpät Oulu,0,4,,hockeyarchives
liiga,2022/23,2023-01-18,HIFK Helsinki,JYP Jyväskylä,1,1,OT,hockeyarchives
liiga,2022/23,2023-01-18,HPK Hämeenlinna,KalPa Kuopio,6,2,,hockeyarchives
liiga,2022/23,2023-01-18,Ilves Tampere,KalPa Kuopio,0,1,,hockeyarchives
liiga,2022/23,2023-01-18,Lukko Rauma,Pelicans Lahti,2,1,,hockeyarchives
liiga,2022/23,2023-01-18,Ässät Pori,SaiPa Lappeenranta,4,2,,hockeyarchives
liiga,2022/23,2023-01-19,Sport Vaasa,TPS Turku,2,1,,hockeyarchives
liiga,2022/23,2023-01-20,HIFK Helsinki,HPK Hämeenlinna,4,1,,hockeyarchives
liiga,2022/23,2023-01-20,JYP Jyväskylä,Lukko Rauma,1,2,,hockeyarchives
liiga,2022/23,2023-01-20,Pelicans Lahti,KooKoo Kouvola,3,1,,hockeyarchives
liiga,2022/23,2023-01-20,TPS Turku,Sport Vaasa,3,0,,hockeyarchives
liiga,2022/23,2023-01-20,Ässät Pori,Tappara Tampere,4,2,,hockeyarchives
liiga,2022/23,2023-01-21,HPK Hämeenlinna,Tappara Tampere,3,3,OT,hockeyarchives
liiga,2022/23,2023-01-21,Jukurit Mikkeli,HPK Hämeenlinna,1,3,,hockeyarchives
liiga,2022/23,2023-01-21,KalPa Kuopio,Pelicans Lahti,5,3,,hockeyarchives
liiga,2022/23,2023-01-21,KooKoo Kouvola,Ilves Tampere,0,4,,hockeyarchives
liiga,2022/23,2023-01-21,Kärpät Oulu,HIFK Helsinki,1,2,,hockeyarchives
liiga,2022/23,2023-01-21,Lukko Rauma,Ässät Pori,1,1,SO,hockeyarchives
liiga,2022/23,2023-01-21,SaiPa Lappeenranta,Jukurit Mikkeli,1,2,,hockeyarchives
liiga,2022/23,2023-01-24,HIFK Helsinki,Ässät Pori,3,0,,hockeyarchives
liiga,2022/23,2023-01-24,Kärpät Oulu,Lukko Rauma,3,1,,hockeyarchives
liiga,2022/23,2023-01-24,Pelicans Lahti,Tappara Tampere,0,5,,hockeyarchives
liiga,2022/23,2023-01-24,Sport Vaasa,Pelicans Lahti,5,2,,hockeyarchives
liiga,2022/23,2023-01-24,TPS Turku,JYP Jyväskylä,3,1,,hockeyarchives
liiga,2022/23,2023-01-25,HPK Hämeenlinna,TPS Turku,1,1,SO,hockeyarchives
liiga,2022/23,2023-01-25,Ilves Tampere,SaiPa Lappeenranta,5,0,,hockeyarchives
liiga,2022/23,2023-01-25,SaiPa Lappeenranta,Kärpät Oulu,2,8,,hockeyarchives
liiga,2022/23,2023-01-26,HIFK Helsinki,KooKoo Kouvola,1,1,SO,hockeyarchives
liiga,2022/23,2023-01-26,KalPa Kuopio,Jukurit Mikkeli,6,3,,hockeyarchives
liiga,2022/23,2023-01-27,JYP Jyväskylä,Sport Vaasa,4,0,,hockeyarchives
liiga,2022/23,2023-01-27,Kärpät Oulu,Tappara Tampere,4,2,,hockeyarchives
liiga,2022/23,2023-01-27,Lukko Rauma,HPK Hämeenlinna,2,2,SO,hockeyarchives
liiga,2022/23,2023-01-27,Tappara Tampere,Ilves Tampere,3,4,,hockeyarchives
liiga,2022/23,2023-01-28,Jukurit Mikkeli,KalPa Kuopio,2,4,,hockeyarchives
liiga,2022/23,2023-01-28,KooKoo Kouvola,SaiPa Lappeenranta,1,1,SO,hockeyarchives
liiga,2022/23,2023-01-28,KooKoo Kouvola,Ässät Pori,0,3,,hockeyarchives
liiga,2022/23,2023-01-28,Pelicans Lahti,JYP Jyväskylä,3,1,,hockeyarchives
liiga,2022/23,2023-01-28,Sport Vaasa,HIFK Helsinki,1,3,,hockeyarchives
liiga,2022/23,2023-01-28,TPS Turku,Lukko Rauma,1,3,,hockeyarchives
liiga,2022/23,2023-01-28,Ässät Pori,Ilves Tampere,2,0,,hockeyarchives
liiga,2022/23,2023-01-31,HIFK Helsinki,Pelicans Lahti,2,2,OT,hockeyarchives
liiga,2022/23,2023-01-31,Sport Vaasa,SaiPa Lappeenranta,5,2,,hockeyarchives
liiga,2022/23,2023-01-31,Tappara Tampere,KalPa Kuopio,4,1,,hockeyarchives
liiga,2022/23,2023-02-01,Ilves Tampere,TPS Turku,0,2,,hockeyarchives
liiga,2022/23,2023-02-01,Jukurit Mikkeli,Ässät Pori,1,2,,hockeyarchives
liiga,2022/23,2023-02-01,Kärpät Oulu,JYP Jyväskylä,4,0,,hockeyarchives
liiga,2022/23,2023-02-01,Lukko Rauma,HIFK Helsinki,0,3,,hockeyarchives
liiga,2022/23,2023-02-02,Jukurit Mikkeli,Kärpät Oulu,1,2,,hockeyarchives
liiga,2022/23,2023-02-03,HIFK Helsinki,Tappara Tampere,4,1,,hockeyarchives
liiga,2022/23,2023-02-03,HPK Hämeenlinna,Ilves Tampere,4,2,,hockeyarchives
liiga,2022/23,2023-02-03,JYP Jyväskylä,KalPa Kuopio,4,5,,hockeyarchives
liiga,2022/23,2023-02-03,Pelicans Lahti,SaiPa Lappeenranta,7,2,,hockeyarchives
liiga,2022/23,2023-02-03,TPS Turku,KooKoo Kouvola,1,1,SO,hockeyarchives
liiga,2022/23,2023-02-03,Tappara Tampere,Sport Vaasa,4,3,,hockeyarchives
liiga,2022/23,2023-02-04,Ilves Tampere,Jukurit Mikkeli,1,3,,hockeyarchives
liiga,2022/23,2023-02-04,KalPa Kuopio,JYP Jyväskylä,6,3,,hockeyarchives
liiga,2022/23,2023-02-04,KooKoo Kouvola,Kärpät Oulu,4,2,,hockeyarchives
liiga,2022/23,2023-02-04,Lukko Rauma,TPS Turku,6,3,,hockeyarchives
liiga,2022/23,2023-02-04,SaiPa Lappeenranta,Pelicans Lahti,0,3,,hockeyarchives
liiga,2022/23,2023-02-04,Tappara Tampere,Lukko Rauma,2,5,,hockeyarchives
liiga,2022/23,2023-02-04,Ässät Pori,HPK Hämeenlinna,1,4,,hockeyarchives
liiga,2022/23,2023-02-06,Jukurit Mikkeli,TPS Turku,3,3,OT,hockeyarchives
liiga,2022/23,2023-02-08,HPK Hämeenlinna,HIFK Helsinki,2,2,SO,hockeyarchives
liiga,2022/23,2023-02-08,JYP Jyväskylä,SaiPa Lappeenranta,5,4,,hockeyarchives
liiga,2022/23,2023-02-08,KalPa Kuopio,Ilves Tampere,3,4,,hockeyarchives
liiga,2022/23,2023-02-08,KooKoo Kouvola,Lukko Rauma,1,3,,hockeyarchives
liiga,2022/23,2023-02-08,Kärpät Oulu,Sport Vaasa,3,2,,hockeyarchives
liiga,2022/23,2023-02-08,Sport Vaasa,Jukurit Mikkeli,1,1,OT,hockeyarchives
liiga,2022/23,2023-02-08,Tappara Tampere,Ässät Pori,6,2,,hockeyarchives
liiga,2022/23,2023-02-10,Ilves Tampere,Kärpät Oulu,2,1,,hockeyarchives
liiga,2022/23,2023-02-10,KalPa Kuopio,HIFK Helsinki,3,2,,hockeyarchives
liiga,2022/23,2023-02-10,KooKoo Kouvola,Tappara Tampere,1,1,OT,hockeyarchives
liiga,2022/23,2023-02-10,Pelicans Lahti,HPK Hämeenlinna,4,2,,hockeyarchives
liiga,2022/23,2023-02-10,SaiPa Lappeenranta,TPS Turku,2,2,OT,hockeyarchives
liiga,2022/23,2023-02-10,Tappara Tampere,JYP Jyväskylä,3,3,OT,hockeyarchives
liiga,2022/23,2023-02-10,Ässät Pori,Lukko Rauma,2,2,OT,hockeyarchives
liiga,2022/23,2023-02-11,Ilves Tampere,Sport Vaasa,5,1,,hockeyarchives
liiga,2022/23,2023-02-13,Pelicans Lahti,Lukko Rauma,5,3,,hockeyarchives
liiga,2022/23,2023-02-14,Sport Vaasa,JYP Jyväskylä,0,3,,hockeyarchives
liiga,2022/23,2023-02-14,Tappara Tampere,SaiPa Lappeenranta,8,0,,hockeyarchives
liiga,2022/23,2023-02-15,HPK Hämeenlinna,Ässät Pori,4,4,SO,hockeyarchives
liiga,2022/23,2023-02-15,Ilves Tampere,HIFK Helsinki,3,2,,hockeyarchives
liiga,2022/23,2023-02-15,KooKoo Kouvola,Jukurit Mikkeli,2,5,,hockeyarchives
liiga,2022/23,2023-02-15,Lukko Rauma,Tappara Tampere,1,2,,hockeyarchives
liiga,2022/23,2023-02-15,TPS Turku,Kärpät Oulu,0,1,,hockeyarchives
liiga,2022/23,2023-02-16,Kärpät Oulu,HPK Hämeenlinna,5,5,OT,hockeyarchives
liiga,2022/23,2023-02-17,HIFK Helsinki,SaiPa Lappeenranta,9,5,,hockeyarchives
liiga,2022/23,2023-02-17,JYP Jyväskylä,Jukurit Mikkeli,1,1,SO,hockeyarchives
liiga,2022/23,2023-02-17,Pelicans Lahti,KooKoo Kouvola,3,3,SO,hockeyarchives
liiga,2022/23,2023-02-17,Sport Vaasa,KalPa Kuopio,0,1,,hockeyarchives
liiga,2022/23,2023-02-17,Ässät Pori,KalPa Kuopio,1,3,,hockeyarchives
liiga,2022/23,2023-02-18,Ilves Tampere,JYP Jyväskylä,2,0,,hockeyarchives
liiga,2022/23,2023-02-18,Jukurit Mikkeli,HIFK Helsinki,2,7,,hockeyarchives
liiga,2022/23,2023-02-18,KooKoo Kouvola,Pelicans Lahti,2,1,,hockeyarchives
liiga,2022/23,2023-02-18,Kärpät Oulu,HPK Hämeenlinna,3,0,,hockeyarchives
liiga,2022/23,2023-02-18,SaiPa Lappeenranta,Ilves Tampere,2,7,,hockeyarchives
liiga,2022/23,2023-02-18,TPS Turku,Ässät Pori,2,1,,hockeyarchives
liiga,2022/23,2023-02-21,HIFK Helsinki,Sport Vaasa,5,3,,hockeyarchives
liiga,2022/23,2023-02-21,Jukurit Mikkeli,Pelicans Lahti,1,3,,hockeyarchives
liiga,2022/23,2023-02-21,Kärpät Oulu,KooKoo Kouvola,5,5,OT,hockeyarchives
liiga,2022/23,2023-02-22,HPK Hämeenlinna,Lukko Rauma,4,1,,hockeyarchives
liiga,2022/23,2023-02-22,Pelicans Lahti,TPS Turku,4,0,,hockeyarchives
liiga,2022/23,2023-02-22,SaiPa Lappeenranta,Ässät Pori,3,4,,hockeyarchives
liiga,2022/23,2023-02-22,Tappara Tampere,HIFK Helsinki,8,2,,hockeyarchives
liiga,2022/23,2023-02-23,Sport Vaasa,Lukko Rauma,2,2,SO,hockeyarchives
liiga,2022/23,2023-02-24,Ilves Tampere,KooKoo Kouvola,2,2,OT,hockeyarchives
liiga,2022/23,2023-02-24,Ilves Tampere,Tappara Tampere,0,2,,hockeyarchives
liiga,2022/23,2023-02-24,KalPa Kuopio,Kärpät Oulu,3,3,OT,hockeyarchives
liiga,2022/23,2023-02-24,KooKoo Kouvola,HIFK Helsinki,4,4,OT,hockeyarchives
liiga,2022/23,2023-02-24,TPS Turku,SaiPa Lappeenranta,3,4,,hockeyarchives
liiga,2022/23,2023-02-24,Ässät Pori,Jukurit Mikkeli,2,1,,hockeyarchives
liiga,2022/23,2023-02-25,HPK Hämeenlinna,Jukurit Mikkeli,3,6,,hockeyarchives
liiga,2022/23,2023-02-25,JYP Jyväskylä,Pelicans Lahti,4,4,OT,hockeyarchives
liiga,2022/23,2023-02-25,KalPa Kuopio,Kärpät Oulu,5,2,,hockeyarchives
liiga,2022/23,2023-02-25,Lukko Rauma,SaiPa Lappeenranta,1,0,,hockeyarchives
liiga,2022/23,2023-02-25,Tappara Tampere,Sport Vaasa,6,1,,hockeyarchives
liiga,2022/23,2023-02-25,Ässät Pori,TPS Turku,0,5,,hockeyarchives
liiga,2022/23,2023-02-26,Tappara Tampere,KooKoo Kouvola,0,4,,hockeyarchives
liiga,2022/23,2023-02-28,Sport Vaasa,Ilves Tampere,0,8,,hockeyarchives
liiga,2022/23,2023-02-28,TPS Turku,HPK Hämeenlinna,3,3,SO,hockeyarchives
liiga,2022/23,2023-03-01,HIFK Helsinki,HPK Hämeenlinna,2,1,,hockeyarchives
liiga,2022/23,2023-03-01,Pelicans Lahti,Kärpät Oulu,0,3,,hockeyarchives
liiga,2022/23,2023-03-01,SaiPa Lappeenranta,KalPa Kuopio,0,3,,hockeyarchives
liiga,2022/23,2023-03-01,TPS Turku,Tappara Tampere,2,3,,hockeyarchives
liiga,2022/23,2023-03-01,Ässät Pori,JYP Jyväskylä,3,2,,hockeyarchives
liiga,2022/23,2023-03-02,Ilves Tampere,Lukko Rauma,4,1,,hockeyarchives
liiga,2022/23,2023-03-03,HIFK Helsinki,Kärpät Oulu,2,0,,hockeyarchives
liiga,2022/23,2023-03-03,JYP Jyväskylä,KalPa Kuopio,4,1,,hockeyarchives
liiga,2022/23,2023-03-03,Jukurit Mikkeli,JYP Jyväskylä,3,1,,hockeyarchives
liiga,2022/23,2023-03-03,Jukurit Mikkeli,Tappara Tampere,3,4,,hockeyarchives
liiga,2022/23,2023-03-03,KooKoo Kouvola,Sport Vaasa,1,0,,hockeyarchives
liiga,2022/23,2023-03-04,HPK Hämeenlinna,KooKoo Kouvola,5,1,,hockeyarchives
liiga,2022/23,2023-03-04,KalPa Kuopio,TPS Turku,3,3,SO,hockeyarchives
liiga,2022/23,2023-03-04,KalPa Kuopio,Tappara Tampere,3,0,,hockeyarchives
liiga,2022/23,2023-03-04,Kärpät Oulu,HIFK Helsinki,3,4,,hockeyarchives
liiga,2022/23,2023-03-04,Lukko Rauma,Ässät Pori,1,2,,hockeyarchives
liiga,2022/23,2023-03-04,Pelicans Lahti,Ilves Tampere,2,4,,hockeyarchives
liiga,2022/23,2023-03-04,SaiPa Lappeenranta,Sport Vaasa,3,1,,hockeyarchives
liiga,2022/23,2023-03-07,Sport Vaasa,Tappara Tampere,1,4,,hockeyarchives
liiga,2022/23,2023-03-08,JYP Jyväskylä,KooKoo Kouvola,3,1,,hockeyarchives
liiga,2022/23,2023-03-08,Kärpät Oulu,Ilves Tampere,2,2,OT,hockeyarchives
liiga,2022/23,2023-03-08,Lukko Rauma,Jukurit Mikkeli,1,2,,hockeyarchives
liiga,2022/23,2023-03-08,SaiPa Lappeenranta,HIFK Helsinki,3,3,SO,hockeyarchives
liiga,2022/23,2023-03-08,Ässät Pori,Pelicans Lahti,2,2,OT,hockeyarchives
liiga,2022/23,2023-03-09,Sport Vaasa,Ässät Pori,3,0,,hockeyarchives
liiga,2022/23,2023-03-10,HIFK Helsinki,TPS Turku,0,2,,hockeyarchives
liiga,2022/23,2023-03-10,HPK Hämeenlinna,JYP Jyväskylä,4,2,,hockeyarchives
liiga,2022/23,2023-03-10,Ilves Tampere,HPK Hämeenlinna,2,2,OT,hockeyarchives
liiga,2022/23,2023-03-10,KooKoo Kouvola,SaiPa Lappeenranta,3,3,OT,hockeyarchives
liiga,2022/23,2023-03-10,Pelicans Lahti,KalPa Kuopio,6,2,,hockeyarchives
liiga,2022/23,2023-03-10,Tappara Tampere,Ilves Tampere,5,3,,hockeyarchives
liiga,2022/23,2023-03-11,JYP Jyväskylä,HIFK Helsinki,4,4,OT,hockeyarchives
liiga,2022/23,2023-03-11,KalPa Kuopio,Lukko Rauma,3,1,,hockeyarchives
liiga,2022/23,2023-03-11,Kärpät Oulu,Jukurit Mikkeli,2,6,,hockeyarchives
liiga,2022/23,2023-03-11,SaiPa Lappeenranta,Pelicans Lahti,3,4,,hockeyarchives
liiga,2022/23,2023-03-11,TPS Turku,KooKoo Kouvola,3,7,,hockeyarchives
liiga,2022/23,2023-03-11,Ässät Pori,Sport Vaasa,4,2,,hockeyarchives
liiga,2022/23,2023-03-16,KooKoo Kouvola,Kärpät Oulu,4,1,,hockeyarchives
liiga,2022/23,2023-03-16,Kärpät Oulu,KooKoo Kouvola,0,5,,hockeyarchives
liiga,2022/23,2023-03-16,TPS Turku,Ässät Pori,2,1,,hockeyarchives
liiga,2022/23,2023-03-16,Ässät Pori,TPS Turku,2,1,,hockeyarchives
liiga,2022/23,2023-03-28,HIFK Helsinki,Lukko Rauma,2,2,OT,hockeyarchives
liiga,2022/23,2023-03-28,Ilves Tampere,Ässät Pori,3,2,,hockeyarchives
liiga,2022/23,2023-03-28,KalPa Kuopio,Pelicans Lahti,5,1,,hockeyarchives
liiga,2022/23,2023-03-28,KooKoo Kouvola,Tappara Tampere,0,3,,hockeyarchives
liiga,2022/23,2023-03-28,Lukko Rauma,HIFK Helsinki,2,1,,hockeyarchives
liiga,2022/23,2023-03-28,Pelicans Lahti,KalPa Kuopio,4,2,,hockeyarchives
liiga,2022/23,2023-03-28,Tappara Tampere,KooKoo Kouvola,1,1,OT,hockeyarchives
liiga,2022/23,2023-03-28,Ässät Pori,Ilves Tampere,1,4,,hockeyarchives
liiga,2022/23,2023-04-10,HIFK Helsinki,Tappara Tampere,4,2,,hockeyarchives
liiga,2022/23,2023-04-10,Tappara Tampere,HIFK Helsinki,2,1,,hockeyarchives
liiga,2022/23,2023-04-13,Ilves Tampere,Pelicans Lahti,0,2,,hockeyarchives
liiga,2022/23,2023-04-13,Pelicans Lahti,Ilves Tampere,3,1,,hockeyarchives
liiga,2022/23,2023-04-20,Ilves Tampere,HIFK Helsinki,3,2,,hockeyarchives
liiga,2022/23,2023-04-27,Pelicans Lahti,Tappara Tampere,1,3,,hockeyarchives
liiga,2022/23,2023-04-27,Tappara Tampere,Pelicans Lahti,4,4,OT,hockeyarchives
liiga,2023/24,2023-09-12,Jukurit Mikkeli,KooKoo Kouvola,4,1,,hockeyarchives
liiga,2023/24,2023-09-12,Lukko Rauma,HPK Hämeenlinna,1,2,,hockeyarchives
liiga,2023/24,2023-09-13,Ilves Tampere,Lukko Rauma,3,3,OT,hockeyarchives
liiga,2023/24,2023-09-13,JYP Jyväskylä,TPS Turku,2,2,OT,hockeyarchives
liiga,2023/24,2023-09-13,KalPa Kuopio,SaiPa Lappeenranta,3,3,SO,hockeyarchives
liiga,2023/24,2023-09-13,Kärpät Oulu,Sport Vaasa,1,1,OT,hockeyarchives
liiga,2023/24,2023-09-13,Tappara Tampere,Pelicans Lahti,4,0,,hockeyarchives
liiga,2023/24,2023-09-13,Ässät Pori,Ilves Tampere,3,4,,hockeyarchives
liiga,2023/24,2023-09-14,HPK Hämeenlinna,TPS Turku,1,5,,hockeyarchives
liiga,2023/24,2023-09-15,Ilves Tampere,HPK Hämeenlinna,6,3,,hockeyarchives
liiga,2023/24,2023-09-15,SaiPa Lappeenranta,KooKoo Kouvola,3,3,OT,hockeyarchives
liiga,2023/24,2023-09-15,Sport Vaasa,Ässät Pori,4,1,,hockeyarchives
liiga,2023/24,2023-09-15,Tappara Tampere,HIFK Helsinki,4,3,,hockeyarchives
liiga,2023/24,2023-09-16,HIFK Helsinki,KooKoo Kouvola,3,0,,hockeyarchives
liiga,2023/24,2023-09-16,Jukurit Mikkeli,JYP Jyväskylä,3,3,OT,hockeyarchives
liiga,2023/24,2023-09-16,KooKoo Kouvola,SaiPa Lappeenranta,3,5,,hockeyarchives
liiga,2023/24,2023-09-16,Lukko Rauma,HIFK Helsinki,4,4,OT,hockeyarchives
liiga,2023/24,2023-09-16,Pelicans Lahti,Kärpät Oulu,4,1,,hockeyarchives
liiga,2023/24,2023-09-16,TPS Turku,Sport Vaasa,3,2,,hockeyarchives
liiga,2023/24,2023-09-16,Ässät Pori,KalPa Kuopio,6,0,,hockeyarchives
liiga,2023/24,2023-09-20,HPK Hämeenlinna,Jukurit Mikkeli,1,4,,hockeyarchives
liiga,2023/24,2023-09-20,JYP Jyväskylä,Tappara Tampere,0,4,,hockeyarchives
liiga,2023/24,2023-09-20,Jukurit Mikkeli,Ässät Pori,2,2,SO,hockeyarchives
liiga,2023/24,2023-09-20,KalPa Kuopio,Pelicans Lahti,5,2,,hockeyarchives
liiga,2023/24,2023-09-20,Kärpät Oulu,TPS Turku,2,2,SO,hockeyarchives
liiga,2023/24,2023-09-20,Lukko Rauma,Ilves Tampere,2,4,,hockeyarchives
liiga,2023/24,2023-09-20,SaiPa Lappeenranta,Ässät Pori,1,2,,hockeyarchives
liiga,2023/24,2023-09-21,HPK Hämeenlinna,HIFK Helsinki,1,2,,hockeyarchives
liiga,2023/24,2023-09-22,Ilves Tampere,Pelicans Lahti,1,3,,hockeyarchives
liiga,2023/24,2023-09-22,JYP Jyväskylä,KooKoo Kouvola,3,0,,hockeyarchives
liiga,2023/24,2023-09-22,KalPa Kuopio,Lukko Rauma,2,0,,hockeyarchives
liiga,2023/24,2023-09-22,KooKoo Kouvola,Sport Vaasa,3,1,,hockeyarchives
liiga,2023/24,2023-09-23,Ilves Tampere,KalPa Kuopio,1,2,,hockeyarchives
liiga,2023/24,2023-09-23,Kärpät Oulu,Lukko Rauma,2,3,,hockeyarchives
liiga,2023/24,2023-09-23,Pelicans Lahti,Jukurit Mikkeli,0,4,,hockeyarchives
liiga,2023/24,2023-09-23,SaiPa Lappeenranta,Sport Vaasa,3,3,OT,hockeyarchives
liiga,2023/24,2023-09-23,TPS Turku,Ilves Tampere,3,0,,hockeyarchives
liiga,2023/24,2023-09-23,Tappara Tampere,KalPa Kuopio,5,4,,hockeyarchives
liiga,2023/24,2023-09-23,Ässät Pori,HPK Hämeenlinna,1,0,,hockeyarchives
liiga,2023/24,2023-09-26,HIFK Helsinki,Jukurit Mikkeli,3,3,SO,hockeyarchives
liiga,2023/24,2023-09-27,HPK Hämeenlinna,JYP Jyväskylä,3,3,OT,hockeyarchives
liiga,2023/24,2023-09-27,KooKoo Kouvola,Tappara Tampere,3,3,OT,hockeyarchives
liiga,2023/24,2023-09-27,Lukko Rauma,Pelicans Lahti,4,0,,hockeyarchives
liiga,2023/24,2023-09-27,Sport Vaasa,Kärpät Oulu,1,2,,hockeyarchives
liiga,2023/24,2023-09-27,Tappara Tampere,Ilves Tampere,3,5,,hockeyarchives
liiga,2023/24,2023-09-28,Ilves Tampere,HIFK Helsinki,2,2,SO,hockeyarchives
liiga,2023/24,2023-09-29,HIFK Helsinki,Pelicans Lahti,1,1,SO,hockeyarchives
liiga,2023/24,2023-09-29,KalPa Kuopio,JYP Jyväskylä,3,3,SO,hockeyarchives
liiga,2023/24,2023-09-29,KooKoo Kouvola,Lukko Rauma,4,5,,hockeyarchives
liiga,2023/24,2023-09-29,Kärpät Oulu,SaiPa Lappeenranta,4,2,,hockeyarchives
liiga,2023/24,2023-09-29,Pelicans Lahti,Sport Vaasa,2,4,,hockeyarchives
liiga,2023/24,2023-09-29,TPS Turku,Ässät Pori,2,2,OT,hockeyarchives
liiga,2023/24,2023-09-30,JYP Jyväskylä,SaiPa Lappeenranta,7,3,,hockeyarchives
liiga,2023/24,2023-09-30,Lukko Rauma,KalPa Kuopio,2,1,,hockeyarchives
liiga,2023/24,2023-09-30,Lukko Rauma,Tappara Tampere,1,2,,hockeyarchives
liiga,2023/24,2023-09-30,Sport Vaasa,Jukurit Mikkeli,0,3,,hockeyarchives
liiga,2023/24,2023-09-30,Tappara Tampere,HPK Hämeenlinna,6,1,,hockeyarchives
liiga,2023/24,2023-09-30,Ässät Pori,TPS Turku,3,1,,hockeyarchives
liiga,2023/24,2023-10-03,JYP Jyväskylä,Ässät Pori,1,4,,hockeyarchives
liiga,2023/24,2023-10-04,Kärpät Oulu,Ilves Tampere,3,6,,hockeyarchives
liiga,2023/24,2023-10-04,Pelicans Lahti,KooKoo Kouvola,3,4,,hockeyarchives
liiga,2023/24,2023-10-04,Sport Vaasa,HIFK Helsinki,1,4,,hockeyarchives
liiga,2023/24,2023-10-04,TPS Turku,HPK Hämeenlinna,2,5,,hockeyarchives
liiga,2023/24,2023-10-05,KalPa Kuopio,Sport Vaasa,3,3,OT,hockeyarchives
liiga,2023/24,2023-10-05,SaiPa Lappeenranta,Lukko Rauma,1,2,,hockeyarchives
liiga,2023/24,2023-10-06,HIFK Helsinki,Ässät Pori,2,2,SO,hockeyarchives
liiga,2023/24,2023-10-06,KooKoo Kouvola,HPK Hämeenlinna,2,4,,hockeyarchives
liiga,2023/24,2023-10-06,TPS Turku,Pelicans Lahti,4,4,OT,hockeyarchives
liiga,2023/24,2023-10-06,Tappara Tampere,Jukurit Mikkeli,3,2,,hockeyarchives
liiga,2023/24,2023-10-07,HPK Hämeenlinna,HIFK Helsinki,1,1,OT,hockeyarchives
liiga,2023/24,2023-10-07,HPK Hämeenlinna,SaiPa Lappeenranta,5,1,,hockeyarchives
liiga,2023/24,2023-10-07,Ilves Tampere,KooKoo Kouvola,4,2,,hockeyarchives
liiga,2023/24,2023-10-07,JYP Jyväskylä,Kärpät Oulu,2,3,,hockeyarchives
liiga,2023/24,2023-10-07,Jukurit Mikkeli,Sport Vaasa,2,4,,hockeyarchives
liiga,2023/24,2023-10-07,Lukko Rauma,TPS Turku,3,0,,hockeyarchives
liiga,2023/24,2023-10-07,Pelicans Lahti,Tappara Tampere,4,4,OT,hockeyarchives
liiga,2023/24,2023-10-11,HIFK Helsinki,Kärpät Oulu,5,3,,hockeyarchives
liiga,2023/24,2023-10-11,SaiPa Lappeenranta,Kärpät Oulu,2,5,,hockeyarchives
liiga,2023/24,2023-10-11,TPS Turku,KalPa Kuopio,2,2,SO,hockeyarchives
liiga,2023/24,2023-10-11,Ässät Pori,KooKoo Kouvola,3,3,SO,hockeyarchives
liiga,2023/24,2023-10-12,Jukurit Mikkeli,HPK Hämeenlinna,3,3,OT,hockeyarchives
liiga,2023/24,2023-10-13,HPK Hämeenlinna,Ässät Pori,3,1,,hockeyarchives
liiga,2023/24,2023-10-13,KooKoo Kouvola,TPS Turku,4,2,,hockeyarchives
liiga,2023/24,2023-10-13,Lukko Rauma,JYP Jyväskylä,1,3,,hockeyarchives
liiga,2023/24,2023-10-13,Sport Vaasa,Tappara Tampere,2,3,,hockeyarchives
liiga,2023/24,2023-10-13,Ässät Pori,Ilves Tampere,2,2,SO,hockeyarchives
liiga,2023/24,2023-10-14,JYP Jyväskylä,Jukurit Mikkeli,2,1,,hockeyarchives
liiga,2023/24,2023-10-14,KalPa Kuopio,HIFK Helsinki,3,6,,hockeyarchives
liiga,2023/24,2023-10-14,KooKoo Kouvola,KalPa Kuopio,2,0,,hockeyarchives
liiga,2023/24,2023-10-14,Kärpät Oulu,Pelicans Lahti,3,2,,hockeyarchives
liiga,2023/24,2023-10-14,SaiPa Lappeenranta,Ilves Tampere,2,2,SO,hockeyarchives
liiga,2023/24,2023-10-14,TPS Turku,Lukko Rauma,0,4,,hockeyarchives
liiga,2023/24,2023-10-14,Tappara Tampere,KooKoo Kouvola,1,1,SO,hockeyarchives
liiga,2023/24,2023-10-18,Kärpät Oulu,Jukurit Mikkeli,5,1,,hockeyarchives
liiga,2023/24,2023-10-19,KalPa Kuopio,HPK Hämeenlinna,3,0,,hockeyarchives
liiga,2023/24,2023-10-19,Ässät Pori,HIFK Helsinki,4,3,,hockeyarchives
liiga,2023/24,2023-10-20,HPK Hämeenlinna,Pelicans Lahti,1,3,,hockeyarchives
liiga,2023/24,2023-10-20,KooKoo Kouvola,JYP Jyväskylä,6,3,,hockeyarchives
liiga,2023/24,2023-10-20,Pelicans Lahti,Lukko Rauma,6,3,,hockeyarchives
liiga,2023/24,2023-10-20,TPS Turku,HIFK Helsinki,1,3,,hockeyarchives
liiga,2023/24,2023-10-20,Tappara Tampere,SaiPa Lappeenranta,6,1,,hockeyarchives
liiga,2023/24,2023-10-21,JYP Jyväskylä,Ilves Tampere,1,2,,hockeyarchives
liiga,2023/24,2023-10-21,Kärpät Oulu,Tappara Tampere,1,4,,hockeyarchives
liiga,2023/24,2023-10-21,Lukko Rauma,Jukurit Mikkeli,1,6,,hockeyarchives
liiga,2023/24,2023-10-21,SaiPa Lappeenranta,TPS Turku,3,1,,hockeyarchives
liiga,2023/24,2023-10-21,Sport Vaasa,KalPa Kuopio,7,2,,hockeyarchives
liiga,2023/24,2023-10-22,Ilves Tampere,Sport Vaasa,2,4,,hockeyarchives
liiga,2023/24,2023-10-22,Jukurit Mikkeli,Pelicans Lahti,1,4,,hockeyarchives
liiga,2023/24,2023-10-24,HIFK Helsinki,SaiPa Lappeenranta,0,0,OT,hockeyarchives
liiga,2023/24,2023-10-25,KooKoo Kouvola,Ilves Tampere,0,4,,hockeyarchives
liiga,2023/24,2023-10-25,Pelicans Lahti,TPS Turku,2,2,SO,hockeyarchives
liiga,2023/24,2023-10-25,Sport Vaasa,Lukko Rauma,4,1,,hockeyarchives
liiga,2023/24,2023-10-25,TPS Turku,Kärpät Oulu,0,0,OT,hockeyarchives
liiga,2023/24,2023-10-25,Tappara Tampere,Ässät Pori,2,6,,hockeyarchives
liiga,2023/24,2023-10-26,Ilves Tampere,Tappara Tampere,4,3,,hockeyarchives
liiga,2023/24,2023-10-27,HIFK Helsinki,Ilves Tampere,2,5,,hockeyarchives
liiga,2023/24,2023-10-27,JYP Jyväskylä,HIFK Helsinki,4,2,,hockeyarchives
liiga,2023/24,2023-10-27,Jukurit Mikkeli,KalPa Kuopio,3,2,,hockeyarchives
liiga,2023/24,2023-10-27,Kärpät Oulu,HPK Hämeenlinna,8,1,,hockeyarchives
liiga,2023/24,2023-10-28,KalPa Kuopio,Jukurit Mikkeli,4,1,,hockeyarchives
liiga,2023/24,2023-10-28,Kärpät Oulu,HPK Hämeenlinna,2,0,,hockeyarchives
liiga,2023/24,2023-10-28,Lukko Rauma,Ässät Pori,2,0,,hockeyarchives
liiga,2023/24,2023-10-28,Pelicans Lahti,KalPa Kuopio,1,2,,hockeyarchives
liiga,2023/24,2023-10-28,SaiPa Lappeenranta,KooKoo Kouvola,6,6,SO,hockeyarchives
liiga,2023/24,2023-10-28,Sport Vaasa,Pelicans Lahti,5,1,,hockeyarchives
liiga,2023/24,2023-10-28,Tappara Tampere,JYP Jyväskylä,3,4,,hockeyarchives
liiga,2023/24,2023-10-31,HPK Hämeenlinna,Kärpät Oulu,1,4,,hockeyarchives
liiga,2023/24,2023-10-31,SaiPa Lappeenranta,JYP Jyväskylä,3,9,,hockeyarchives
liiga,2023/24,2023-11-01,HIFK Helsinki,HPK Hämeenlinna,3,0,,hockeyarchives
liiga,2023/24,2023-11-01,Jukurit Mikkeli,TPS Turku,6,2,,hockeyarchives
liiga,2023/24,2023-11-01,KalPa Kuopio,Ilves Tampere,1,2,,hockeyarchives
liiga,2023/24,2023-11-01,Tappara Tampere,Lukko Rauma,6,3,,hockeyarchives
liiga,2023/24,2023-11-01,Ässät Pori,KooKoo Kouvola,1,1,OT,hockeyarchives
liiga,2023/24,2023-11-02,Ilves Tampere,Kärpät Oulu,0,4,,hockeyarchives
liiga,2023/24,2023-11-02,JYP Jyväskylä,Sport Vaasa,3,2,,hockeyarchives
liiga,2023/24,2023-11-02,Lukko Rauma,KooKoo Kouvola,4,4,OT,hockeyarchives
liiga,2023/24,2023-11-02,Pelicans Lahti,SaiPa Lappeenranta,3,3,SO,hockeyarchives
liiga,2023/24,2023-11-03,HPK Hämeenlinna,Lukko Rauma,4,3,,hockeyarchives
liiga,2023/24,2023-11-03,TPS Turku,Tappara Tampere,2,2,SO,hockeyarchives
liiga,2023/24,2023-11-04,HIFK Helsinki,JYP Jyväskylä,5,4,,hockeyarchives
liiga,2023/24,2023-11-04,JYP Jyväskylä,Pelicans Lahti,1,4,,hockeyarchives
liiga,2023/24,2023-11-04,Jukurit Mikkeli,Kärpät Oulu,2,0,,hockeyarchives
liiga,2023/24,2023-11-04,KalPa Kuopio,Ässät Pori,4,1,,hockeyarchives
liiga,2023/24,2023-11-04,KooKoo Kouvola,HIFK Helsinki,0,1,,hockeyarchives
liiga,2023/24,2023-11-04,SaiPa Lappeenranta,Tappara Tampere,1,4,,hockeyarchives
liiga,2023/24,2023-11-04,Sport Vaasa,Ilves Tampere,2,6,,hockeyarchives
liiga,2023/24,2023-11-15,HPK Hämeenlinna,KalPa Kuopio,2,3,,hockeyarchives
liiga,2023/24,2023-11-15,JYP Jyväskylä,Jukurit Mikkeli,1,3,,hockeyarchives
liiga,2023/24,2023-11-15,Kärpät Oulu,KooKoo Kouvola,3,1,,hockeyarchives
liiga,2023/24,2023-11-15,TPS Turku,SaiPa Lappeenranta,9,1,,hockeyarchives
liiga,2023/24,2023-11-15,Ässät Pori,Sport Vaasa,2,2,OT,hockeyarchives
liiga,2023/24,2023-11-16,KalPa Kuopio,Kärpät Oulu,5,2,,hockeyarchives
liiga,2023/24,2023-11-17,HIFK Helsinki,Tappara Tampere,2,2,OT,hockeyarchives
liiga,2023/24,2023-11-17,Pelicans Lahti,Ässät Pori,3,2,,hockeyarchives
liiga,2023/24,2023-11-17,SaiPa Lappeenranta,HIFK Helsinki,3,5,,hockeyarchives
liiga,2023/24,2023-11-17,Sport Vaasa,TPS Turku,4,2,,hockeyarchives
liiga,2023/24,2023-11-18,HPK Hämeenlinna,Sport Vaasa,3,1,,hockeyarchives
liiga,2023/24,2023-11-18,Ilves Tampere,SaiPa Lappeenranta,5,2,,hockeyarchives
liiga,2023/24,2023-11-18,Jukurit Mikkeli,Lukko Rauma,2,3,,hockeyarchives
liiga,2023/24,2023-11-18,KalPa Kuopio,Kärpät Oulu,2,1,,hockeyarchives
liiga,2023/24,2023-11-18,KooKoo Kouvola,Pelicans Lahti,4,0,,hockeyarchives
liiga,2023/24,2023-11-18,Sport Vaasa,KooKoo Kouvola,4,4,SO,hockeyarchives
liiga,2023/24,2023-11-18,Ässät Pori,TPS Turku,1,2,,hockeyarchives
liiga,2023/24,2023-11-22,Ilves Tampere,Jukurit Mikkeli,6,5,,hockeyarchives
liiga,2023/24,2023-11-22,TPS Turku,Jukurit Mikkeli,0,4,,hockeyarchives
liiga,2023/24,2023-11-23,HIFK Helsinki,TPS Turku,3,3,SO,hockeyarchives
liiga,2023/24,2023-11-23,KalPa Kuopio,JYP Jyväskylä,0,1,,hockeyarchives
liiga,2023/24,2023-11-23,Kärpät Oulu,Ässät Pori,1,1,SO,hockeyarchives
liiga,2023/24,2023-11-23,Pelicans Lahti,HPK Hämeenlinna,2,1,,hockeyarchives
liiga,2023/24,2023-11-24,JYP Jyväskylä,KalPa Kuopio,6,5,,hockeyarchives
liiga,2023/24,2023-11-24,Lukko Rauma,SaiPa Lappeenranta,1,1,SO,hockeyarchives
liiga,2023/24,2023-11-24,Pelicans Lahti,HIFK Helsinki,5,3,,hockeyarchives
liiga,2023/24,2023-11-24,Sport Vaasa,Tappara Tampere,0,3,,hockeyarchives
liiga,2023/24,2023-11-25,HPK Hämeenlinna,KooKoo Kouvola,4,2,,hockeyarchives
liiga,2023/24,2023-11-25,Ilves Tampere,JYP Jyväskylä,5,1,,hockeyarchives
liiga,2023/24,2023-11-25,Jukurit Mikkeli,Ilves Tampere,2,3,,hockeyarchives
liiga,2023/24,2023-11-25,Kärpät Oulu,Sport Vaasa,5,2,,hockeyarchives
liiga,2023/24,2023-11-25,Tappara Tampere,TPS Turku,2,2,SO,hockeyarchives
liiga,2023/24,2023-11-28,Jukurit Mikkeli,HIFK Helsinki,5,3,,hockeyarchives
liiga,2023/24,2023-11-28,SaiPa Lappeenranta,Pelicans Lahti,2,3,,hockeyarchives
liiga,2023/24,2023-11-28,TPS Turku,HPK Hämeenlinna,1,4,,hockeyarchives
liiga,2023/24,2023-11-29,HPK Hämeenlinna,Ilves Tampere,2,3,,hockeyarchives
liiga,2023/24,2023-11-29,KalPa Kuopio,Pelicans Lahti,3,3,SO,hockeyarchives
liiga,2023/24,2023-11-29,KooKoo Kouvola,Ässät Pori,1,2,,hockeyarchives
liiga,2023/24,2023-11-29,Lukko Rauma,Sport Vaasa,3,3,OT,hockeyarchives
liiga,2023/24,2023-11-29,Tappara Tampere,Kärpät Oulu,4,1,,hockeyarchives
liiga,2023/24,2023-11-30,HIFK Helsinki,Kärpät Oulu,3,3,OT,hockeyarchives
liiga,2023/24,2023-12-01,Ilves Tampere,TPS Turku,2,2,SO,hockeyarchives
liiga,2023/24,2023-12-01,Jukurit Mikkeli,KalPa Kuopio,3,1,,hockeyarchives
liiga,2023/24,2023-12-01,KalPa Kuopio,Tappara Tampere,5,1,,hockeyarchives
liiga,2023/24,2023-12-01,KooKoo Kouvola,Jukurit Mikkeli,4,0,,hockeyarchives
liiga,2023/24,2023-12-01,Sport Vaasa,SaiPa Lappeenranta,3,1,,hockeyarchives
liiga,2023/24,2023-12-01,Ässät Pori,Lukko Rauma,2,1,,hockeyarchives
liiga,2023/24,2023-12-02,HIFK Helsinki,KalPa Kuopio,6,1,,hockeyarchives
liiga,2023/24,2023-12-02,Kärpät Oulu,HIFK Helsinki,0,7,,hockeyarchives
liiga,2023/24,2023-12-02,Lukko Rauma,TPS Turku,4,1,,hockeyarchives
liiga,2023/24,2023-12-02,Pelicans Lahti,JYP Jyväskylä,2,1,,hockeyarchives
liiga,2023/24,2023-12-02,Tappara Tampere,Sport Vaasa,5,0,,hockeyarchives
liiga,2023/24,2023-12-02,Ässät Pori,SaiPa Lappeenranta,6,2,,hockeyarchives
liiga,2023/24,2023-12-08,HPK Hämeenlinna,Tappara Tampere,2,5,,hockeyarchives
liiga,2023/24,2023-12-08,Ilves Tampere,Tappara Tampere,3,5,,hockeyarchives
liiga,2023/24,2023-12-08,JYP Jyväskylä,HPK Hämeenlinna,1,4,,hockeyarchives
liiga,2023/24,2023-12-08,Jukurit Mikkeli,SaiPa Lappeenranta,2,2,OT,hockeyarchives
liiga,2023/24,2023-12-08,KooKoo Kouvola,Pelicans Lahti,0,0,SO,hockeyarchives
liiga,2023/24,2023-12-08,TPS Turku,Lukko Rauma,4,0,,hockeyarchives
liiga,2023/24,2023-12-08,Ässät Pori,Kärpät Oulu,0,1,,hockeyarchives
liiga,2023/24,2023-12-09,KalPa Kuopio,KooKoo Kouvola,4,3,,hockeyarchives
liiga,2023/24,2023-12-09,Lukko Rauma,Kärpät Oulu,6,3,,hockeyarchives
liiga,2023/24,2023-12-09,Pelicans Lahti,Ilves Tampere,3,5,,hockeyarchives
liiga,2023/24,2023-12-09,SaiPa Lappeenranta,Jukurit Mikkeli,4,5,,hockeyarchives
liiga,2023/24,2023-12-09,Sport Vaasa,JYP Jyväskylä,2,3,,hockeyarchives
liiga,2023/24,2023-12-09,TPS Turku,Ässät Pori,4,1,,hockeyarchives
liiga,2023/24,2023-12-09,Ässät Pori,JYP Jyväskylä,1,1,OT,hockeyarchives
liiga,2023/24,2023-12-13,HIFK Helsinki,Sport Vaasa,1,3,,hockeyarchives
liiga,2023/24,2023-12-13,Ilves Tampere,Sport Vaasa,4,1,,hockeyarchives
liiga,2023/24,2023-12-15,HPK Hämeenlinna,Jukurit Mikkeli,3,2,,hockeyarchives
liiga,2023/24,2023-12-15,Jukurit Mikkeli,Tappara Tampere,4,5,,hockeyarchives
liiga,2023/24,2023-12-15,KalPa Kuopio,TPS Turku,1,0,,hockeyarchives
liiga,2023/24,2023-12-15,KooKoo Kouvola,Kärpät Oulu,4,2,,hockeyarchives
liiga,2023/24,2023-12-15,Lukko Rauma,JYP Jyväskylä,3,1,,hockeyarchives
liiga,2023/24,2023-12-15,SaiPa Lappeenranta,HPK Hämeenlinna,1,1,OT,hockeyarchives
liiga,2023/24,2023-12-15,Ässät Pori,Pelicans Lahti,0,2,,hockeyarchives
liiga,2023/24,2023-12-19,HIFK Helsinki,Lukko Rauma,1,2,,hockeyarchives
liiga,2023/24,2023-12-19,JYP Jyväskylä,Ässät Pori,2,2,SO,hockeyarchives
liiga,2023/24,2023-12-19,Lukko Rauma,Ilves Tampere,3,2,,hockeyarchives
liiga,2023/24,2023-12-19,Pelicans Lahti,HIFK Helsinki,0,0,OT,hockeyarchives
liiga,2023/24,2023-12-19,Sport Vaasa,Kärpät Oulu,3,2,,hockeyarchives
liiga,2023/24,2023-12-19,TPS Turku,KalPa Kuopio,3,3,SO,hockeyarchives
liiga,2023/24,2023-12-19,Tappara Tampere,KooKoo Kouvola,3,2,,hockeyarchives
liiga,2023/24,2023-12-20,Ilves Tampere,Ässät Pori,1,1,OT,hockeyarchives
liiga,2023/24,2023-12-21,Jukurit Mikkeli,JYP Jyväskylä,4,0,,hockeyarchives
liiga,2023/24,2023-12-21,Jukurit Mikkeli,Pelicans Lahti,4,1,,hockeyarchives
liiga,2023/24,2023-12-21,Kärpät Oulu,Pelicans Lahti,2,2,OT,hockeyarchives
liiga,2023/24,2023-12-21,SaiPa Lappeenranta,KalPa Kuopio,0,7,,hockeyarchives
liiga,2023/24,2023-12-21,Sport Vaasa,HPK Hämeenlinna,0,0,SO,hockeyarchives
liiga,2023/24,2023-12-21,TPS Turku,KooKoo Kouvola,2,2,OT,hockeyarchives
liiga,2023/24,2023-12-26,HIFK Helsinki,HPK Hämeenlinna,4,1,,hockeyarchives
liiga,2023/24,2023-12-26,Ilves Tampere,TPS Turku,3,3,OT,hockeyarchives
liiga,2023/24,2023-12-26,Jukurit Mikkeli,KooKoo Kouvola,6,4,,hockeyarchives
liiga,2023/24,2023-12-26,KooKoo Kouvola,SaiPa Lappeenranta,4,4,SO,hockeyarchives
liiga,2023/24,2023-12-26,Kärpät Oulu,JYP Jyväskylä,4,4,OT,hockeyarchives
liiga,2023/24,2023-12-26,Sport Vaasa,Lukko Rauma,1,0,,hockeyarchives
liiga,2023/24,2023-12-26,Ässät Pori,Tappara Tampere,2,2,SO,hockeyarchives
liiga,2023/24,2023-12-28,JYP Jyväskylä,HPK Hämeenlinna,3,4,,hockeyarchives
liiga,2023/24,2023-12-28,Kärpät Oulu,Tappara Tampere,5,2,,hockeyarchives
liiga,2023/24,2023-12-28,Lukko Rauma,HIFK Helsinki,4,2,,hockeyarchives
liiga,2023/24,2023-12-28,Pelicans Lahti,Ässät Pori,5,2,,hockeyarchives
liiga,2023/24,2023-12-28,SaiPa Lappeenranta,Ilves Tampere,0,3,,hockeyarchives
liiga,2023/24,2023-12-28,TPS Turku,Kärpät Oulu,3,5,,hockeyarchives
liiga,2023/24,2023-12-28,Tappara Tampere,Sport Vaasa,2,3,,hockeyarchives
liiga,2023/24,2023-12-30,HIFK Helsinki,Sport Vaasa,4,1,,hockeyarchives
liiga,2023/24,2023-12-30,HPK Hämeenlinna,SaiPa Lappeenranta,2,2,OT,hockeyarchives
liiga,2023/24,2023-12-30,Ilves Tampere,HPK Hämeenlinna,2,3,,hockeyarchives
liiga,2023/24,2023-12-30,Ilves Tampere,KooKoo Kouvola,0,4,,hockeyarchives
liiga,2023/24,2023-12-30,Lukko Rauma,Pelicans Lahti,3,4,,hockeyarchives
liiga,2023/24,2023-12-30,TPS Turku,JYP Jyväskylä,1,1,OT,hockeyarchives
liiga,2023/24,2023-12-30,Ässät Pori,Jukurit Mikkeli,3,2,,hockeyarchives
liiga,2023/24,2024-01-03,HPK Hämeenlinna,Ässät Pori,3,0,,hockeyarchives
liiga,2023/24,2024-01-03,JYP Jyväskylä,Kärpät Oulu,3,6,,hockeyarchives
liiga,2023/24,2024-01-03,Jukurit Mikkeli,TPS Turku,4,0,,hockeyarchives
liiga,2023/24,2024-01-03,KooKoo Kouvola,Lukko Rauma,4,4,OT,hockeyarchives
liiga,2023/24,2024-01-03,SaiPa Lappeenranta,HIFK Helsinki,1,5,,hockeyarchives
liiga,2023/24,2024-01-04,JYP Jyväskylä,KalPa Kuopio,1,5,,hockeyarchives
liiga,2023/24,2024-01-05,HIFK Helsinki,Jukurit Mikkeli,3,3,OT,hockeyarchives
liiga,2023/24,2024-01-05,Jukurit Mikkeli,Ilves Tampere,4,2,,hockeyarchives
liiga,2023/24,2024-01-05,KooKoo Kouvola,HIFK Helsinki,3,2,,hockeyarchives
liiga,2023/24,2024-01-05,TPS Turku,SaiPa Lappeenranta,4,1,,hockeyarchives
liiga,2023/24,2024-01-05,Tappara Tampere,Sport Vaasa,3,0,,hockeyarchives
liiga,2023/24,2024-01-05,Ässät Pori,Kärpät Oulu,1,3,,hockeyarchives
liiga,2023/24,2024-01-06,Ilves Tampere,JYP Jyväskylä,2,1,,hockeyarchives
liiga,2023/24,2024-01-06,Ilves Tampere,Lukko Rauma,2,2,OT,hockeyarchives
liiga,2023/24,2024-01-06,KalPa Kuopio,HPK Hämeenlinna,5,1,,hockeyarchives
liiga,2023/24,2024-01-06,Lukko Rauma,Kärpät Oulu,3,2,,hockeyarchives
liiga,2023/24,2024-01-06,Pelicans Lahti,KooKoo Kouvola,6,2,,hockeyarchives
liiga,2023/24,2024-01-06,Sport Vaasa,TPS Turku,4,5,,hockeyarchives
liiga,2023/24,2024-01-10,Kärpät Oulu,Jukurit Mikkeli,1,3,,hockeyarchives
liiga,2023/24,2024-01-10,Pelicans Lahti,SaiPa Lappeenranta,5,1,,hockeyarchives
liiga,2023/24,2024-01-10,Sport Vaasa,KalPa Kuopio,6,4,,hockeyarchives
liiga,2023/24,2024-01-10,TPS Turku,KooKoo Kouvola,2,1,,hockeyarchives
liiga,2023/24,2024-01-10,Ässät Pori,HIFK Helsinki,0,0,OT,hockeyarchives
liiga,2023/24,2024-01-11,HPK Hämeenlinna,Sport Vaasa,1,4,,hockeyarchives
liiga,2023/24,2024-01-12,Ilves Tampere,Pelicans Lahti,3,5,,hockeyarchives
liiga,2023/24,2024-01-12,JYP Jyväskylä,HIFK Helsinki,0,3,,hockeyarchives
liiga,2023/24,2024-01-12,Jukurit Mikkeli,JYP Jyväskylä,6,0,,hockeyarchives
liiga,2023/24,2024-01-12,KalPa Kuopio,SaiPa Lappeenranta,6,1,,hockeyarchives
liiga,2023/24,2024-01-12,Lukko Rauma,Tappara Tampere,2,2,OT,hockeyarchives
liiga,2023/24,2024-01-13,HIFK Helsinki,SaiPa Lappeenranta,2,2,OT,hockeyarchives
liiga,2023/24,2024-01-13,KooKoo Kouvola,HPK Hämeenlinna,4,0,,hockeyarchives
liiga,2023/24,2024-01-13,Kärpät Oulu,HIFK Helsinki,2,2,SO,hockeyarchives
liiga,2023/24,2024-01-13,SaiPa Lappeenranta,Pelicans Lahti,2,3,,hockeyarchives
liiga,2023/24,2024-01-13,Sport Vaasa,Ilves Tampere,2,3,,hockeyarchives
liiga,2023/24,2024-01-13,TPS Turku,Ässät Pori,2,5,,hockeyarchives
liiga,2023/24,2024-01-17,KooKoo Kouvola,JYP Jyväskylä,3,4,,hockeyarchives
liiga,2023/24,2024-01-17,Pelicans Lahti,TPS Turku,7,2,,hockeyarchives
liiga,2023/24,2024-01-17,Tappara Tampere,JYP Jyväskylä,1,2,,hockeyarchives
liiga,2023/24,2024-01-17,Ässät Pori,Sport Vaasa,4,1,,hockeyarchives
liiga,2023/24,2024-01-18,HIFK Helsinki,Ässät Pori,5,4,,hockeyarchives
liiga,2023/24,2024-01-18,Lukko Rauma,Jukurit Mikkeli,0,5,,hockeyarchives
liiga,2023/24,2024-01-19,HPK Hämeenlinna,Kärpät Oulu,1,2,,hockeyarchives
liiga,2023/24,2024-01-19,KalPa Kuopio,Tappara Tampere,1,5,,hockeyarchives
liiga,2023/24,2024-01-19,Sport Vaasa,SaiPa Lappeenranta,4,4,SO,hockeyarchives
liiga,2023/24,2024-01-19,TPS Turku,Lukko Rauma,4,1,,hockeyarchives
liiga,2023/24,2024-01-20,HPK Hämeenlinna,Kärpät Oulu,2,2,SO,hockeyarchives
liiga,2023/24,2024-01-20,Ilves Tampere,HIFK Helsinki,3,1,,hockeyarchives
liiga,2023/24,2024-01-20,JYP Jyväskylä,SaiPa Lappeenranta,1,2,,hockeyarchives
liiga,2023/24,2024-01-20,Jukurit Mikkeli,Sport Vaasa,4,1,,hockeyarchives
liiga,2023/24,2024-01-20,KooKoo Kouvola,KalPa Kuopio,3,1,,hockeyarchives
liiga,2023/24,2024-01-20,Pelicans Lahti,Tappara Tampere,4,2,,hockeyarchives
liiga,2023/24,2024-01-20,Tappara Tampere,Jukurit Mikkeli,2,2,OT,hockeyarchives
liiga,2023/24,2024-01-23,HIFK Helsinki,Lukko Rauma,2,2,SO,hockeyarchives
liiga,2023/24,2024-01-23,TPS Turku,Sport Vaasa,0,0,SO,hockeyarchives
liiga,2023/24,2024-01-24,JYP Jyväskylä,KooKoo Kouvola,4,4,OT,hockeyarchives
liiga,2023/24,2024-01-24,KalPa Kuopio,Ilves Tampere,2,6,,hockeyarchives
liiga,2023/24,2024-01-24,SaiPa Lappeenranta,Kärpät Oulu,2,5,,hockeyarchives
liiga,2023/24,2024-01-24,TPS Turku,HIFK Helsinki,3,1,,hockeyarchives
liiga,2023/24,2024-01-24,Ässät Pori,Pelicans Lahti,2,1,,hockeyarchives
liiga,2023/24,2024-01-25,KalPa Kuopio,Jukurit Mikkeli,2,4,,hockeyarchives
liiga,2023/24,2024-01-26,HIFK Helsinki,Tappara Tampere,2,2,OT,hockeyarchives
liiga,2023/24,2024-01-26,KooKoo Kouvola,SaiPa Lappeenranta,1,2,,hockeyarchives
liiga,2023/24,2024-01-26,Lukko Rauma,Ässät Pori,3,0,,hockeyarchives
liiga,2023/24,2024-01-26,Pelicans Lahti,HPK Hämeenlinna,4,0,,hockeyarchives
liiga,2023/24,2024-01-26,Sport Vaasa,JYP Jyväskylä,5,6,,hockeyarchives
liiga,2023/24,2024-01-26,Tappara Tampere,Ilves Tampere,2,5,,hockeyarchives
liiga,2023/24,2024-01-27,HPK Hämeenlinna,Ilves Tampere,2,2,OT,hockeyarchives
liiga,2023/24,2024-01-27,Ilves Tampere,Sport Vaasa,0,2,,hockeyarchives
liiga,2023/24,2024-01-27,JYP Jyväskylä,Pelicans Lahti,2,1,,hockeyarchives
liiga,2023/24,2024-01-27,Jukurit Mikkeli,KalPa Kuopio,1,0,,hockeyarchives
liiga,2023/24,2024-01-27,Kärpät Oulu,TPS Turku,4,3,,hockeyarchives
liiga,2023/24,2024-01-27,SaiPa Lappeenranta,KooKoo Kouvola,3,3,OT,hockeyarchives
liiga,2023/24,2024-01-27,Ässät Pori,Lukko Rauma,2,1,,hockeyarchives
liiga,2023/24,2024-01-30,KalPa Kuopio,JYP Jyväskylä,3,2,,hockeyarchives
liiga,2023/24,2024-01-30,Kärpät Oulu,Lukko Rauma,1,1,SO,hockeyarchives
liiga,2023/24,2024-01-30,SaiPa Lappeenranta,Pelicans Lahti,1,8,,hockeyarchives
liiga,2023/24,2024-01-30,Ässät Pori,Jukurit Mikkeli,2,5,,hockeyarchives
liiga,2023/24,2024-01-31,Jukurit Mikkeli,HPK Hämeenlinna,7,1,,hockeyarchives
liiga,2023/24,2024-01-31,KooKoo Kouvola,Ilves Tampere,3,5,,hockeyarchives
liiga,2023/24,2024-01-31,Tappara Tampere,TPS Turku,3,0,,hockeyarchives
liiga,2023/24,2024-02-01,Pelicans Lahti,KooKoo Kouvola,7,3,,hockeyarchives
liiga,2023/24,2024-02-01,SaiPa Lappeenranta,KalPa Kuopio,1,2,,hockeyarchives
liiga,2023/24,2024-02-02,HPK Hämeenlinna,Tappara Tampere,2,4,,hockeyarchives
liiga,2023/24,2024-02-02,Ilves Tampere,Kärpät Oulu,3,3,OT,hockeyarchives
liiga,2023/24,2024-02-02,Ässät Pori,Tappara Tampere,3,4,,hockeyarchives
liiga,2023/24,2024-02-03,HIFK Helsinki,JYP Jyväskylä,5,2,,hockeyarchives
liiga,2023/24,2024-02-03,JYP Jyväskylä,TPS Turku,3,3,OT,hockeyarchives
liiga,2023/24,2024-02-03,KalPa Kuopio,HIFK Helsinki,4,2,,hockeyarchives
liiga,2023/24,2024-02-03,KooKoo Kouvola,Jukurit Mikkeli,5,2,,hockeyarchives
liiga,2023/24,2024-02-03,Kärpät Oulu,Ilves Tampere,1,4,,hockeyarchives
liiga,2023/24,2024-02-03,Lukko Rauma,SaiPa Lappeenranta,3,3,OT,hockeyarchives
liiga,2023/24,2024-02-03,Sport Vaasa,Pelicans Lahti,2,2,SO,hockeyarchives
liiga,2023/24,2024-02-07,HPK Hämeenlinna,TPS Turku,2,5,,hockeyarchives
liiga,2023/24,2024-02-07,Jukurit Mikkeli,Tappara Tampere,4,1,,hockeyarchives
liiga,2023/24,2024-02-07,Kärpät Oulu,JYP Jyväskylä,4,4,SO,hockeyarchives
liiga,2023/24,2024-02-07,Kärpät Oulu,Ässät Pori,2,1,,hockeyarchives
liiga,2023/24,2024-02-07,Lukko Rauma,KooKoo Kouvola,1,6,,hockeyarchives
liiga,2023/24,2024-02-07,Pelicans Lahti,KalPa Kuopio,3,0,,hockeyarchives
liiga,2023/24,2024-02-07,SaiPa Lappeenranta,Sport Vaasa,2,2,SO,hockeyarchives
liiga,2023/24,2024-02-09,HPK Hämeenlinna,HIFK Helsinki,2,5,,hockeyarchives
liiga,2023/24,2024-02-09,HPK Hämeenlinna,Lukko Rauma,1,5,,hockeyarchives
liiga,2023/24,2024-02-09,KalPa Kuopio,Ässät Pori,2,4,,hockeyarchives
liiga,2023/24,2024-02-09,KooKoo Kouvola,Sport Vaasa,3,0,,hockeyarchives
liiga,2023/24,2024-02-09,Pelicans Lahti,Ilves Tampere,1,7,,hockeyarchives
liiga,2023/24,2024-02-09,SaiPa Lappeenranta,Tappara Tampere,0,1,,hockeyarchives
liiga,2023/24,2024-02-09,TPS Turku,Jukurit Mikkeli,5,3,,hockeyarchives
liiga,2023/24,2024-02-10,Ilves Tampere,Jukurit Mikkeli,2,2,SO,hockeyarchives
liiga,2023/24,2024-02-13,HIFK Helsinki,Ilves Tampere,3,0,,hockeyarchives
liiga,2023/24,2024-02-13,JYP Jyväskylä,Lukko Rauma,5,5,SO,hockeyarchives
liiga,2023/24,2024-02-13,Ässät Pori,SaiPa Lappeenranta,2,2,SO,hockeyarchives
liiga,2023/24,2024-02-14,KalPa Kuopio,Lukko Rauma,5,2,,hockeyarchives
liiga,2023/24,2024-02-14,KooKoo Kouvola,TPS Turku,3,1,,hockeyarchives
liiga,2023/24,2024-02-14,Sport Vaasa,Jukurit Mikkeli,5,3,,hockeyarchives
liiga,2023/24,2024-02-14,Tappara Tampere,SaiPa Lappeenranta,5,2,,hockeyarchives
liiga,2023/24,2024-02-15,Jukurit Mikkeli,HIFK Helsinki,2,6,,hockeyarchives
liiga,2023/24,2024-02-15,Ässät Pori,HPK Hämeenlinna,3,0,,hockeyarchives
liiga,2023/24,2024-02-16,HPK Hämeenlinna,KooKoo Kouvola,1,1,SO,hockeyarchives
liiga,2023/24,2024-02-16,JYP Jyväskylä,Tappara Tampere,1,4,,hockeyarchives
liiga,2023/24,2024-02-16,Kärpät Oulu,KalPa Kuopio,2,2,OT,hockeyarchives
liiga,2023/24,2024-02-16,Pelicans Lahti,Sport Vaasa,2,2,OT,hockeyarchives
liiga,2023/24,2024-02-17,JYP Jyväskylä,KalPa Kuopio,2,3,,hockeyarchives
liiga,2023/24,2024-02-17,Kärpät Oulu,KalPa Kuopio,5,2,,hockeyarchives
liiga,2023/24,2024-02-17,Lukko Rauma,Ässät Pori,3,1,,hockeyarchives
liiga,2023/24,2024-02-17,SaiPa Lappeenranta,JYP Jyväskylä,1,4,,hockeyarchives
liiga,2023/24,2024-02-17,Sport Vaasa,Ilves Tampere,2,5,,hockeyarchives
liiga,2023/24,2024-02-17,TPS Turku,Pelicans Lahti,1,3,,hockeyarchives
liiga,2023/24,2024-02-17,Tappara Tampere,HIFK Helsinki,4,3,,hockeyarchives
liiga,2023/24,2024-02-21,Kärpät Oulu,HPK Hämeenlinna,1,0,,hockeyarchives
liiga,2023/24,2024-02-21,Pelicans Lahti,Jukurit Mikkeli,5,3,,hockeyarchives
liiga,2023/24,2024-02-21,SaiPa Lappeenranta,TPS Turku,0,6,,hockeyarchives
liiga,2023/24,2024-02-21,Sport Vaasa,KooKoo Kouvola,4,4,SO,hockeyarchives
liiga,2023/24,2024-02-21,Ässät Pori,KalPa Kuopio,3,3,SO,hockeyarchives
liiga,2023/24,2024-02-22,Ilves Tampere,SaiPa Lappeenranta,5,2,,hockeyarchives
liiga,2023/24,2024-02-23,HIFK Helsinki,KooKoo Kouvola,2,1,,hockeyarchives
liiga,2023/24,2024-02-23,HPK Hämeenlinna,Pelicans Lahti,1,3,,hockeyarchives
liiga,2023/24,2024-02-23,Jukurit Mikkeli,Lukko Rauma,2,3,,hockeyarchives
liiga,2023/24,2024-02-23,Pelicans Lahti,Kärpät Oulu,2,2,OT,hockeyarchives
liiga,2023/24,2024-02-23,Sport Vaasa,Tappara Tampere,6,5,,hockeyarchives
liiga,2023/24,2024-02-23,TPS Turku,JYP Jyväskylä,2,2,OT,hockeyarchives
liiga,2023/24,2024-02-24,JYP Jyväskylä,Jukurit Mikkeli,3,6,,hockeyarchives
liiga,2023/24,2024-02-24,KalPa Kuopio,Sport Vaasa,1,1,OT,hockeyarchives
liiga,2023/24,2024-02-24,KooKoo Kouvola,Kärpät Oulu,3,6,,hockeyarchives
liiga,2023/24,2024-02-24,SaiPa Lappeenranta,Lukko Rauma,2,2,SO,hockeyarchives
liiga,2023/24,2024-02-24,Tappara Tampere,Ässät Pori,5,4,,hockeyarchives
liiga,2023/24,2024-02-24,Ässät Pori,TPS Turku,1,4,,hockeyarchives
liiga,2023/24,2024-02-25,Ilves Tampere,Ässät Pori,3,3,OT,hockeyarchives
liiga,2023/24,2024-02-27,HIFK Helsinki,Pelicans Lahti,6,1,,hockeyarchives
liiga,2023/24,2024-02-28,KalPa Kuopio,TPS Turku,9,1,,hockeyarchives
liiga,2023/24,2024-02-28,KooKoo Kouvola,Tappara Tampere,2,2,OT,hockeyarchives
liiga,2023/24,2024-02-28,Kärpät Oulu,SaiPa Lappeenranta,5,1,,hockeyarchives
liiga,2023/24,2024-02-28,Lukko Rauma,HPK Hämeenlinna,3,0,,hockeyarchives
liiga,2023/24,2024-02-28,Tappara Tampere,Pelicans Lahti,2,1,,hockeyarchives
liiga,2023/24,2024-02-29,JYP Jyväskylä,Ilves Tampere,0,3,,hockeyarchives
liiga,2023/24,2024-03-01,HIFK Helsinki,Kärpät Oulu,3,1,,hockeyarchives
liiga,2023/24,2024-03-01,Lukko Rauma,KalPa Kuopio,3,2,,hockeyarchives
liiga,2023/24,2024-03-01,SaiPa Lappeenranta,Jukurit Mikkeli,2,2,SO,hockeyarchives
liiga,2023/24,2024-03-01,Sport Vaasa,HPK Hämeenlinna,4,3,,hockeyarchives
liiga,2023/24,2024-03-01,TPS Turku,Tappara Tampere,0,4,,hockeyarchives
liiga,2023/24,2024-03-02,HPK Hämeenlinna,JYP Jyväskylä,4,2,,hockeyarchives
liiga,2023/24,2024-03-02,Ilves Tampere,KalPa Kuopio,2,2,OT,hockeyarchives
liiga,2023/24,2024-03-02,JYP Jyväskylä,Sport Vaasa,2,3,,hockeyarchives
liiga,2023/24,2024-03-02,Jukurit Mikkeli,SaiPa Lappeenranta,5,0,,hockeyarchives
liiga,2023/24,2024-03-02,KooKoo Kouvola,Ässät Pori,4,1,,hockeyarchives
liiga,2023/24,2024-03-02,Kärpät Oulu,HIFK Helsinki,3,0,,hockeyarchives
liiga,2023/24,2024-03-02,Pelicans Lahti,Lukko Rauma,3,1,,hockeyarchives
liiga,2023/24,2024-03-05,HIFK Helsinki,HPK Hämeenlinna,4,1,,hockeyarchives
liiga,2023/24,2024-03-05,SaiPa Lappeenranta,Ässät Pori,0,3,,hockeyarchives
liiga,2023/24,2024-03-05,Tappara Tampere,Lukko Rauma,5,3,,hockeyarchives
liiga,2023/24,2024-03-06,Jukurit Mikkeli,Ässät Pori,4,1,,hockeyarchives
liiga,2023/24,2024-03-06,KalPa Kuopio,KooKoo Kouvola,3,2,,hockeyarchives
liiga,2023/24,2024-03-06,Kärpät Oulu,KooKoo Kouvola,6,2,,hockeyarchives
liiga,2023/24,2024-03-07,HIFK Helsinki,TPS Turku,2,2,SO,hockeyarchives
liiga,2023/24,2024-03-07,Lukko Rauma,Sport Vaasa,3,3,OT,hockeyarchives
liiga,2023/24,2024-03-08,HPK Hämeenlinna,KalPa Kuopio,2,2,OT,hockeyarchives
liiga,2023/24,2024-03-08,Ilves Tampere,Tappara Tampere,2,1,,hockeyarchives
liiga,2023/24,2024-03-08,Pelicans Lahti,JYP Jyväskylä,3,0,,hockeyarchives
liiga,2023/24,2024-03-08,Tappara Tampere,Kärpät Oulu,3,1,,hockeyarchives
liiga,2023/24,2024-03-09,HIFK Helsinki,KalPa Kuopio,0,3,,hockeyarchives
liiga,2023/24,2024-03-09,KalPa Kuopio,Jukurit Mikkeli,2,2,OT,hockeyarchives
liiga,2023/24,2024-03-09,KooKoo Kouvola,Pelicans Lahti,3,6,,hockeyarchives
liiga,2023/24,2024-03-09,Lukko Rauma,TPS Turku,1,2,,hockeyarchives
liiga,2023/24,2024-03-09,SaiPa Lappeenranta,HPK Hämeenlinna,7,0,,hockeyarchives
liiga,2023/24,2024-03-09,Sport Vaasa,HIFK Helsinki,1,4,,hockeyarchives
liiga,2023/24,2024-03-09,Ässät Pori,JYP Jyväskylä,4,1,,hockeyarchives
liiga,2023/24,2024-03-12,JYP Jyväskylä,Lukko Rauma,4,4,SO,hockeyarchives
liiga,2023/24,2024-03-12,Jukurit Mikkeli,Kärpät Oulu,2,3,,hockeyarchives
liiga,2023/24,2024-03-12,Pelicans Lahti,SaiPa Lappeenranta,3,0,,hockeyarchives
liiga,2023/24,2024-03-12,Sport Vaasa,Ässät Pori,3,2,,hockeyarchives
liiga,2023/24,2024-03-12,TPS Turku,Ilves Tampere,1,6,,hockeyarchives
liiga,2023/24,2024-03-12,Tappara Tampere,HPK Hämeenlinna,3,1,,hockeyarchives
liiga,2023/24,2024-03-18,KalPa Kuopio,Sport Vaasa,4,1,,hockeyarchives
liiga,2023/24,2024-03-18,Lukko Rauma,TPS Turku,3,5,,hockeyarchives
liiga,2023/24,2024-03-18,Sport Vaasa,KalPa Kuopio,2,4,,hockeyarchives
liiga,2023/24,2024-03-18,TPS Turku,Lukko Rauma,2,1,,hockeyarchives
liiga,2023/24,2024-04-02,HIFK Helsinki,Pelicans Lahti,1,1,OT,hockeyarchives
liiga,2023/24,2024-04-02,Ilves Tampere,KalPa Kuopio,2,4,,hockeyarchives
liiga,2023/24,2024-04-02,Jukurit Mikkeli,Kärpät Oulu,3,3,OT,hockeyarchives
liiga,2023/24,2024-04-02,KalPa Kuopio,Ilves Tampere,4,2,,hockeyarchives
liiga,2023/24,2024-04-02,Kärpät Oulu,Jukurit Mikkeli,2,3,,hockeyarchives
liiga,2023/24,2024-04-02,Pelicans Lahti,HIFK Helsinki,4,3,,hockeyarchives
liiga,2023/24,2024-04-02,TPS Turku,Tappara Tampere,4,4,OT,hockeyarchives
liiga,2023/24,2024-04-02,Tappara Tampere,TPS Turku,5,2,,hockeyarchives
liiga,2023/24,2024-04-17,KalPa Kuopio,Tappara Tampere,0,4,,hockeyarchives
liiga,2023/24,2024-04-17,Kärpät Oulu,Pelicans Lahti,1,0,,hockeyarchives
liiga,2023/24,2024-04-17,Pelicans Lahti,Kärpät Oulu,1,2,OT,hockeyarchives
liiga,2023/24,2024-04-17,Tappara Tampere,KalPa Kuopio,3,1,,hockeyarchives
liiga,2023/24,2024-04-19,Kärpät Oulu,KalPa Kuopio,2,2,OT,hockeyarchives
liiga,2023/24,2024-05-02,Pelicans Lahti,Tappara Tampere,3,3,OT,hockeyarchives
liiga,2023/24,2024-05-02,Tappara Tampere,Pelicans Lahti,3,0,,hockeyarchives
liiga,2024/25,2024-09-10,HIFK Helsinki,Kiekko-Espoo,5,2,,hockeyarchives
liiga,2024/25,2024-09-10,JYP Jyväskylä,Pelicans Lahti,3,3,SO,hockeyarchives
liiga,2024/25,2024-09-10,Jukurit Mikkeli,HPK Hämeenlinna,7,3,,hockeyarchives
liiga,2024/25,2024-09-10,KalPa Kuopio,SaiPa Lappeenranta,3,2,,hockeyarchives
liiga,2024/25,2024-09-10,KooKoo Kouvola,SaiPa Lappeenranta,1,2,,hockeyarchives
liiga,2024/25,2024-09-10,Lukko Rauma,KooKoo Kouvola,3,3,OT,hockeyarchives
liiga,2024/25,2024-09-10,Sport Vaasa,Kärpät Oulu,2,2,OT,hockeyarchives
liiga,2024/25,2024-09-10,Tappara Tampere,TPS Turku,2,2,SO,hockeyarchives
liiga,2024/25,2024-09-13,HPK Hämeenlinna,Sport Vaasa,2,2,SO,hockeyarchives
liiga,2024/25,2024-09-13,JYP Jyväskylä,KalPa Kuopio,3,2,,hockeyarchives
liiga,2024/25,2024-09-13,Kiekko-Espoo,HIFK Helsinki,2,3,,hockeyarchives
liiga,2024/25,2024-09-13,Kärpät Oulu,Jukurit Mikkeli,3,2,,hockeyarchives
liiga,2024/25,2024-09-13,Lukko Rauma,TPS Turku,2,2,OT,hockeyarchives
liiga,2024/25,2024-09-13,Sport Vaasa,Jukurit Mikkeli,4,1,,hockeyarchives
liiga,2024/25,2024-09-14,SaiPa Lappeenranta,KooKoo Kouvola,2,2,SO,hockeyarchives
liiga,2024/25,2024-09-14,TPS Turku,Kiekko-Espoo,2,2,SO,hockeyarchives
liiga,2024/25,2024-09-14,Tappara Tampere,SaiPa Lappeenranta,3,0,,hockeyarchives
liiga,2024/25,2024-09-14,Ässät Pori,HPK Hämeenlinna,2,0,,hockeyarchives
liiga,2024/25,2024-09-17,Ilves Tampere,TPS Turku,4,2,,hockeyarchives
liiga,2024/25,2024-09-18,HIFK Helsinki,HPK Hämeenlinna,6,2,,hockeyarchives
liiga,2024/25,2024-09-18,Jukurit Mikkeli,Kiekko-Espoo,4,6,,hockeyarchives
liiga,2024/25,2024-09-18,KooKoo Kouvola,KalPa Kuopio,3,4,,hockeyarchives
liiga,2024/25,2024-09-18,Lukko Rauma,Sport Vaasa,2,2,SO,hockeyarchives
liiga,2024/25,2024-09-18,Pelicans Lahti,Ässät Pori,2,5,,hockeyarchives
liiga,2024/25,2024-09-19,HPK Hämeenlinna,Ilves Tampere,0,4,,hockeyarchives
liiga,2024/25,2024-09-20,JYP Jyväskylä,Tappara Tampere,2,4,,hockeyarchives
liiga,2024/25,2024-09-20,Pelicans Lahti,Lukko Rauma,0,4,,hockeyarchives
liiga,2024/25,2024-09-20,SaiPa Lappeenranta,Kiekko-Espoo,4,1,,hockeyarchives
liiga,2024/25,2024-09-20,TPS Turku,Jukurit Mikkeli,3,2,,hockeyarchives
liiga,2024/25,2024-09-20,Tappara Tampere,HIFK Helsinki,1,4,,hockeyarchives
liiga,2024/25,2024-09-20,Ässät Pori,Kärpät Oulu,4,4,OT,hockeyarchives
liiga,2024/25,2024-09-21,HIFK Helsinki,SaiPa Lappeenranta,4,8,,hockeyarchives
liiga,2024/25,2024-09-21,Ilves Tampere,Pelicans Lahti,6,3,,hockeyarchives
liiga,2024/25,2024-09-21,KalPa Kuopio,TPS Turku,5,0,,hockeyarchives
liiga,2024/25,2024-09-21,Kiekko-Espoo,Jukurit Mikkeli,3,2,,hockeyarchives
liiga,2024/25,2024-09-21,Lukko Rauma,Kärpät Oulu,6,3,,hockeyarchives
liiga,2024/25,2024-09-21,Sport Vaasa,Ässät Pori,3,3,SO,hockeyarchives
liiga,2024/25,2024-09-21,Tappara Tampere,KalPa Kuopio,3,1,,hockeyarchives
liiga,2024/25,2024-09-24,Ilves Tampere,KooKoo Kouvola,5,2,,hockeyarchives
liiga,2024/25,2024-09-25,Jukurit Mikkeli,Ässät Pori,3,3,OT,hockeyarchives
liiga,2024/25,2024-09-25,KooKoo Kouvola,Sport Vaasa,3,2,,hockeyarchives
liiga,2024/25,2024-09-25,Kärpät Oulu,JYP Jyväskylä,4,2,,hockeyarchives
liiga,2024/25,2024-09-25,Sport Vaasa,Pelicans Lahti,3,1,,hockeyarchives
liiga,2024/25,2024-09-25,TPS Turku,HPK Hämeenlinna,5,5,SO,hockeyarchives
liiga,2024/25,2024-09-27,HPK Hämeenlinna,Kiekko-Espoo,5,2,,hockeyarchives
liiga,2024/25,2024-09-27,JYP Jyväskylä,HPK Hämeenlinna,2,1,,hockeyarchives
liiga,2024/25,2024-09-27,KalPa Kuopio,Jukurit Mikkeli,2,1,,hockeyarchives
liiga,2024/25,2024-09-27,Lukko Rauma,HIFK Helsinki,2,3,,hockeyarchives
liiga,2024/25,2024-09-27,Pelicans Lahti,Ilves Tampere,3,4,,hockeyarchives
liiga,2024/25,2024-09-27,Tappara Tampere,Kärpät Oulu,4,1,,hockeyarchives
liiga,2024/25,2024-09-27,Ässät Pori,TPS Turku,4,6,,hockeyarchives
liiga,2024/25,2024-09-28,HIFK Helsinki,Pelicans Lahti,2,5,,hockeyarchives
liiga,2024/25,2024-09-28,Ilves Tampere,Lukko Rauma,3,2,,hockeyarchives
liiga,2024/25,2024-09-28,Jukurit Mikkeli,KooKoo Kouvola,2,5,,hockeyarchives
liiga,2024/25,2024-09-28,Kiekko-Espoo,KalPa Kuopio,1,1,SO,hockeyarchives
liiga,2024/25,2024-09-28,Kärpät Oulu,Tappara Tampere,5,8,,hockeyarchives
liiga,2024/25,2024-09-28,Lukko Rauma,JYP Jyväskylä,4,2,,hockeyarchives
liiga,2024/25,2024-09-28,SaiPa Lappeenranta,Sport Vaasa,2,2,SO,hockeyarchives
liiga,2024/25,2024-09-28,TPS Turku,Ässät Pori,4,1,,hockeyarchives
liiga,2024/25,2024-10-01,Ilves Tampere,Sport Vaasa,7,2,,hockeyarchives
liiga,2024/25,2024-10-01,Kiekko-Espoo,SaiPa Lappeenranta,2,0,,hockeyarchives
liiga,2024/25,2024-10-01,Ässät Pori,Ilves Tampere,3,0,,hockeyarchives
liiga,2024/25,2024-10-02,HIFK Helsinki,KooKoo Kouvola,3,3,SO,hockeyarchives
liiga,2024/25,2024-10-02,HPK Hämeenlinna,Kärpät Oulu,3,3,OT,hockeyarchives
liiga,2024/25,2024-10-02,SaiPa Lappeenranta,Lukko Rauma,1,4,,hockeyarchives
liiga,2024/25,2024-10-03,Pelicans Lahti,Tappara Tampere,3,2,,hockeyarchives
liiga,2024/25,2024-10-04,HIFK Helsinki,Kärpät Oulu,3,3,SO,hockeyarchives
liiga,2024/25,2024-10-04,HPK Hämeenlinna,KooKoo Kouvola,4,3,,hockeyarchives
liiga,2024/25,2024-10-04,Ilves Tampere,Jukurit Mikkeli,4,1,,hockeyarchives
liiga,2024/25,2024-10-04,JYP Jyväskylä,Kiekko-Espoo,4,4,OT,hockeyarchives
liiga,2024/25,2024-10-04,KooKoo Kouvola,Lukko Rauma,2,1,,hockeyarchives
liiga,2024/25,2024-10-04,Ässät Pori,KalPa Kuopio,0,3,,hockeyarchives
liiga,2024/25,2024-10-05,Ilves Tampere,Ässät Pori,1,2,,hockeyarchives
liiga,2024/25,2024-10-05,Jukurit Mikkeli,Pelicans Lahti,1,4,,hockeyarchives
liiga,2024/25,2024-10-05,SaiPa Lappeenranta,HIFK Helsinki,0,2,,hockeyarchives
liiga,2024/25,2024-10-05,Sport Vaasa,KalPa Kuopio,2,4,,hockeyarchives
liiga,2024/25,2024-10-05,TPS Turku,Kärpät Oulu,2,4,,hockeyarchives
liiga,2024/25,2024-10-05,Tappara Tampere,JYP Jyväskylä,5,0,,hockeyarchives
liiga,2024/25,2024-10-06,Kärpät Oulu,Kiekko-Espoo,2,5,,hockeyarchives
liiga,2024/25,2024-10-09,HIFK Helsinki,Jukurit Mikkeli,2,1,,hockeyarchives
liiga,2024/25,2024-10-09,Ilves Tampere,Kärpät Oulu,3,3,OT,hockeyarchives
liiga,2024/25,2024-10-09,KooKoo Kouvola,Ässät Pori,3,3,SO,hockeyarchives
liiga,2024/25,2024-10-09,SaiPa Lappeenranta,TPS Turku,6,5,,hockeyarchives
liiga,2024/25,2024-10-09,Sport Vaasa,JYP Jyväskylä,3,1,,hockeyarchives
liiga,2024/25,2024-10-11,HPK Hämeenlinna,Pelicans Lahti,5,3,,hockeyarchives
liiga,2024/25,2024-10-11,Jukurit Mikkeli,HIFK Helsinki,2,4,,hockeyarchives
liiga,2024/25,2024-10-11,KalPa Kuopio,JYP Jyväskylä,3,4,,hockeyarchives
liiga,2024/25,2024-10-11,Kiekko-Espoo,Tappara Tampere,5,3,,hockeyarchives
liiga,2024/25,2024-10-11,Lukko Rauma,HPK Hämeenlinna,5,0,,hockeyarchives
liiga,2024/25,2024-10-11,Sport Vaasa,SaiPa Lappeenranta,2,3,,hockeyarchives
liiga,2024/25,2024-10-11,TPS Turku,KooKoo Kouvola,1,1,OT,hockeyarchives
liiga,2024/25,2024-10-12,HIFK Helsinki,Ilves Tampere,4,0,,hockeyarchives
liiga,2024/25,2024-10-12,HIFK Helsinki,TPS Turku,4,3,,hockeyarchives
liiga,2024/25,2024-10-12,JYP Jyväskylä,Jukurit Mikkeli,1,4,,hockeyarchives
liiga,2024/25,2024-10-12,KooKoo Kouvola,Kiekko-Espoo,1,2,,hockeyarchives
liiga,2024/25,2024-10-12,Kärpät Oulu,Sport Vaasa,5,4,,hockeyarchives
liiga,2024/25,2024-10-12,Tappara Tampere,Lukko Rauma,4,2,,hockeyarchives
liiga,2024/25,2024-10-12,Ässät Pori,SaiPa Lappeenranta,3,1,,hockeyarchives
liiga,2024/25,2024-10-16,Jukurit Mikkeli,Lukko Rauma,3,3,SO,hockeyarchives
liiga,2024/25,2024-10-16,KalPa Kuopio,HPK Hämeenlinna,3,2,,hockeyarchives
liiga,2024/25,2024-10-16,Pelicans Lahti,HPK Hämeenlinna,4,0,,hockeyarchives
liiga,2024/25,2024-10-16,Sport Vaasa,KooKoo Kouvola,5,1,,hockeyarchives
liiga,2024/25,2024-10-16,Ässät Pori,Kiekko-Espoo,3,3,OT,hockeyarchives
liiga,2024/25,2024-10-18,Ilves Tampere,Tappara Tampere,1,5,,hockeyarchives
liiga,2024/25,2024-10-18,JYP Jyväskylä,KooKoo Kouvola,2,0,,hockeyarchives
liiga,2024/25,2024-10-18,KooKoo Kouvola,Pelicans Lahti,4,1,,hockeyarchives
liiga,2024/25,2024-10-18,Kärpät Oulu,KalPa Kuopio,4,4,SO,hockeyarchives
liiga,2024/25,2024-10-18,Lukko Rauma,SaiPa Lappeenranta,5,3,,hockeyarchives
liiga,2024/25,2024-10-18,TPS Turku,HIFK Helsinki,2,4,,hockeyarchives
liiga,2024/25,2024-10-19,HPK Hämeenlinna,HIFK Helsinki,3,3,SO,hockeyarchives
liiga,2024/25,2024-10-19,Kärpät Oulu,KalPa Kuopio,1,2,,hockeyarchives
liiga,2024/25,2024-10-19,SaiPa Lappeenranta,JYP Jyväskylä,6,6,OT,hockeyarchives
liiga,2024/25,2024-10-19,Tappara Tampere,Jukurit Mikkeli,5,3,,hockeyarchives
liiga,2024/25,2024-10-19,Tappara Tampere,Kiekko-Espoo,1,2,,hockeyarchives
liiga,2024/25,2024-10-19,Ässät Pori,Sport Vaasa,4,4,OT,hockeyarchives
liiga,2024/25,2024-10-21,Ilves Tampere,HPK Hämeenlinna,1,4,,hockeyarchives
liiga,2024/25,2024-10-22,JYP Jyväskylä,SaiPa Lappeenranta,2,4,,hockeyarchives
liiga,2024/25,2024-10-22,Jukurit Mikkeli,TPS Turku,2,4,,hockeyarchives
liiga,2024/25,2024-10-23,Kiekko-Espoo,Lukko Rauma,1,4,,hockeyarchives
liiga,2024/25,2024-10-23,Kärpät Oulu,SaiPa Lappeenranta,3,6,,hockeyarchives
liiga,2024/25,2024-10-23,Pelicans Lahti,HIFK Helsinki,6,4,,hockeyarchives
liiga,2024/25,2024-10-23,SaiPa Lappeenranta,Pelicans Lahti,3,1,,hockeyarchives
liiga,2024/25,2024-10-25,JYP Jyväskylä,HIFK Helsinki,5,5,OT,hockeyarchives
liiga,2024/25,2024-10-25,Jukurit Mikkeli,KalPa Kuopio,2,2,OT,hockeyarchives
liiga,2024/25,2024-10-25,Kiekko-Espoo,HPK Hämeenlinna,5,2,,hockeyarchives
liiga,2024/25,2024-10-25,KooKoo Kouvola,Tappara Tampere,2,3,,hockeyarchives
liiga,2024/25,2024-10-25,Kärpät Oulu,KooKoo Kouvola,3,2,,hockeyarchives
liiga,2024/25,2024-10-25,TPS Turku,Ilves Tampere,5,3,,hockeyarchives
liiga,2024/25,2024-10-25,Ässät Pori,Lukko Rauma,4,1,,hockeyarchives
liiga,2024/25,2024-10-26,HPK Hämeenlinna,TPS Turku,2,0,,hockeyarchives
liiga,2024/25,2024-10-26,KalPa Kuopio,HIFK Helsinki,3,3,OT,hockeyarchives
liiga,2024/25,2024-10-26,Kiekko-Espoo,Sport Vaasa,3,1,,hockeyarchives
liiga,2024/25,2024-10-26,Lukko Rauma,Ässät Pori,4,1,,hockeyarchives
liiga,2024/25,2024-10-26,Pelicans Lahti,JYP Jyväskylä,1,1,SO,hockeyarchives
liiga,2024/25,2024-10-26,Sport Vaasa,Tappara Tampere,2,2,SO,hockeyarchives
liiga,2024/25,2024-10-29,Lukko Rauma,Ilves Tampere,2,3,,hockeyarchives
liiga,2024/25,2024-10-29,TPS Turku,Pelicans Lahti,5,3,,hockeyarchives
liiga,2024/25,2024-10-30,KalPa Kuopio,Tappara Tampere,1,4,,hockeyarchives
liiga,2024/25,2024-10-30,SaiPa Lappeenranta,Jukurit Mikkeli,5,2,,hockeyarchives
liiga,2024/25,2024-10-30,Sport Vaasa,Ilves Tampere,4,1,,hockeyarchives
liiga,2024/25,2024-10-30,Ässät Pori,KooKoo Kouvola,4,1,,hockeyarchives
liiga,2024/25,2024-10-31,Pelicans Lahti,KooKoo Kouvola,6,3,,hockeyarchives
liiga,2024/25,2024-11-01,HIFK Helsinki,Kärpät Oulu,2,2,OT,hockeyarchives
liiga,2024/25,2024-11-01,HPK Hämeenlinna,Lukko Rauma,0,4,,hockeyarchives
liiga,2024/25,2024-11-01,JYP Jyväskylä,KalPa Kuopio,4,3,,hockeyarchives
liiga,2024/25,2024-11-01,Kiekko-Espoo,Jukurit Mikkeli,2,1,,hockeyarchives
liiga,2024/25,2024-11-01,TPS Turku,Tappara Tampere,3,3,SO,hockeyarchives
liiga,2024/25,2024-11-01,Ässät Pori,Tappara Tampere,4,1,,hockeyarchives
liiga,2024/25,2024-11-02,JYP Jyväskylä,Lukko Rauma,2,5,,hockeyarchives
liiga,2024/25,2024-11-02,Jukurit Mikkeli,Kiekko-Espoo,2,2,OT,hockeyarchives
liiga,2024/25,2024-11-02,KalPa Kuopio,JYP Jyväskylä,4,1,,hockeyarchives
liiga,2024/25,2024-11-02,KooKoo Kouvola,Ilves Tampere,3,4,,hockeyarchives
liiga,2024/25,2024-11-02,Kärpät Oulu,HIFK Helsinki,2,2,SO,hockeyarchives
liiga,2024/25,2024-11-02,Lukko Rauma,Pelicans Lahti,1,3,,hockeyarchives
liiga,2024/25,2024-11-02,SaiPa Lappeenranta,Ässät Pori,4,1,,hockeyarchives
liiga,2024/25,2024-11-02,Sport Vaasa,HPK Hämeenlinna,2,2,OT,hockeyarchives
liiga,2024/25,2024-11-12,Ässät Pori,Pelicans Lahti,2,0,,hockeyarchives
liiga,2024/25,2024-11-13,KalPa Kuopio,Sport Vaasa,7,3,,hockeyarchives
liiga,2024/25,2024-11-13,Kiekko-Espoo,JYP Jyväskylä,1,4,,hockeyarchives
liiga,2024/25,2024-11-13,SaiPa Lappeenranta,Kärpät Oulu,4,3,,hockeyarchives
liiga,2024/25,2024-11-13,Ässät Pori,KooKoo Kouvola,4,3,,hockeyarchives
liiga,2024/25,2024-11-14,SaiPa Lappeenranta,KalPa Kuopio,2,1,,hockeyarchives
liiga,2024/25,2024-11-15,HPK Hämeenlinna,Pelicans Lahti,5,2,,hockeyarchives
liiga,2024/25,2024-11-15,Jukurit Mikkeli,Kärpät Oulu,0,2,,hockeyarchives
liiga,2024/25,2024-11-15,Kiekko-Espoo,Ässät Pori,7,0,,hockeyarchives
liiga,2024/25,2024-11-15,KooKoo Kouvola,HIFK Helsinki,4,1,,hockeyarchives
liiga,2024/25,2024-11-15,TPS Turku,Sport Vaasa,2,2,SO,hockeyarchives
liiga,2024/25,2024-11-15,Tappara Tampere,Ilves Tampere,0,4,,hockeyarchives
liiga,2024/25,2024-11-16,Ilves Tampere,JYP Jyväskylä,5,2,,hockeyarchives
liiga,2024/25,2024-11-16,KalPa Kuopio,HIFK Helsinki,7,2,,hockeyarchives
liiga,2024/25,2024-11-16,Lukko Rauma,Jukurit Mikkeli,4,0,,hockeyarchives
liiga,2024/25,2024-11-16,Pelicans Lahti,Kärpät Oulu,4,1,,hockeyarchives
liiga,2024/25,2024-11-16,Sport Vaasa,TPS Turku,5,2,,hockeyarchives
liiga,2024/25,2024-11-16,Tappara Tampere,HPK Hämeenlinna,3,0,,hockeyarchives
liiga,2024/25,2024-11-17,TPS Turku,KalPa Kuopio,1,3,,hockeyarchives
liiga,2024/25,2024-11-20,HIFK Helsinki,Ässät Pori,3,1,,hockeyarchives
liiga,2024/25,2024-11-20,HPK Hämeenlinna,Ässät Pori,2,3,,hockeyarchives
liiga,2024/25,2024-11-20,JYP Jyväskylä,Sport Vaasa,2,2,OT,hockeyarchives
liiga,2024/25,2024-11-20,Jukurit Mikkeli,SaiPa Lappeenranta,2,3,,hockeyarchives
liiga,2024/25,2024-11-20,Kärpät Oulu,Lukko Rauma,3,4,,hockeyarchives
liiga,2024/25,2024-11-21,KooKoo Kouvola,TPS Turku,2,2,OT,hockeyarchives
liiga,2024/25,2024-11-22,JYP Jyväskylä,TPS Turku,0,3,,hockeyarchives
liiga,2024/25,2024-11-22,Kiekko-Espoo,Kärpät Oulu,2,2,OT,hockeyarchives
liiga,2024/25,2024-11-22,SaiPa Lappeenranta,Tappara Tampere,4,3,,hockeyarchives
liiga,2024/25,2024-11-23,Jukurit Mikkeli,Ilves Tampere,3,2,,hockeyarchives
liiga,2024/25,2024-11-23,KalPa Kuopio,KooKoo Kouvola,4,5,,hockeyarchives
liiga,2024/25,2024-11-23,Kärpät Oulu,HPK Hämeenlinna,4,4,OT,hockeyarchives
liiga,2024/25,2024-11-23,Lukko Rauma,Tappara Tampere,3,3,OT,hockeyarchives
liiga,2024/25,2024-11-23,Pelicans Lahti,Kiekko-Espoo,4,5,,hockeyarchives
liiga,2024/25,2024-11-23,Sport Vaasa,HIFK Helsinki,0,1,,hockeyarchives
liiga,2024/25,2024-11-23,Ässät Pori,Pelicans Lahti,1,3,,hockeyarchives
liiga,2024/25,2024-11-24,Tappara Tampere,Sport Vaasa,6,2,,hockeyarchives
liiga,2024/25,2024-11-25,TPS Turku,SaiPa Lappeenranta,1,2,,hockeyarchives
liiga,2024/25,2024-11-26,Ilves Tampere,Kiekko-Espoo,2,0,,hockeyarchives
liiga,2024/25,2024-11-26,KalPa Kuopio,Pelicans Lahti,2,2,OT,hockeyarchives
liiga,2024/25,2024-11-26,Tappara Tampere,Ässät Pori,2,4,,hockeyarchives
liiga,2024/25,2024-11-27,HPK Hämeenlinna,KalPa Kuopio,3,3,OT,hockeyarchives
liiga,2024/25,2024-11-27,KooKoo Kouvola,Kärpät Oulu,2,1,,hockeyarchives
liiga,2024/25,2024-11-27,Pelicans Lahti,Jukurit Mikkeli,2,4,,hockeyarchives
liiga,2024/25,2024-11-27,SaiPa Lappeenranta,HPK Hämeenlinna,2,2,OT,hockeyarchives
liiga,2024/25,2024-11-27,Sport Vaasa,Lukko Rauma,5,1,,hockeyarchives
liiga,2024/25,2024-11-28,HIFK Helsinki,Kiekko-Espoo,1,1,OT,hockeyarchives
liiga,2024/25,2024-11-28,KalPa Kuopio,Ässät Pori,2,1,,hockeyarchives
liiga,2024/25,2024-11-29,Ilves Tampere,Tappara Tampere,2,4,,hockeyarchives
liiga,2024/25,2024-11-29,JYP Jyväskylä,Kärpät Oulu,6,4,,hockeyarchives
liiga,2024/25,2024-11-29,Jukurit Mikkeli,Sport Vaasa,4,6,,hockeyarchives
liiga,2024/25,2024-11-29,KooKoo Kouvola,JYP Jyväskylä,5,0,,hockeyarchives
liiga,2024/25,2024-11-29,Lukko Rauma,TPS Turku,4,5,,hockeyarchives
liiga,2024/25,2024-11-30,HIFK Helsinki,Lukko Rauma,1,7,,hockeyarchives
liiga,2024/25,2024-11-30,HIFK Helsinki,Tappara Tampere,4,2,,hockeyarchives
liiga,2024/25,2024-11-30,HPK Hämeenlinna,Jukurit Mikkeli,3,0,,hockeyarchives
liiga,2024/25,2024-11-30,Kiekko-Espoo,Ilves Tampere,3,6,,hockeyarchives
liiga,2024/25,2024-11-30,Kärpät Oulu,Ässät Pori,1,4,,hockeyarchives
liiga,2024/25,2024-11-30,Pelicans Lahti,Sport Vaasa,1,3,,hockeyarchives
liiga,2024/25,2024-11-30,TPS Turku,Lukko Rauma,1,2,,hockeyarchives
liiga,2024/25,2024-12-04,KalPa Kuopio,Ilves Tampere,1,2,,hockeyarchives
liiga,2024/25,2024-12-04,Kiekko-Espoo,KooKoo Kouvola,3,3,SO,hockeyarchives
liiga,2024/25,2024-12-05,HPK Hämeenlinna,SaiPa Lappeenranta,1,5,,hockeyarchives
liiga,2024/25,2024-12-05,Jukurit Mikkeli,Tappara Tampere,2,4,,hockeyarchives
liiga,2024/25,2024-12-05,KooKoo Kouvola,SaiPa Lappeenranta,1,4,,hockeyarchives
liiga,2024/25,2024-12-05,Kärpät Oulu,Pelicans Lahti,5,4,,hockeyarchives
liiga,2024/25,2024-12-05,TPS Turku,Sport Vaasa,3,3,SO,hockeyarchives
liiga,2024/25,2024-12-05,Ässät Pori,JYP Jyväskylä,3,1,,hockeyarchives
liiga,2024/25,2024-12-07,HIFK Helsinki,JYP Jyväskylä,1,3,,hockeyarchives
liiga,2024/25,2024-12-07,HPK Hämeenlinna,Tappara Tampere,2,2,OT,hockeyarchives
liiga,2024/25,2024-12-07,Ilves Tampere,SaiPa Lappeenranta,1,1,OT,hockeyarchives
liiga,2024/25,2024-12-07,Kärpät Oulu,Ilves Tampere,2,4,,hockeyarchives
liiga,2024/25,2024-12-07,Lukko Rauma,Kiekko-Espoo,1,4,,hockeyarchives
liiga,2024/25,2024-12-07,Pelicans Lahti,KalPa Kuopio,1,1,OT,hockeyarchives
liiga,2024/25,2024-12-07,Sport Vaasa,TPS Turku,4,4,OT,hockeyarchives
liiga,2024/25,2024-12-07,Ässät Pori,Jukurit Mikkeli,3,4,,hockeyarchives
liiga,2024/25,2024-12-09,Tappara Tampere,Pelicans Lahti,2,2,SO,hockeyarchives
liiga,2024/25,2024-12-10,Kiekko-Espoo,TPS Turku,4,1,,hockeyarchives
liiga,2024/25,2024-12-10,KooKoo Kouvola,HPK Hämeenlinna,3,3,SO,hockeyarchives
liiga,2024/25,2024-12-11,HIFK Helsinki,KooKoo Kouvola,5,1,,hockeyarchives
liiga,2024/25,2024-12-11,JYP Jyväskylä,Ilves Tampere,6,2,,hockeyarchives
liiga,2024/25,2024-12-11,Kärpät Oulu,SaiPa Lappeenranta,3,2,,hockeyarchives
liiga,2024/25,2024-12-11,Lukko Rauma,Sport Vaasa,2,2,OT,hockeyarchives
liiga,2024/25,2024-12-11,Tappara Tampere,HIFK Helsinki,3,3,SO,hockeyarchives
liiga,2024/25,2024-12-13,HPK Hämeenlinna,Kärpät Oulu,0,4,,hockeyarchives
liiga,2024/25,2024-12-13,Jukurit Mikkeli,JYP Jyväskylä,2,1,,hockeyarchives
liiga,2024/25,2024-12-13,KalPa Kuopio,Lukko Rauma,1,4,,hockeyarchives
liiga,2024/25,2024-12-13,KooKoo Kouvola,TPS Turku,5,2,,hockeyarchives
liiga,2024/25,2024-12-13,TPS Turku,Ilves Tampere,3,2,,hockeyarchives
liiga,2024/25,2024-12-14,HIFK Helsinki,KalPa Kuopio,3,3,OT,hockeyarchives
liiga,2024/25,2024-12-14,JYP Jyväskylä,Jukurit Mikkeli,4,1,,hockeyarchives
liiga,2024/25,2024-12-14,Kiekko-Espoo,Ilves Tampere,2,2,SO,hockeyarchives
liiga,2024/25,2024-12-14,Kärpät Oulu,Lukko Rauma,5,4,,hockeyarchives
liiga,2024/25,2024-12-14,Pelicans Lahti,HPK Hämeenlinna,2,3,,hockeyarchives
liiga,2024/25,2024-12-14,SaiPa Lappeenranta,Ässät Pori,6,1,,hockeyarchives
liiga,2024/25,2024-12-14,Sport Vaasa,Tappara Tampere,6,4,,hockeyarchives
liiga,2024/25,2024-12-14,TPS Turku,JYP Jyväskylä,2,2,OT,hockeyarchives
liiga,2024/25,2024-12-18,HIFK Helsinki,Sport Vaasa,2,2,SO,hockeyarchives
liiga,2024/25,2024-12-18,Kiekko-Espoo,Kärpät Oulu,0,5,,hockeyarchives
liiga,2024/25,2024-12-18,KooKoo Kouvola,Kiekko-Espoo,4,4,OT,hockeyarchives
liiga,2024/25,2024-12-18,Kärpät Oulu,Jukurit Mikkeli,1,1,OT,hockeyarchives
liiga,2024/25,2024-12-18,Lukko Rauma,KalPa Kuopio,5,3,,hockeyarchives
liiga,2024/25,2024-12-18,Pelicans Lahti,SaiPa Lappeenranta,6,3,,hockeyarchives
liiga,2024/25,2024-12-18,Ässät Pori,HPK Hämeenlinna,0,3,,hockeyarchives
liiga,2024/25,2024-12-20,HPK Hämeenlinna,KalPa Kuopio,2,1,,hockeyarchives
liiga,2024/25,2024-12-20,Ilves Tampere,HIFK Helsinki,2,0,,hockeyarchives
liiga,2024/25,2024-12-20,JYP Jyväskylä,KooKoo Kouvola,5,5,OT,hockeyarchives
liiga,2024/25,2024-12-20,Kärpät Oulu,Sport Vaasa,4,0,,hockeyarchives
liiga,2024/25,2024-12-20,Pelicans Lahti,TPS Turku,3,4,,hockeyarchives
liiga,2024/25,2024-12-20,SaiPa Lappeenranta,Tappara Tampere,2,2,SO,hockeyarchives
liiga,2024/25,2024-12-20,Sport Vaasa,Ässät Pori,1,1,SO,hockeyarchives
liiga,2024/25,2024-12-21,HIFK Helsinki,HPK Hämeenlinna,3,3,SO,hockeyarchives
liiga,2024/25,2024-12-21,Jukurit Mikkeli,TPS Turku,5,4,,hockeyarchives
liiga,2024/25,2024-12-21,KalPa Kuopio,Kiekko-Espoo,2,2,SO,hockeyarchives
liiga,2024/25,2024-12-21,KooKoo Kouvola,Ilves Tampere,4,4,OT,hockeyarchives
liiga,2024/25,2024-12-21,Lukko Rauma,Pelicans Lahti,2,5,,hockeyarchives
liiga,2024/25,2024-12-21,Tappara Tampere,SaiPa Lappeenranta,1,0,,hockeyarchives
liiga,2024/25,2024-12-21,Ässät Pori,HIFK Helsinki,4,2,,hockeyarchives
liiga,2024/25,2024-12-26,Kiekko-Espoo,Ässät Pori,1,3,,hockeyarchives
liiga,2024/25,2024-12-26,Tappara Tampere,JYP Jyväskylä,3,2,,hockeyarchives
liiga,2024/25,2024-12-27,Ilves Tampere,KalPa Kuopio,4,1,,hockeyarchives
liiga,2024/25,2024-12-27,KalPa Kuopio,SaiPa Lappeenranta,9,2,,hockeyarchives
liiga,2024/25,2024-12-27,KooKoo Kouvola,Jukurit Mikkeli,3,4,,hockeyarchives
liiga,2024/25,2024-12-27,Lukko Rauma,Ilves Tampere,5,3,,hockeyarchives
liiga,2024/25,2024-12-28,Ilves Tampere,Jukurit Mikkeli,5,0,,hockeyarchives
liiga,2024/25,2024-12-28,JYP Jyväskylä,Lukko Rauma,2,5,,hockeyarchives
liiga,2024/25,2024-12-28,Jukurit Mikkeli,HIFK Helsinki,5,2,,hockeyarchives
liiga,2024/25,2024-12-28,SaiPa Lappeenranta,Kiekko-Espoo,4,4,SO,hockeyarchives
liiga,2024/25,2024-12-28,Sport Vaasa,Pelicans Lahti,2,2,OT,hockeyarchives
liiga,2024/25,2024-12-28,TPS Turku,HPK Hämeenlinna,4,2,,hockeyarchives
liiga,2024/25,2024-12-28,Ässät Pori,Tappara Tampere,5,0,,hockeyarchives
liiga,2024/25,2024-12-30,Pelicans Lahti,HIFK Helsinki,4,0,,hockeyarchives
liiga,2024/25,2024-12-30,Pelicans Lahti,Tappara Tampere,7,1,,hockeyarchives
liiga,2024/25,2025-01-03,Ilves Tampere,Ässät Pori,3,1,,hockeyarchives
liiga,2024/25,2025-01-03,JYP Jyväskylä,TPS Turku,6,3,,hockeyarchives
liiga,2024/25,2025-01-03,KalPa Kuopio,Tappara Tampere,5,2,,hockeyarchives
liiga,2024/25,2025-01-03,Kiekko-Espoo,JYP Jyväskylä,0,4,,hockeyarchives
liiga,2024/25,2025-01-03,Lukko Rauma,Kiekko-Espoo,2,2,OT,hockeyarchives
liiga,2024/25,2025-01-03,SaiPa Lappeenranta,KooKoo Kouvola,1,4,,hockeyarchives
liiga,2024/25,2025-01-04,HIFK Helsinki,Pelicans Lahti,6,3,,hockeyarchives
liiga,2024/25,2025-01-04,HPK Hämeenlinna,Lukko Rauma,3,5,,hockeyarchives
liiga,2024/25,2025-01-04,KalPa Kuopio,Jukurit Mikkeli,3,2,,hockeyarchives
liiga,2024/25,2025-01-04,KooKoo Kouvola,SaiPa Lappeenranta,2,2,OT,hockeyarchives
liiga,2024/25,2025-01-04,Kärpät Oulu,TPS Turku,4,3,,hockeyarchives
liiga,2024/25,2025-01-04,Sport Vaasa,Jukurit Mikkeli,6,3,,hockeyarchives
liiga,2024/25,2025-01-04,Tappara Tampere,KalPa Kuopio,2,4,,hockeyarchives
liiga,2024/25,2025-01-04,Ässät Pori,Ilves Tampere,2,1,,hockeyarchives
liiga,2024/25,2025-01-08,HPK Hämeenlinna,Ässät Pori,2,1,,hockeyarchives
liiga,2024/25,2025-01-08,Ilves Tampere,Kärpät Oulu,3,3,OT,hockeyarchives
liiga,2024/25,2025-01-08,JYP Jyväskylä,Tappara Tampere,6,4,,hockeyarchives
liiga,2024/25,2025-01-08,Kiekko-Espoo,Sport Vaasa,2,3,,hockeyarchives
liiga,2024/25,2025-01-08,Pelicans Lahti,Lukko Rauma,2,5,,hockeyarchives
liiga,2024/25,2025-01-08,SaiPa Lappeenranta,HIFK Helsinki,2,0,,hockeyarchives
liiga,2024/25,2025-01-08,TPS Turku,KooKoo Kouvola,0,6,,hockeyarchives
liiga,2024/25,2025-01-08,Tappara Tampere,Kiekko-Espoo,7,1,,hockeyarchives
liiga,2024/25,2025-01-10,HIFK Helsinki,KalPa Kuopio,3,1,,hockeyarchives
liiga,2024/25,2025-01-10,Jukurit Mikkeli,JYP Jyväskylä,1,5,,hockeyarchives
liiga,2024/25,2025-01-10,KooKoo Kouvola,Kärpät Oulu,5,3,,hockeyarchives
liiga,2024/25,2025-01-10,SaiPa Lappeenranta,Pelicans Lahti,2,4,,hockeyarchives
liiga,2024/25,2025-01-10,Sport Vaasa,Ilves Tampere,3,3,OT,hockeyarchives
liiga,2024/25,2025-01-10,TPS Turku,HIFK Helsinki,2,3,,hockeyarchives
liiga,2024/25,2025-01-11,HPK Hämeenlinna,JYP Jyväskylä,3,2,,hockeyarchives
liiga,2024/25,2025-01-11,Ilves Tampere,Sport Vaasa,2,1,,hockeyarchives
liiga,2024/25,2025-01-11,KalPa Kuopio,Ässät Pori,2,4,,hockeyarchives
liiga,2024/25,2025-01-11,Kiekko-Espoo,KooKoo Kouvola,3,3,OT,hockeyarchives
liiga,2024/25,2025-01-11,Lukko Rauma,Jukurit Mikkeli,8,0,,hockeyarchives
liiga,2024/25,2025-01-11,Pelicans Lahti,Kärpät Oulu,2,1,,hockeyarchives
liiga,2024/25,2025-01-11,SaiPa Lappeenranta,Lukko Rauma,1,4,,hockeyarchives
liiga,2024/25,2025-01-15,Kärpät Oulu,Ässät Pori,5,2,,hockeyarchives
liiga,2024/25,2025-01-15,SaiPa Lappeenranta,Sport Vaasa,2,1,,hockeyarchives
liiga,2024/25,2025-01-15,TPS Turku,KalPa Kuopio,2,2,OT,hockeyarchives
liiga,2024/25,2025-01-17,HPK Hämeenlinna,TPS Turku,1,5,,hockeyarchives
liiga,2024/25,2025-01-17,Ilves Tampere,HIFK Helsinki,2,2,SO,hockeyarchives
liiga,2024/25,2025-01-17,KalPa Kuopio,KooKoo Kouvola,2,2,SO,hockeyarchives
liiga,2024/25,2025-01-17,Kärpät Oulu,Kiekko-Espoo,1,4,,hockeyarchives
liiga,2024/25,2025-01-17,Lukko Rauma,Tappara Tampere,2,2,OT,hockeyarchives
liiga,2024/25,2025-01-17,Pelicans Lahti,JYP Jyväskylä,1,3,,hockeyarchives
liiga,2024/25,2025-01-17,TPS Turku,Pelicans Lahti,3,2,,hockeyarchives
liiga,2024/25,2025-01-17,Ässät Pori,Jukurit Mikkeli,5,1,,hockeyarchives
liiga,2024/25,2025-01-18,HIFK Helsinki,Ilves Tampere,1,3,,hockeyarchives
liiga,2024/25,2025-01-18,JYP Jyväskylä,Kärpät Oulu,0,4,,hockeyarchives
liiga,2024/25,2025-01-18,JYP Jyväskylä,Ässät Pori,5,2,,hockeyarchives
liiga,2024/25,2025-01-18,Jukurit Mikkeli,SaiPa Lappeenranta,2,3,,hockeyarchives
liiga,2024/25,2025-01-18,Kiekko-Espoo,HPK Hämeenlinna,0,3,,hockeyarchives
liiga,2024/25,2025-01-18,KooKoo Kouvola,Sport Vaasa,5,5,OT,hockeyarchives
liiga,2024/25,2025-01-18,Tappara Tampere,Lukko Rauma,2,4,,hockeyarchives
liiga,2024/25,2025-01-22,Kiekko-Espoo,Lukko Rauma,2,4,,hockeyarchives
liiga,2024/25,2025-01-22,Kärpät Oulu,HPK Hämeenlinna,0,3,,hockeyarchives
liiga,2024/25,2025-01-22,Sport Vaasa,JYP Jyväskylä,2,2,OT,hockeyarchives
liiga,2024/25,2025-01-22,Sport Vaasa,SaiPa Lappeenranta,3,4,,hockeyarchives
liiga,2024/25,2025-01-24,KalPa Kuopio,HPK Hämeenlinna,1,4,,hockeyarchives
liiga,2024/25,2025-01-24,KooKoo Kouvola,Pelicans Lahti,3,2,,hockeyarchives
liiga,2024/25,2025-01-24,Lukko Rauma,Ässät Pori,4,4,OT,hockeyarchives
liiga,2024/25,2025-01-24,Pelicans Lahti,KooKoo Kouvola,3,4,,hockeyarchives
liiga,2024/25,2025-01-24,SaiPa Lappeenranta,Kärpät Oulu,6,3,,hockeyarchives
liiga,2024/25,2025-01-24,TPS Turku,Kiekko-Espoo,3,3,OT,hockeyarchives
liiga,2024/25,2025-01-24,Tappara Tampere,Ilves Tampere,2,2,OT,hockeyarchives
liiga,2024/25,2025-01-25,HPK Hämeenlinna,Tappara Tampere,3,3,OT,hockeyarchives
liiga,2024/25,2025-01-25,Ilves Tampere,JYP Jyväskylä,6,3,,hockeyarchives
liiga,2024/25,2025-01-25,Ilves Tampere,TPS Turku,1,0,,hockeyarchives
liiga,2024/25,2025-01-25,JYP Jyväskylä,HIFK Helsinki,3,3,OT,hockeyarchives
liiga,2024/25,2025-01-25,Jukurit Mikkeli,Kärpät Oulu,2,3,,hockeyarchives
liiga,2024/25,2025-01-25,Kiekko-Espoo,KalPa Kuopio,0,3,,hockeyarchives
liiga,2024/25,2025-01-25,Ässät Pori,Lukko Rauma,4,1,,hockeyarchives
liiga,2024/25,2025-01-28,Tappara Tampere,Jukurit Mikkeli,1,2,,hockeyarchives
liiga,2024/25,2025-01-29,HIFK Helsinki,Ässät Pori,3,3,OT,hockeyarchives
liiga,2024/25,2025-01-29,KooKoo Kouvola,Lukko Rauma,6,2,,hockeyarchives
liiga,2024/25,2025-01-29,Pelicans Lahti,KalPa Kuopio,3,3,OT,hockeyarchives
liiga,2024/25,2025-01-29,SaiPa Lappeenranta,TPS Turku,5,2,,hockeyarchives
liiga,2024/25,2025-01-29,Sport Vaasa,HPK Hämeenlinna,2,2,OT,hockeyarchives
liiga,2024/25,2025-01-31,HIFK Helsinki,Tappara Tampere,3,2,,hockeyarchives
liiga,2024/25,2025-01-31,JYP Jyväskylä,KalPa Kuopio,0,3,,hockeyarchives
liiga,2024/25,2025-01-31,Jukurit Mikkeli,KooKoo Kouvola,1,4,,hockeyarchives
liiga,2024/25,2025-01-31,Kärpät Oulu,Ilves Tampere,2,2,OT,hockeyarchives
liiga,2024/25,2025-01-31,Lukko Rauma,HIFK Helsinki,1,4,,hockeyarchives
liiga,2024/25,2025-01-31,Pelicans Lahti,HPK Hämeenlinna,1,3,,hockeyarchives
liiga,2024/25,2025-01-31,Tappara Tampere,Sport Vaasa,4,3,,hockeyarchives
liiga,2024/25,2025-02-01,HPK Hämeenlinna,Pelicans Lahti,4,1,,hockeyarchives
liiga,2024/25,2025-02-01,Ilves Tampere,Kiekko-Espoo,5,2,,hockeyarchives
liiga,2024/25,2025-02-01,KalPa Kuopio,JYP Jyväskylä,8,1,,hockeyarchives
liiga,2024/25,2025-02-01,KooKoo Kouvola,Jukurit Mikkeli,7,1,,hockeyarchives
liiga,2024/25,2025-02-01,Sport Vaasa,KalPa Kuopio,2,2,OT,hockeyarchives
liiga,2024/25,2025-02-01,Sport Vaasa,Kärpät Oulu,5,1,,hockeyarchives
liiga,2024/25,2025-02-01,Ässät Pori,SaiPa Lappeenranta,2,2,OT,hockeyarchives
liiga,2024/25,2025-02-11,HIFK Helsinki,Lukko Rauma,1,5,,hockeyarchives
liiga,2024/25,2025-02-12,HPK Hämeenlinna,Ilves Tampere,2,3,,hockeyarchives
liiga,2024/25,2025-02-12,JYP Jyväskylä,HPK Hämeenlinna,1,1,SO,hockeyarchives
liiga,2024/25,2025-02-12,Kiekko-Espoo,SaiPa Lappeenranta,3,0,,hockeyarchives
liiga,2024/25,2025-02-12,Kärpät Oulu,Pelicans Lahti,4,7,,hockeyarchives
liiga,2024/25,2025-02-12,Ässät Pori,KalPa Kuopio,1,4,,hockeyarchives
liiga,2024/25,2025-02-14,HIFK Helsinki,Jukurit Mikkeli,3,4,,hockeyarchives
liiga,2024/25,2025-02-14,JYP Jyväskylä,Pelicans Lahti,4,4,SO,hockeyarchives
liiga,2024/25,2025-02-14,Kärpät Oulu,HIFK Helsinki,2,3,,hockeyarchives
liiga,2024/25,2025-02-14,Lukko Rauma,KooKoo Kouvola,3,8,,hockeyarchives
liiga,2024/25,2025-02-14,Sport Vaasa,Kiekko-Espoo,1,3,,hockeyarchives
liiga,2024/25,2025-02-14,TPS Turku,Ässät Pori,1,3,,hockeyarchives
liiga,2024/25,2025-02-19,Kärpät Oulu,KooKoo Kouvola,2,1,,hockeyarchives
liiga,2024/25,2025-02-19,Pelicans Lahti,Ilves Tampere,1,1,SO,hockeyarchives
liiga,2024/25,2025-02-19,SaiPa Lappeenranta,HPK Hämeenlinna,3,5,,hockeyarchives
liiga,2024/25,2025-02-19,Sport Vaasa,KooKoo Kouvola,2,5,,hockeyarchives
liiga,2024/25,2025-02-19,TPS Turku,JYP Jyväskylä,6,3,,hockeyarchives
liiga,2024/25,2025-02-20,Jukurit Mikkeli,Pelicans Lahti,1,3,,hockeyarchives
liiga,2024/25,2025-02-21,HIFK Helsinki,TPS Turku,3,2,,hockeyarchives
liiga,2024/25,2025-02-21,HPK Hämeenlinna,JYP Jyväskylä,3,0,,hockeyarchives
liiga,2024/25,2025-02-21,Ilves Tampere,Tappara Tampere,2,0,,hockeyarchives
liiga,2024/25,2025-02-21,KalPa Kuopio,Kärpät Oulu,4,3,,hockeyarchives
liiga,2024/25,2025-02-21,Lukko Rauma,SaiPa Lappeenranta,2,0,,hockeyarchives
liiga,2024/25,2025-02-21,Pelicans Lahti,Jukurit Mikkeli,2,1,,hockeyarchives
liiga,2024/25,2025-02-22,HPK Hämeenlinna,Kiekko-Espoo,4,4,OT,hockeyarchives
liiga,2024/25,2025-02-22,JYP Jyväskylä,Ilves Tampere,3,1,,hockeyarchives
liiga,2024/25,2025-02-22,Jukurit Mikkeli,Ilves Tampere,1,2,,hockeyarchives
liiga,2024/25,2025-02-22,Jukurit Mikkeli,Lukko Rauma,1,3,,hockeyarchives
liiga,2024/25,2025-02-22,KalPa Kuopio,Kärpät Oulu,7,5,,hockeyarchives
liiga,2024/25,2025-02-22,KalPa Kuopio,Sport Vaasa,4,1,,hockeyarchives
liiga,2024/25,2025-02-22,Kiekko-Espoo,Tappara Tampere,3,3,OT,hockeyarchives
liiga,2024/25,2025-02-22,KooKoo Kouvola,HIFK Helsinki,0,2,,hockeyarchives
liiga,2024/25,2025-02-22,KooKoo Kouvola,HPK Hämeenlinna,6,3,,hockeyarchives
liiga,2024/25,2025-02-22,SaiPa Lappeenranta,JYP Jyväskylä,6,3,,hockeyarchives
liiga,2024/25,2025-02-22,Sport Vaasa,Lukko Rauma,2,1,,hockeyarchives
liiga,2024/25,2025-02-22,TPS Turku,SaiPa Lappeenranta,6,0,,hockeyarchives
liiga,2024/25,2025-02-22,Tappara Tampere,Ässät Pori,3,2,,hockeyarchives
liiga,2024/25,2025-02-22,Ässät Pori,Sport Vaasa,0,3,,hockeyarchives
liiga,2024/25,2025-02-22,Ässät Pori,TPS Turku,6,3,,hockeyarchives
liiga,2024/25,2025-02-23,JYP Jyväskylä,SaiPa Lappeenranta,4,5,,hockeyarchives
liiga,2024/25,2025-02-25,Ilves Tampere,Lukko Rauma,5,1,,hockeyarchives
liiga,2024/25,2025-02-25,TPS Turku,Jukurit Mikkeli,5,3,,hockeyarchives
liiga,2024/25,2025-02-26,Ilves Tampere,HPK Hämeenlinna,0,4,,hockeyarchives
liiga,2024/25,2025-02-26,Kiekko-Espoo,Pelicans Lahti,2,2,OT,hockeyarchives
liiga,2024/25,2025-02-26,Tappara Tampere,KooKoo Kouvola,3,4,,hockeyarchives
liiga,2024/25,2025-02-26,Ässät Pori,HIFK Helsinki,3,3,SO,hockeyarchives
liiga,2024/25,2025-02-27,Pelicans Lahti,Sport Vaasa,5,0,,hockeyarchives
liiga,2024/25,2025-02-27,SaiPa Lappeenranta,KalPa Kuopio,3,2,,hockeyarchives
liiga,2024/25,2025-02-28,HIFK Helsinki,JYP Jyväskylä,1,0,,hockeyarchives
liiga,2024/25,2025-02-28,Jukurit Mikkeli,Kiekko-Espoo,1,4,,hockeyarchives
liiga,2024/25,2025-02-28,KooKoo Kouvola,Ässät Pori,3,3,SO,hockeyarchives
liiga,2024/25,2025-02-28,Lukko Rauma,Kärpät Oulu,2,1,,hockeyarchives
liiga,2024/25,2025-02-28,TPS Turku,Tappara Tampere,2,7,,hockeyarchives
liiga,2024/25,2025-02-28,Tappara Tampere,TPS Turku,2,5,,hockeyarchives
liiga,2024/25,2025-03-01,HPK Hämeenlinna,Sport Vaasa,3,2,,hockeyarchives
liiga,2024/25,2025-03-01,KalPa Kuopio,Pelicans Lahti,6,3,,hockeyarchives
liiga,2024/25,2025-03-01,Kiekko-Espoo,HIFK Helsinki,4,3,,hockeyarchives
liiga,2024/25,2025-03-01,SaiPa Lappeenranta,Ilves Tampere,3,6,,hockeyarchives
liiga,2024/25,2025-03-01,Tappara Tampere,HPK Hämeenlinna,3,1,,hockeyarchives
liiga,2024/25,2025-03-01,Ässät Pori,Kärpät Oulu,3,1,,hockeyarchives
liiga,2024/25,2025-03-04,Kiekko-Espoo,TPS Turku,1,1,OT,hockeyarchives
liiga,2024/25,2025-03-05,HIFK Helsinki,SaiPa Lappeenranta,3,3,SO,hockeyarchives
liiga,2024/25,2025-03-05,Ilves Tampere,KalPa Kuopio,2,3,,hockeyarchives
liiga,2024/25,2025-03-05,Jukurit Mikkeli,Sport Vaasa,3,6,,hockeyarchives
liiga,2024/25,2025-03-05,Kärpät Oulu,JYP Jyväskylä,4,3,,hockeyarchives
liiga,2024/25,2025-03-05,Pelicans Lahti,Ässät Pori,1,3,,hockeyarchives
liiga,2024/25,2025-03-05,SaiPa Lappeenranta,Jukurit Mikkeli,2,4,,hockeyarchives
liiga,2024/25,2025-03-07,HPK Hämeenlinna,HIFK Helsinki,2,3,,hockeyarchives
liiga,2024/25,2025-03-07,Jukurit Mikkeli,KalPa Kuopio,2,9,,hockeyarchives
liiga,2024/25,2025-03-07,KalPa Kuopio,Kiekko-Espoo,2,4,,hockeyarchives
liiga,2024/25,2025-03-07,KooKoo Kouvola,JYP Jyväskylä,4,6,,hockeyarchives
liiga,2024/25,2025-03-07,Sport Vaasa,TPS Turku,3,3,SO,hockeyarchives
liiga,2024/25,2025-03-07,Tappara Tampere,Ilves Tampere,2,3,,hockeyarchives
liiga,2024/25,2025-03-07,Ässät Pori,Lukko Rauma,1,4,,hockeyarchives
liiga,2024/25,2025-03-08,Ilves Tampere,KooKoo Kouvola,1,1,SO,hockeyarchives
liiga,2024/25,2025-03-08,Ilves Tampere,Pelicans Lahti,4,2,,hockeyarchives
liiga,2024/25,2025-03-08,JYP Jyväskylä,Kiekko-Espoo,3,0,,hockeyarchives
liiga,2024/25,2025-03-08,Kärpät Oulu,Tappara Tampere,2,4,,hockeyarchives
liiga,2024/25,2025-03-08,Lukko Rauma,Ässät Pori,2,0,,hockeyarchives
liiga,2024/25,2025-03-08,Pelicans Lahti,SaiPa Lappeenranta,3,4,,hockeyarchives
liiga,2024/25,2025-03-08,TPS Turku,Sport Vaasa,3,2,,hockeyarchives
liiga,2024/25,2025-03-11,HPK Hämeenlinna,KooKoo Kouvola,4,6,,hockeyarchives
liiga,2024/25,2025-03-11,Kiekko-Espoo,Jukurit Mikkeli,2,2,SO,hockeyarchives
liiga,2024/25,2025-03-11,Tappara Tampere,Kärpät Oulu,0,3,,hockeyarchives
liiga,2024/25,2025-03-12,Jukurit Mikkeli,Ässät Pori,3,3,SO,hockeyarchives
liiga,2024/25,2025-03-12,KalPa Kuopio,TPS Turku,1,0,,hockeyarchives
liiga,2024/25,2025-03-12,Lukko Rauma,JYP Jyväskylä,2,2,OT,hockeyarchives
liiga,2024/25,2025-03-13,TPS Turku,Lukko Rauma,1,4,,hockeyarchives
liiga,2024/25,2025-03-14,HIFK Helsinki,Kärpät Oulu,3,0,,hockeyarchives
liiga,2024/25,2025-03-14,HPK Hämeenlinna,SaiPa Lappeenranta,2,3,,hockeyarchives
liiga,2024/25,2025-03-14,Jukurit Mikkeli,Tappara Tampere,2,6,,hockeyarchives
liiga,2024/25,2025-03-14,KooKoo Kouvola,KalPa Kuopio,5,1,,hockeyarchives
liiga,2024/25,2025-03-14,Sport Vaasa,Kiekko-Espoo,2,2,SO,hockeyarchives
liiga,2024/25,2025-03-14,Tappara Tampere,Pelicans Lahti,0,1,,hockeyarchives
liiga,2024/25,2025-03-15,JYP Jyväskylä,Sport Vaasa,2,4,,hockeyarchives
liiga,2024/25,2025-03-15,KalPa Kuopio,Ilves Tampere,6,3,,hockeyarchives
liiga,2024/25,2025-03-15,Kärpät Oulu,HIFK Helsinki,1,2,,hockeyarchives
liiga,2024/25,2025-03-15,Lukko Rauma,HPK Hämeenlinna,6,1,,hockeyarchives
liiga,2024/25,2025-03-15,Pelicans Lahti,TPS Turku,3,3,OT,hockeyarchives
liiga,2024/25,2025-03-15,SaiPa Lappeenranta,KooKoo Kouvola,2,1,,hockeyarchives
liiga,2024/25,2025-03-15,Ässät Pori,Kiekko-Espoo,4,1,,hockeyarchives
liiga,2024/25,2025-03-24,HPK Hämeenlinna,Ässät Pori,1,1,OT,hockeyarchives
liiga,2024/25,2025-03-24,Kiekko-Espoo,Tappara Tampere,3,3,OT,hockeyarchives
liiga,2024/25,2025-03-24,KooKoo Kouvola,Sport Vaasa,1,2,,hockeyarchives
liiga,2024/25,2025-03-24,SaiPa Lappeenranta,TPS Turku,2,2,OT,hockeyarchives
liiga,2024/25,2025-03-24,Sport Vaasa,KooKoo Kouvola,4,2,,hockeyarchives
liiga,2024/25,2025-03-24,TPS Turku,SaiPa Lappeenranta,1,2,,hockeyarchives
liiga,2024/25,2025-03-24,Tappara Tampere,Kiekko-Espoo,2,1,,hockeyarchives
liiga,2024/25,2025-03-24,Ässät Pori,HPK Hämeenlinna,5,1,,hockeyarchives
liiga,2024/25,2025-04-04,Jokerit Helsinki,Pelicans Lahti,3,3,OT,hockeyarchives
liiga,2024/25,2025-04-04,Jukurit Mikkeli,Pelicans Lahti,4,1,,hockeyarchives
liiga,2024/25,2025-04-04,Pelicans Lahti,Jokerit Helsinki,4,1,,hockeyarchives
liiga,2024/25,2025-04-04,Pelicans Lahti,Jukurit Mikkeli,2,2,OT,hockeyarchives
liiga,2024/25,2025-04-09,HIFK Helsinki,SaiPa Lappeenranta,0,2,,hockeyarchives
liiga,2024/25,2025-04-09,Ilves Tampere,Tappara Tampere,3,2,,hockeyarchives
liiga,2024/25,2025-04-09,KalPa Kuopio,Ässät Pori,3,2,,hockeyarchives
liiga,2024/25,2025-04-09,Lukko Rauma,Sport Vaasa,5,1,,hockeyarchives
liiga,2024/25,2025-04-09,SaiPa Lappeenranta,HIFK Helsinki,6,3,,hockeyarchives
liiga,2024/25,2025-04-09,Sport Vaasa,Lukko Rauma,1,3,,hockeyarchives
liiga,2024/25,2025-04-09,Tappara Tampere,Ilves Tampere,2,6,,hockeyarchives
liiga,2024/25,2025-04-09,Ässät Pori,KalPa Kuopio,5,0,,hockeyarchives
liiga,2024/25,2025-04-23,Ilves Tampere,KalPa Kuopio,3,1,,hockeyarchives
liiga,2024/25,2025-04-23,KalPa Kuopio,Ilves Tampere,4,4,OT,hockeyarchives
liiga,2024/25,2025-04-23,Lukko Rauma,SaiPa Lappeenranta,2,2,OT,hockeyarchives
liiga,2024/25,2025-04-23,SaiPa Lappeenranta,Lukko Rauma,1,1,OT,hockeyarchives
liiga,2024/25,2025-04-25,Lukko Rauma,Ilves Tampere,4,4,OT,hockeyarchives
liiga,2024/25,2025-05-05,KalPa Kuopio,SaiPa Lappeenranta,2,4,,hockeyarchives
liiga,2024/25,2025-05-05,SaiPa Lappeenranta,KalPa Kuopio,2,2,OT,hockeyarchives
liiga,2025/26,2025-09-09,HPK Hämeenlinna,TPS Turku,2,2,SO,hockeyarchives
liiga,2025/26,2025-09-09,Jukurit Mikkeli,HIFK Helsinki,3,5,,hockeyarchives
liiga,2025/26,2025-09-09,KooKoo Kouvola,Ässät Pori,1,5,,hockeyarchives
liiga,2025/26,2025-09-09,Kärpät Oulu,Sport Vaasa,0,3,,hockeyarchives
liiga,2025/26,2025-09-09,Lukko Rauma,Tappara Tampere,1,4,,hockeyarchives
liiga,2025/26,2025-09-09,Pelicans Lahti,Kiekko-Espoo,0,0,OT,hockeyarchives
liiga,2025/26,2025-09-09,SaiPa Lappeenranta,KalPa Kuopio,3,3,OT,hockeyarchives
liiga,2025/26,2025-09-10,JYP Jyväskylä,Ilves Tampere,4,3,,hockeyarchives
liiga,2025/26,2025-09-10,JYP Jyväskylä,Jukurit Mikkeli,6,2,,hockeyarchives
liiga,2025/26,2025-09-12,HIFK Helsinki,Kiekko-Espoo,2,4,,hockeyarchives
liiga,2025/26,2025-09-12,HPK Hämeenlinna,Sport Vaasa,4,1,,hockeyarchives
liiga,2025/26,2025-09-12,Kärpät Oulu,Ilves Tampere,6,2,,hockeyarchives
liiga,2025/26,2025-09-12,SaiPa Lappeenranta,KooKoo Kouvola,2,4,,hockeyarchives
liiga,2025/26,2025-09-12,Sport Vaasa,TPS Turku,2,3,,hockeyarchives
liiga,2025/26,2025-09-12,Ässät Pori,HPK Hämeenlinna,4,1,,hockeyarchives
liiga,2025/26,2025-09-13,KalPa Kuopio,Kiekko-Espoo,4,2,,hockeyarchives
liiga,2025/26,2025-09-13,KalPa Kuopio,Tappara Tampere,3,5,,hockeyarchives
liiga,2025/26,2025-09-13,Kiekko-Espoo,Ässät Pori,2,1,,hockeyarchives
liiga,2025/26,2025-09-13,KooKoo Kouvola,SaiPa Lappeenranta,4,6,,hockeyarchives
liiga,2025/26,2025-09-13,Pelicans Lahti,HIFK Helsinki,5,2,,hockeyarchives
liiga,2025/26,2025-09-13,TPS Turku,Lukko Rauma,3,0,,hockeyarchives
liiga,2025/26,2025-09-16,HIFK Helsinki,Lukko Rauma,1,5,,hockeyarchives
liiga,2025/26,2025-09-17,Jukurit Mikkeli,Ilves Tampere,3,2,,hockeyarchives
liiga,2025/26,2025-09-17,Kiekko-Espoo,JYP Jyväskylä,7,3,,hockeyarchives
liiga,2025/26,2025-09-17,SaiPa Lappeenranta,Tappara Tampere,2,3,,hockeyarchives
liiga,2025/26,2025-09-17,Sport Vaasa,Kärpät Oulu,1,2,,hockeyarchives
liiga,2025/26,2025-09-17,TPS Turku,Pelicans Lahti,3,1,,hockeyarchives
liiga,2025/26,2025-09-19,HPK Hämeenlinna,Kiekko-Espoo,2,2,,hockeyarchives
liiga,2025/26,2025-09-19,KooKoo Kouvola,Sport Vaasa,2,6,,hockeyarchives
liiga,2025/26,2025-09-19,Lukko Rauma,HPK Hämeenlinna,6,0,,hockeyarchives
liiga,2025/26,2025-09-19,Pelicans Lahti,Ilves Tampere,2,2,OT,hockeyarchives
liiga,2025/26,2025-09-19,Tappara Tampere,KalPa Kuopio,8,1,,hockeyarchives
liiga,2025/26,2025-09-20,HIFK Helsinki,SaiPa Lappeenranta,1,4,,hockeyarchives
liiga,2025/26,2025-09-20,Ilves Tampere,Lukko Rauma,6,3,,hockeyarchives
liiga,2025/26,2025-09-20,JYP Jyväskylä,Pelicans Lahti,5,1,,hockeyarchives
liiga,2025/26,2025-09-20,Jukurit Mikkeli,KooKoo Kouvola,0,4,,hockeyarchives
liiga,2025/26,2025-09-20,Sport Vaasa,Jukurit Mikkeli,1,4,,hockeyarchives
liiga,2025/26,2025-09-20,TPS Turku,KalPa Kuopio,0,3,,hockeyarchives
liiga,2025/26,2025-09-20,Ässät Pori,Kärpät Oulu,5,2,,hockeyarchives
liiga,2025/26,2025-09-23,HIFK Helsinki,Pelicans Lahti,2,2,OT,hockeyarchives
liiga,2025/26,2025-09-23,Tappara Tampere,TPS Turku,1,2,,hockeyarchives
liiga,2025/26,2025-09-24,HPK Hämeenlinna,Pelicans Lahti,5,2,,hockeyarchives
liiga,2025/26,2025-09-24,Ilves Tampere,JYP Jyväskylä,1,5,,hockeyarchives
liiga,2025/26,2025-09-24,KalPa Kuopio,Ässät Pori,4,7,,hockeyarchives
liiga,2025/26,2025-09-24,Kiekko-Espoo,SaiPa Lappeenranta,4,2,,hockeyarchives
liiga,2025/26,2025-09-24,KooKoo Kouvola,TPS Turku,3,3,SO,hockeyarchives
liiga,2025/26,2025-09-24,Kärpät Oulu,Lukko Rauma,5,7,,hockeyarchives
liiga,2025/26,2025-09-26,Ilves Tampere,Ässät Pori,2,3,,hockeyarchives
liiga,2025/26,2025-09-26,JYP Jyväskylä,Tappara Tampere,4,3,,hockeyarchives
liiga,2025/26,2025-09-26,Jukurit Mikkeli,HPK Hämeenlinna,1,3,,hockeyarchives
liiga,2025/26,2025-09-26,Kiekko-Espoo,Lukko Rauma,4,2,,hockeyarchives
liiga,2025/26,2025-09-26,Kärpät Oulu,KooKoo Kouvola,3,6,,hockeyarchives
liiga,2025/26,2025-09-26,SaiPa Lappeenranta,Jukurit Mikkeli,1,2,,hockeyarchives
liiga,2025/26,2025-09-27,Jukurit Mikkeli,JYP Jyväskylä,4,2,,hockeyarchives
liiga,2025/26,2025-09-27,KalPa Kuopio,Ilves Tampere,4,4,OT,hockeyarchives
liiga,2025/26,2025-09-27,Lukko Rauma,Kiekko-Espoo,2,2,SO,hockeyarchives
liiga,2025/26,2025-09-27,Pelicans Lahti,SaiPa Lappeenranta,2,5,,hockeyarchives
liiga,2025/26,2025-09-27,Sport Vaasa,KooKoo Kouvola,5,1,,hockeyarchives
liiga,2025/26,2025-09-27,TPS Turku,HIFK Helsinki,1,2,,hockeyarchives
liiga,2025/26,2025-09-27,Tappara Tampere,Kärpät Oulu,3,2,,hockeyarchives
liiga,2025/26,2025-09-27,Ässät Pori,JYP Jyväskylä,2,3,,hockeyarchives
liiga,2025/26,2025-09-30,HIFK Helsinki,KooKoo Kouvola,3,3,SO,hockeyarchives
liiga,2025/26,2025-09-30,Tappara Tampere,Lukko Rauma,4,0,,hockeyarchives
liiga,2025/26,2025-10-01,Kärpät Oulu,Pelicans Lahti,2,2,OT,hockeyarchives
liiga,2025/26,2025-10-01,Lukko Rauma,KooKoo Kouvola,3,1,,hockeyarchives
liiga,2025/26,2025-10-01,SaiPa Lappeenranta,HPK Hämeenlinna,2,2,OT,hockeyarchives
liiga,2025/26,2025-10-01,Sport Vaasa,Ilves Tampere,0,2,,hockeyarchives
liiga,2025/26,2025-10-02,HPK Hämeenlinna,Ässät Pori,2,4,,hockeyarchives
liiga,2025/26,2025-10-03,Ilves Tampere,Kärpät Oulu,2,7,,hockeyarchives
liiga,2025/26,2025-10-03,JYP Jyväskylä,HIFK Helsinki,6,0,,hockeyarchives
liiga,2025/26,2025-10-03,Jukurit Mikkeli,Kiekko-Espoo,3,4,,hockeyarchives
liiga,2025/26,2025-10-03,Jukurit Mikkeli,TPS Turku,1,1,SO,hockeyarchives
liiga,2025/26,2025-10-03,KalPa Kuopio,HIFK Helsinki,3,0,,hockeyarchives
liiga,2025/26,2025-10-03,Kiekko-Espoo,Kärpät Oulu,1,5,,hockeyarchives
liiga,2025/26,2025-10-03,KooKoo Kouvola,Pelicans Lahti,5,2,,hockeyarchives
liiga,2025/26,2025-10-03,Lukko Rauma,Ilves Tampere,1,0,,hockeyarchives
liiga,2025/26,2025-10-03,Pelicans Lahti,KalPa Kuopio,0,0,SO,hockeyarchives
liiga,2025/26,2025-10-03,SaiPa Lappeenranta,Sport Vaasa,5,1,,hockeyarchives
liiga,2025/26,2025-10-03,TPS Turku,Jukurit Mikkeli,2,3,,hockeyarchives
liiga,2025/26,2025-10-03,Tappara Tampere,HPK Hämeenlinna,2,4,,hockeyarchives
liiga,2025/26,2025-10-08,Kiekko-Espoo,Sport Vaasa,3,4,,hockeyarchives
liiga,2025/26,2025-10-08,Kärpät Oulu,JYP Jyväskylä,5,2,,hockeyarchives
liiga,2025/26,2025-10-08,Tappara Tampere,KooKoo Kouvola,2,5,,hockeyarchives
liiga,2025/26,2025-10-08,Ässät Pori,Sport Vaasa,4,2,,hockeyarchives
liiga,2025/26,2025-10-09,HPK Hämeenlinna,SaiPa Lappeenranta,1,2,,hockeyarchives
liiga,2025/26,2025-10-10,HIFK Helsinki,Ilves Tampere,6,1,,hockeyarchives
liiga,2025/26,2025-10-10,Ilves Tampere,HIFK Helsinki,3,0,,hockeyarchives
liiga,2025/26,2025-10-10,Jukurit Mikkeli,Kärpät Oulu,6,3,,hockeyarchives
liiga,2025/26,2025-10-10,KalPa Kuopio,TPS Turku,3,3,SO,hockeyarchives
liiga,2025/26,2025-10-10,Lukko Rauma,JYP Jyväskylä,4,2,,hockeyarchives
liiga,2025/26,2025-10-10,Ässät Pori,Tappara Tampere,3,2,,hockeyarchives
liiga,2025/26,2025-10-11,Ilves Tampere,TPS Turku,3,3,OT,hockeyarchives
liiga,2025/26,2025-10-11,JYP Jyväskylä,TPS Turku,5,4,,hockeyarchives
liiga,2025/26,2025-10-11,Kiekko-Espoo,KalPa Kuopio,1,2,,hockeyarchives
liiga,2025/26,2025-10-11,KooKoo Kouvola,Jukurit Mikkeli,5,1,,hockeyarchives
liiga,2025/26,2025-10-11,Pelicans Lahti,Lukko Rauma,2,0,,hockeyarchives
liiga,2025/26,2025-10-11,SaiPa Lappeenranta,Kärpät Oulu,4,3,,hockeyarchives
liiga,2025/26,2025-10-11,Sport Vaasa,HPK Hämeenlinna,4,4,OT,hockeyarchives
liiga,2025/26,2025-10-11,Tappara Tampere,Ässät Pori,2,1,,hockeyarchives
liiga,2025/26,2025-10-17,HIFK Helsinki,KalPa Kuopio,3,2,,hockeyarchives
liiga,2025/26,2025-10-17,Kiekko-Espoo,Tappara Tampere,3,3,SO,hockeyarchives
liiga,2025/26,2025-10-17,KooKoo Kouvola,Lukko Rauma,2,5,,hockeyarchives
liiga,2025/26,2025-10-17,Kärpät Oulu,HPK Hämeenlinna,1,2,,hockeyarchives
liiga,2025/26,2025-10-17,Pelicans Lahti,Jukurit Mikkeli,1,0,,hockeyarchives
liiga,2025/26,2025-10-17,SaiPa Lappeenranta,JYP Jyväskylä,1,1,OT,hockeyarchives
liiga,2025/26,2025-10-17,Sport Vaasa,Ässät Pori,1,2,,hockeyarchives
liiga,2025/26,2025-10-18,JYP Jyväskylä,Sport Vaasa,4,4,OT,hockeyarchives
liiga,2025/26,2025-10-18,Jukurit Mikkeli,Pelicans Lahti,3,2,,hockeyarchives
liiga,2025/26,2025-10-18,KalPa Kuopio,KooKoo Kouvola,4,2,,hockeyarchives
liiga,2025/26,2025-10-18,Lukko Rauma,SaiPa Lappeenranta,4,2,,hockeyarchives
liiga,2025/26,2025-10-18,TPS Turku,Ilves Tampere,3,3,OT,hockeyarchives
liiga,2025/26,2025-10-18,Tappara Tampere,Kiekko-Espoo,3,3,SO,hockeyarchives
liiga,2025/26,2025-10-18,Ässät Pori,HIFK Helsinki,5,0,,hockeyarchives
liiga,2025/26,2025-10-18,Ässät Pori,SaiPa Lappeenranta,2,2,OT,hockeyarchives
liiga,2025/26,2025-10-21,HIFK Helsinki,HPK Hämeenlinna,2,6,,hockeyarchives
liiga,2025/26,2025-10-22,Jukurit Mikkeli,KalPa Kuopio,2,1,,hockeyarchives
liiga,2025/26,2025-10-22,Jukurit Mikkeli,TPS Turku,3,0,,hockeyarchives
liiga,2025/26,2025-10-22,Pelicans Lahti,Tappara Tampere,2,5,,hockeyarchives
liiga,2025/26,2025-10-22,TPS Turku,Sport Vaasa,2,2,SO,hockeyarchives
liiga,2025/26,2025-10-24,HPK Hämeenlinna,KooKoo Kouvola,4,4,SO,hockeyarchives
liiga,2025/26,2025-10-24,KalPa Kuopio,Kärpät Oulu,6,4,,hockeyarchives
liiga,2025/26,2025-10-24,Kiekko-Espoo,HIFK Helsinki,1,0,,hockeyarchives
liiga,2025/26,2025-10-24,KooKoo Kouvola,HPK Hämeenlinna,5,2,,hockeyarchives
liiga,2025/26,2025-10-24,Lukko Rauma,Ässät Pori,5,3,,hockeyarchives
liiga,2025/26,2025-10-24,Tappara Tampere,Ilves Tampere,1,3,,hockeyarchives
liiga,2025/26,2025-10-25,Ilves Tampere,Jukurit Mikkeli,3,2,,hockeyarchives
liiga,2025/26,2025-10-25,JYP Jyväskylä,Kiekko-Espoo,6,3,,hockeyarchives
liiga,2025/26,2025-10-25,KalPa Kuopio,Kärpät Oulu,3,1,,hockeyarchives
liiga,2025/26,2025-10-25,Kärpät Oulu,Ässät Pori,2,4,,hockeyarchives
liiga,2025/26,2025-10-25,Pelicans Lahti,TPS Turku,1,1,OT,hockeyarchives
liiga,2025/26,2025-10-25,SaiPa Lappeenranta,HIFK Helsinki,3,0,,hockeyarchives
liiga,2025/26,2025-10-25,Ässät Pori,Lukko Rauma,3,2,,hockeyarchives
liiga,2025/26,2025-10-28,HIFK Helsinki,JYP Jyväskylä,1,4,,hockeyarchives
liiga,2025/26,2025-10-28,Tappara Tampere,SaiPa Lappeenranta,5,0,,hockeyarchives
liiga,2025/26,2025-10-29,Ilves Tampere,Kiekko-Espoo,5,7,,hockeyarchives
liiga,2025/26,2025-10-29,JYP Jyväskylä,Kärpät Oulu,4,4,SO,hockeyarchives
liiga,2025/26,2025-10-29,KalPa Kuopio,Jukurit Mikkeli,5,3,,hockeyarchives
liiga,2025/26,2025-10-29,TPS Turku,HPK Hämeenlinna,1,0,,hockeyarchives
liiga,2025/26,2025-10-31,Kiekko-Espoo,Jukurit Mikkeli,2,2,OT,hockeyarchives
liiga,2025/26,2025-10-31,Lukko Rauma,Sport Vaasa,2,2,OT,hockeyarchives
liiga,2025/26,2025-10-31,Pelicans Lahti,HPK Hämeenlinna,5,2,,hockeyarchives
liiga,2025/26,2025-10-31,SaiPa Lappeenranta,Ilves Tampere,5,2,,hockeyarchives
liiga,2025/26,2025-10-31,Sport Vaasa,Lukko Rauma,2,1,,hockeyarchives
liiga,2025/26,2025-10-31,Tappara Tampere,HIFK Helsinki,4,1,,hockeyarchives
liiga,2025/26,2025-10-31,Ässät Pori,KooKoo Kouvola,1,2,,hockeyarchives
liiga,2025/26,2025-11-01,HIFK Helsinki,Ässät Pori,3,0,,hockeyarchives
liiga,2025/26,2025-11-01,HPK Hämeenlinna,Pelicans Lahti,1,1,OT,hockeyarchives
liiga,2025/26,2025-11-01,Ilves Tampere,KalPa Kuopio,5,2,,hockeyarchives
liiga,2025/26,2025-11-01,Jukurit Mikkeli,Kiekko-Espoo,2,1,,hockeyarchives
liiga,2025/26,2025-11-01,Kiekko-Espoo,TPS Turku,2,4,,hockeyarchives
liiga,2025/26,2025-11-01,KooKoo Kouvola,JYP Jyväskylä,0,4,,hockeyarchives
liiga,2025/26,2025-11-01,Kärpät Oulu,Tappara Tampere,3,4,,hockeyarchives
liiga,2025/26,2025-11-01,TPS Turku,SaiPa Lappeenranta,1,6,,hockeyarchives
liiga,2025/26,2025-11-12,HPK Hämeenlinna,Sport Vaasa,4,1,,hockeyarchives
liiga,2025/26,2025-11-12,Kärpät Oulu,Jukurit Mikkeli,3,3,SO,hockeyarchives
liiga,2025/26,2025-11-12,Pelicans Lahti,KooKoo Kouvola,0,6,,hockeyarchives
liiga,2025/26,2025-11-12,SaiPa Lappeenranta,Ässät Pori,2,5,,hockeyarchives
liiga,2025/26,2025-11-12,Sport Vaasa,Tappara Tampere,1,7,,hockeyarchives
liiga,2025/26,2025-11-13,Ilves Tampere,Tappara Tampere,4,2,,hockeyarchives
liiga,2025/26,2025-11-14,HIFK Helsinki,Kärpät Oulu,3,3,SO,hockeyarchives
liiga,2025/26,2025-11-14,HPK Hämeenlinna,Ilves Tampere,2,2,OT,hockeyarchives
liiga,2025/26,2025-11-14,JYP Jyväskylä,KalPa Kuopio,5,4,,hockeyarchives
liiga,2025/26,2025-11-14,Jukurit Mikkeli,Lukko Rauma,2,3,,hockeyarchives
liiga,2025/26,2025-11-14,KooKoo Kouvola,SaiPa Lappeenranta,4,1,,hockeyarchives
liiga,2025/26,2025-11-14,TPS Turku,Ässät Pori,3,4,,hockeyarchives
liiga,2025/26,2025-11-15,KalPa Kuopio,JYP Jyväskylä,2,5,,hockeyarchives
liiga,2025/26,2025-11-15,Kiekko-Espoo,KooKoo Kouvola,2,2,OT,hockeyarchives
liiga,2025/26,2025-11-15,Kärpät Oulu,HIFK Helsinki,5,2,,hockeyarchives
liiga,2025/26,2025-11-15,Kärpät Oulu,Kiekko-Espoo,3,1,,hockeyarchives
liiga,2025/26,2025-11-15,SaiPa Lappeenranta,Lukko Rauma,4,5,,hockeyarchives
liiga,2025/26,2025-11-15,Tappara Tampere,Pelicans Lahti,2,0,,hockeyarchives
liiga,2025/26,2025-11-15,Ässät Pori,TPS Turku,1,1,OT,hockeyarchives
liiga,2025/26,2025-11-19,SaiPa Lappeenranta,Pelicans Lahti,2,2,OT,hockeyarchives
liiga,2025/26,2025-11-19,TPS Turku,KooKoo Kouvola,2,2,OT,hockeyarchives
liiga,2025/26,2025-11-20,HPK Hämeenlinna,HIFK Helsinki,4,0,,hockeyarchives
liiga,2025/26,2025-11-20,Tappara Tampere,Sport Vaasa,3,3,SO,hockeyarchives
liiga,2025/26,2025-11-21,JYP Jyväskylä,Lukko Rauma,3,3,OT,hockeyarchives
liiga,2025/26,2025-11-21,Jukurit Mikkeli,Ässät Pori,2,2,OT,hockeyarchives
liiga,2025/26,2025-11-21,Kiekko-Espoo,Ilves Tampere,3,3,OT,hockeyarchives
liiga,2025/26,2025-11-21,Kärpät Oulu,TPS Turku,0,4,,hockeyarchives
liiga,2025/26,2025-11-22,Ilves Tampere,Pelicans Lahti,3,0,,hockeyarchives
liiga,2025/26,2025-11-22,Jukurit Mikkeli,Tappara Tampere,2,2,OT,hockeyarchives
liiga,2025/26,2025-11-22,KalPa Kuopio,Lukko Rauma,6,2,,hockeyarchives
liiga,2025/26,2025-11-22,KooKoo Kouvola,HIFK Helsinki,8,1,,hockeyarchives
liiga,2025/26,2025-11-22,Pelicans Lahti,Ässät Pori,2,0,,hockeyarchives
liiga,2025/26,2025-11-22,Sport Vaasa,TPS Turku,3,1,,hockeyarchives
liiga,2025/26,2025-11-25,KalPa Kuopio,HPK Hämeenlinna,4,1,,hockeyarchives
liiga,2025/26,2025-11-25,Ässät Pori,Kiekko-Espoo,3,5,,hockeyarchives
liiga,2025/26,2025-11-26,HIFK Helsinki,TPS Turku,3,2,,hockeyarchives
liiga,2025/26,2025-11-26,Lukko Rauma,HIFK Helsinki,1,3,,hockeyarchives
liiga,2025/26,2025-11-26,Pelicans Lahti,JYP Jyväskylä,3,1,,hockeyarchives
liiga,2025/26,2025-11-26,SaiPa Lappeenranta,TPS Turku,6,1,,hockeyarchives
liiga,2025/26,2025-11-26,Sport Vaasa,Kiekko-Espoo,2,3,,hockeyarchives
liiga,2025/26,2025-11-26,Tappara Tampere,Jukurit Mikkeli,4,3,,hockeyarchives
liiga,2025/26,2025-11-28,HIFK Helsinki,Jukurit Mikkeli,2,2,OT,hockeyarchives
liiga,2025/26,2025-11-28,JYP Jyväskylä,SaiPa Lappeenranta,3,7,,hockeyarchives
liiga,2025/26,2025-11-28,KooKoo Kouvola,Kärpät Oulu,4,4,SO,hockeyarchives
liiga,2025/26,2025-11-28,Lukko Rauma,Jukurit Mikkeli,1,0,,hockeyarchives
liiga,2025/26,2025-11-28,Tappara Tampere,Ilves Tampere,3,0,,hockeyarchives
liiga,2025/26,2025-11-28,Ässät Pori,KalPa Kuopio,5,1,,hockeyarchives
liiga,2025/26,2025-11-29,HIFK Helsinki,Ässät Pori,4,2,,hockeyarchives
liiga,2025/26,2025-11-29,HPK Hämeenlinna,Lukko Rauma,1,1,SO,hockeyarchives
liiga,2025/26,2025-11-29,Pelicans Lahti,Kärpät Oulu,5,1,,hockeyarchives
liiga,2025/26,2025-11-29,SaiPa Lappeenranta,Kiekko-Espoo,4,1,,hockeyarchives
liiga,2025/26,2025-11-29,Sport Vaasa,KalPa Kuopio,2,5,,hockeyarchives
liiga,2025/26,2025-12-03,Ilves Tampere,HPK Hämeenlinna,3,2,,hockeyarchives
liiga,2025/26,2025-12-03,Pelicans Lahti,KooKoo Kouvola,2,4,,hockeyarchives
liiga,2025/26,2025-12-03,TPS Turku,Kiekko-Espoo,5,0,,hockeyarchives
liiga,2025/26,2025-12-03,Tappara Tampere,JYP Jyväskylä,6,3,,hockeyarchives
liiga,2025/26,2025-12-04,HPK Hämeenlinna,Tappara Tampere,1,3,,hockeyarchives
liiga,2025/26,2025-12-04,KalPa Kuopio,Sport Vaasa,5,3,,hockeyarchives
liiga,2025/26,2025-12-05,JYP Jyväskylä,KalPa Kuopio,6,2,,hockeyarchives
liiga,2025/26,2025-12-05,Jukurit Mikkeli,SaiPa Lappeenranta,1,4,,hockeyarchives
liiga,2025/26,2025-12-05,KooKoo Kouvola,Kiekko-Espoo,3,0,,hockeyarchives
liiga,2025/26,2025-12-05,Kärpät Oulu,HIFK Helsinki,0,1,,hockeyarchives
liiga,2025/26,2025-12-05,Lukko Rauma,TPS Turku,4,2,,hockeyarchives
liiga,2025/26,2025-12-05,Pelicans Lahti,Sport Vaasa,3,0,,hockeyarchives
liiga,2025/26,2025-12-05,TPS Turku,JYP Jyväskylä,1,1,SO,hockeyarchives
liiga,2025/26,2025-12-05,Ässät Pori,Ilves Tampere,3,3,SO,hockeyarchives
liiga,2025/26,2025-12-09,HIFK Helsinki,Tappara Tampere,6,3,,hockeyarchives
liiga,2025/26,2025-12-09,Ässät Pori,Jukurit Mikkeli,4,0,,hockeyarchives
liiga,2025/26,2025-12-10,Kiekko-Espoo,HPK Hämeenlinna,3,1,,hockeyarchives
liiga,2025/26,2025-12-10,KooKoo Kouvola,KalPa Kuopio,5,2,,hockeyarchives
liiga,2025/26,2025-12-10,Lukko Rauma,Kärpät Oulu,5,2,,hockeyarchives
liiga,2025/26,2025-12-10,Sport Vaasa,Pelicans Lahti,0,4,,hockeyarchives
liiga,2025/26,2025-12-11,Ilves Tampere,KooKoo Kouvola,3,0,,hockeyarchives
liiga,2025/26,2025-12-11,TPS Turku,Jukurit Mikkeli,3,1,,hockeyarchives
liiga,2025/26,2025-12-12,JYP Jyväskylä,HPK Hämeenlinna,3,3,SO,hockeyarchives
liiga,2025/26,2025-12-12,KalPa Kuopio,SaiPa Lappeenranta,3,6,,hockeyarchives
liiga,2025/26,2025-12-12,TPS Turku,Tappara Tampere,3,5,,hockeyarchives
liiga,2025/26,2025-12-12,Ässät Pori,Lukko Rauma,1,5,,hockeyarchives
liiga,2025/26,2025-12-13,HIFK Helsinki,HPK Hämeenlinna,4,3,,hockeyarchives
liiga,2025/26,2025-12-13,HPK Hämeenlinna,KalPa Kuopio,1,2,,hockeyarchives
liiga,2025/26,2025-12-13,Kiekko-Espoo,Pelicans Lahti,2,3,,hockeyarchives
liiga,2025/26,2025-12-13,KooKoo Kouvola,Ilves Tampere,1,2,,hockeyarchives
liiga,2025/26,2025-12-13,Kärpät Oulu,SaiPa Lappeenranta,3,3,OT,hockeyarchives
liiga,2025/26,2025-12-13,Lukko Rauma,Ässät Pori,8,3,,hockeyarchives
liiga,2025/26,2025-12-13,Sport Vaasa,HIFK Helsinki,2,2,OT,hockeyarchives
liiga,2025/26,2025-12-17,HIFK Helsinki,TPS Turku,3,3,OT,hockeyarchives
liiga,2025/26,2025-12-17,JYP Jyväskylä,KooKoo Kouvola,4,2,,hockeyarchives
liiga,2025/26,2025-12-17,Jukurit Mikkeli,Sport Vaasa,4,0,,hockeyarchives
liiga,2025/26,2025-12-17,Kärpät Oulu,Kiekko-Espoo,4,3,,hockeyarchives
liiga,2025/26,2025-12-19,HPK Hämeenlinna,JYP Jyväskylä,1,4,,hockeyarchives
liiga,2025/26,2025-12-19,Ilves Tampere,Kiekko-Espoo,5,0,,hockeyarchives
liiga,2025/26,2025-12-19,JYP Jyväskylä,SaiPa Lappeenranta,1,2,,hockeyarchives
liiga,2025/26,2025-12-19,KalPa Kuopio,KooKoo Kouvola,2,6,,hockeyarchives
liiga,2025/26,2025-12-19,SaiPa Lappeenranta,Lukko Rauma,5,2,,hockeyarchives
liiga,2025/26,2025-12-19,Sport Vaasa,Tappara Tampere,4,2,,hockeyarchives
liiga,2025/26,2025-12-19,Ässät Pori,Pelicans Lahti,1,1,SO,hockeyarchives
liiga,2025/26,2025-12-20,Kiekko-Espoo,Ilves Tampere,2,5,,hockeyarchives
liiga,2025/26,2025-12-20,KooKoo Kouvola,KalPa Kuopio,1,1,OT,hockeyarchives
liiga,2025/26,2025-12-20,Kärpät Oulu,Jukurit Mikkeli,2,2,SO,hockeyarchives
liiga,2025/26,2025-12-20,Lukko Rauma,HPK Hämeenlinna,4,2,,hockeyarchives
liiga,2025/26,2025-12-20,Pelicans Lahti,Ässät Pori,1,1,OT,hockeyarchives
liiga,2025/26,2025-12-20,TPS Turku,HIFK Helsinki,4,3,,hockeyarchives
liiga,2025/26,2025-12-20,Tappara Tampere,Pelicans Lahti,5,0,,hockeyarchives
liiga,2025/26,2025-12-20,Tappara Tampere,Sport Vaasa,5,0,,hockeyarchives
liiga,2025/26,2025-12-26,HPK Hämeenlinna,Ilves Tampere,3,8,,hockeyarchives
liiga,2025/26,2025-12-26,JYP Jyväskylä,Kärpät Oulu,5,3,,hockeyarchives
liiga,2025/26,2025-12-26,Kiekko-Espoo,TPS Turku,8,1,,hockeyarchives
liiga,2025/26,2025-12-26,Lukko Rauma,Sport Vaasa,1,1,OT,hockeyarchives
liiga,2025/26,2025-12-26,SaiPa Lappeenranta,KalPa Kuopio,3,5,,hockeyarchives
liiga,2025/26,2025-12-26,TPS Turku,Kiekko-Espoo,0,1,,hockeyarchives
liiga,2025/26,2025-12-27,HPK Hämeenlinna,JYP Jyväskylä,2,2,OT,hockeyarchives
liiga,2025/26,2025-12-27,KalPa Kuopio,SaiPa Lappeenranta,4,2,,hockeyarchives
liiga,2025/26,2025-12-27,KooKoo Kouvola,Tappara Tampere,6,3,,hockeyarchives
liiga,2025/26,2025-12-27,Kärpät Oulu,JYP Jyväskylä,2,4,,hockeyarchives
liiga,2025/26,2025-12-27,Pelicans Lahti,Lukko Rauma,1,5,,hockeyarchives
liiga,2025/26,2025-12-27,Sport Vaasa,Ilves Tampere,1,4,,hockeyarchives
liiga,2025/26,2025-12-27,Ässät Pori,HPK Hämeenlinna,3,3,OT,hockeyarchives
liiga,2025/26,2025-12-30,Ilves Tampere,Kärpät Oulu,2,2,OT,hockeyarchives
liiga,2025/26,2025-12-30,Jukurit Mikkeli,Pelicans Lahti,5,3,,hockeyarchives
liiga,2025/26,2025-12-30,Kiekko-Espoo,Tappara Tampere,2,5,,hockeyarchives
liiga,2025/26,2025-12-30,Sport Vaasa,Ässät Pori,2,1,,hockeyarchives
liiga,2025/26,2026-01-03,HIFK Helsinki,JYP Jyväskylä,5,3,,hockeyarchives
liiga,2025/26,2026-01-03,HPK Hämeenlinna,Jukurit Mikkeli,3,1,,hockeyarchives
liiga,2025/26,2026-01-03,Ilves Tampere,TPS Turku,5,2,,hockeyarchives
liiga,2025/26,2026-01-03,Jukurit Mikkeli,Lukko Rauma,1,2,,hockeyarchives
liiga,2025/26,2026-01-03,KalPa Kuopio,Pelicans Lahti,2,1,,hockeyarchives
liiga,2025/26,2026-01-03,Kärpät Oulu,Sport Vaasa,6,0,,hockeyarchives
liiga,2025/26,2026-01-03,SaiPa Lappeenranta,KooKoo Kouvola,2,2,SO,hockeyarchives
liiga,2025/26,2026-01-05,HIFK Helsinki,KalPa Kuopio,5,1,,hockeyarchives
liiga,2025/26,2026-01-05,KooKoo Kouvola,SaiPa Lappeenranta,3,4,,hockeyarchives
liiga,2025/26,2026-01-05,Tappara Tampere,HPK Hämeenlinna,2,1,,hockeyarchives
liiga,2025/26,2026-01-07,HPK Hämeenlinna,Kiekko-Espoo,2,0,,hockeyarchives
liiga,2025/26,2026-01-07,Ilves Tampere,Sport Vaasa,2,2,OT,hockeyarchives
liiga,2025/26,2026-01-07,Lukko Rauma,SaiPa Lappeenranta,3,4,,hockeyarchives
liiga,2025/26,2026-01-07,Ässät Pori,Kärpät Oulu,4,3,,hockeyarchives
liiga,2025/26,2026-01-09,HIFK Helsinki,Ilves Tampere,1,0,,hockeyarchives
liiga,2025/26,2026-01-09,KalPa Kuopio,Sport Vaasa,4,3,,hockeyarchives
liiga,2025/26,2026-01-09,KooKoo Kouvola,JYP Jyväskylä,6,1,,hockeyarchives
liiga,2025/26,2026-01-09,Lukko Rauma,Kärpät Oulu,4,1,,hockeyarchives
liiga,2025/26,2026-01-09,SaiPa Lappeenranta,TPS Turku,1,4,,hockeyarchives
liiga,2025/26,2026-01-09,TPS Turku,Kärpät Oulu,2,3,,hockeyarchives
liiga,2025/26,2026-01-09,Tappara Tampere,Ässät Pori,6,2,,hockeyarchives
liiga,2025/26,2026-01-10,Ilves Tampere,HIFK Helsinki,6,0,,hockeyarchives
liiga,2025/26,2026-01-10,JYP Jyväskylä,KalPa Kuopio,2,5,,hockeyarchives
liiga,2025/26,2026-01-10,Kiekko-Espoo,SaiPa Lappeenranta,3,4,,hockeyarchives
liiga,2025/26,2026-01-10,Lukko Rauma,Pelicans Lahti,3,3,OT,hockeyarchives
liiga,2025/26,2026-01-10,Pelicans Lahti,HPK Hämeenlinna,1,4,,hockeyarchives
liiga,2025/26,2026-01-10,Sport Vaasa,Jukurit Mikkeli,1,3,,hockeyarchives
liiga,2025/26,2026-01-10,Ässät Pori,Tappara Tampere,1,5,,hockeyarchives
liiga,2025/26,2026-01-13,HIFK Helsinki,KooKoo Kouvola,1,6,,hockeyarchives
liiga,2025/26,2026-01-14,HPK Hämeenlinna,TPS Turku,3,1,,hockeyarchives
liiga,2025/26,2026-01-14,Ilves Tampere,JYP Jyväskylä,3,3,SO,hockeyarchives
liiga,2025/26,2026-01-14,Kiekko-Espoo,KalPa Kuopio,1,1,OT,hockeyarchives
liiga,2025/26,2026-01-14,Kärpät Oulu,SaiPa Lappeenranta,1,2,,hockeyarchives
liiga,2025/26,2026-01-16,JYP Jyväskylä,Sport Vaasa,3,1,,hockeyarchives
liiga,2025/26,2026-01-16,Jukurit Mikkeli,SaiPa Lappeenranta,3,3,OT,hockeyarchives
liiga,2025/26,2026-01-16,Kiekko-Espoo,KooKoo Kouvola,4,2,,hockeyarchives
liiga,2025/26,2026-01-16,Kärpät Oulu,Lukko Rauma,4,4,OT,hockeyarchives
liiga,2025/26,2026-01-16,Pelicans Lahti,KalPa Kuopio,1,3,,hockeyarchives
liiga,2025/26,2026-01-16,SaiPa Lappeenranta,Jukurit Mikkeli,5,2,,hockeyarchives
liiga,2025/26,2026-01-16,Tappara Tampere,HIFK Helsinki,4,5,,hockeyarchives
liiga,2025/26,2026-01-16,Ässät Pori,Ilves Tampere,2,1,,hockeyarchives
liiga,2025/26,2026-01-17,HIFK Helsinki,Kiekko-Espoo,2,3,,hockeyarchives
liiga,2025/26,2026-01-17,HIFK Helsinki,Sport Vaasa,3,3,OT,hockeyarchives
liiga,2025/26,2026-01-17,Ilves Tampere,Ässät Pori,5,1,,hockeyarchives
liiga,2025/26,2026-01-17,KooKoo Kouvola,Pelicans Lahti,1,2,,hockeyarchives
liiga,2025/26,2026-01-17,Sport Vaasa,Lukko Rauma,6,1,,hockeyarchives
liiga,2025/26,2026-01-17,TPS Turku,Tappara Tampere,4,2,,hockeyarchives
liiga,2025/26,2026-01-21,Jukurit Mikkeli,Sport Vaasa,6,2,,hockeyarchives
liiga,2025/26,2026-01-21,Kiekko-Espoo,HPK Hämeenlinna,2,2,OT,hockeyarchives
liiga,2025/26,2026-01-21,SaiPa Lappeenranta,JYP Jyväskylä,2,2,OT,hockeyarchives
liiga,2025/26,2026-01-22,Ilves Tampere,Tappara Tampere,2,6,,hockeyarchives
liiga,2025/26,2026-01-22,KalPa Kuopio,HPK Hämeenlinna,3,1,,hockeyarchives
liiga,2025/26,2026-01-23,HPK Hämeenlinna,HIFK Helsinki,0,4,,hockeyarchives
liiga,2025/26,2026-01-23,Kiekko-Espoo,Kärpät Oulu,1,2,,hockeyarchives
liiga,2025/26,2026-01-23,TPS Turku,Pelicans Lahti,3,3,OT,hockeyarchives
liiga,2025/26,2026-01-23,Ässät Pori,Lukko Rauma,1,1,OT,hockeyarchives
liiga,2025/26,2026-01-24,Ilves Tampere,Sport Vaasa,5,2,,hockeyarchives
liiga,2025/26,2026-01-24,Jukurit Mikkeli,Ilves Tampere,2,2,OT,hockeyarchives
liiga,2025/26,2026-01-24,KalPa Kuopio,JYP Jyväskylä,0,0,SO,hockeyarchives
liiga,2025/26,2026-01-24,KooKoo Kouvola,Kiekko-Espoo,5,1,,hockeyarchives
liiga,2025/26,2026-01-24,Lukko Rauma,Ässät Pori,3,5,,hockeyarchives
liiga,2025/26,2026-01-24,SaiPa Lappeenranta,Kärpät Oulu,7,4,,hockeyarchives
liiga,2025/26,2026-01-24,Sport Vaasa,Pelicans Lahti,2,3,,hockeyarchives
liiga,2025/26,2026-01-24,Tappara Tampere,TPS Turku,4,3,,hockeyarchives
liiga,2025/26,2026-01-27,JYP Jyväskylä,Lukko Rauma,4,3,,hockeyarchives
liiga,2025/26,2026-01-27,Jukurit Mikkeli,Tappara Tampere,2,3,,hockeyarchives
liiga,2025/26,2026-01-27,Kärpät Oulu,Pelicans Lahti,2,2,OT,hockeyarchives
liiga,2025/26,2026-01-27,TPS Turku,KalPa Kuopio,2,2,OT,hockeyarchives
liiga,2025/26,2026-01-28,JYP Jyväskylä,TPS Turku,1,1,OT,hockeyarchives
liiga,2025/26,2026-01-28,Ässät Pori,KooKoo Kouvola,2,5,,hockeyarchives
liiga,2025/26,2026-01-30,HIFK Helsinki,Tappara Tampere,5,5,SO,hockeyarchives
liiga,2025/26,2026-01-30,KalPa Kuopio,Ässät Pori,2,2,OT,hockeyarchives
liiga,2025/26,2026-01-30,Lukko Rauma,HIFK Helsinki,6,2,,hockeyarchives
liiga,2025/26,2026-01-30,Tappara Tampere,SaiPa Lappeenranta,6,1,,hockeyarchives
liiga,2025/26,2026-01-31,HPK Hämeenlinna,Lukko Rauma,0,0,OT,hockeyarchives
liiga,2025/26,2026-01-31,Ilves Tampere,KalPa Kuopio,3,1,,hockeyarchives
liiga,2025/26,2026-01-31,Ilves Tampere,Pelicans Lahti,3,0,,hockeyarchives
liiga,2025/26,2026-01-31,KooKoo Kouvola,TPS Turku,5,1,,hockeyarchives
liiga,2025/26,2026-01-31,Kärpät Oulu,Ässät Pori,0,4,,hockeyarchives
liiga,2025/26,2026-01-31,Pelicans Lahti,Jukurit Mikkeli,2,1,,hockeyarchives
liiga,2025/26,2026-01-31,SaiPa Lappeenranta,Kiekko-Espoo,2,2,SO,hockeyarchives
liiga,2025/26,2026-01-31,Sport Vaasa,JYP Jyväskylä,1,4,,hockeyarchives
liiga,2025/26,2026-02-03,Jukurit Mikkeli,HIFK Helsinki,1,2,,hockeyarchives
liiga,2025/26,2026-02-03,KalPa Kuopio,TPS Turku,7,3,,hockeyarchives
liiga,2025/26,2026-02-03,KooKoo Kouvola,Ässät Pori,3,1,,hockeyarchives
liiga,2025/26,2026-02-03,Lukko Rauma,JYP Jyväskylä,5,2,,hockeyarchives
liiga,2025/26,2026-02-04,JYP Jyväskylä,HPK Hämeenlinna,4,4,SO,hockeyarchives
liiga,2025/26,2026-02-04,Tappara Tampere,Kärpät Oulu,1,4,,hockeyarchives
liiga,2025/26,2026-02-05,HIFK Helsinki,Kärpät Oulu,3,2,,hockeyarchives
liiga,2025/26,2026-02-06,HPK Hämeenlinna,Ässät Pori,3,1,,hockeyarchives
liiga,2025/26,2026-02-06,Ilves Tampere,KooKoo Kouvola,1,3,,hockeyarchives
liiga,2025/26,2026-02-06,Jukurit Mikkeli,KalPa Kuopio,0,2,,hockeyarchives
liiga,2025/26,2026-02-06,Lukko Rauma,TPS Turku,3,2,,hockeyarchives
liiga,2025/26,2026-02-06,Ässät Pori,Pelicans Lahti,6,5,,hockeyarchives
liiga,2025/26,2026-02-07,JYP Jyväskylä,HIFK Helsinki,2,0,,hockeyarchives
liiga,2025/26,2026-02-07,KalPa Kuopio,Jukurit Mikkeli,2,0,,hockeyarchives
liiga,2025/26,2026-02-07,KooKoo Kouvola,Lukko Rauma,1,3,,hockeyarchives
liiga,2025/26,2026-02-07,Kärpät Oulu,Ilves Tampere,1,2,,hockeyarchives
liiga,2025/26,2026-02-07,Pelicans Lahti,TPS Turku,2,0,,hockeyarchives
liiga,2025/26,2026-02-07,Sport Vaasa,SaiPa Lappeenranta,0,4,,hockeyarchives
liiga,2025/26,2026-02-07,Tappara Tampere,Kiekko-Espoo,3,4,,hockeyarchives
liiga,2025/26,2026-02-08,KalPa Kuopio,Pelicans Lahti,5,3,,hockeyarchives
liiga,2025/26,2026-02-10,Kiekko-Espoo,Jukurit Mikkeli,1,0,,hockeyarchives
liiga,2025/26,2026-02-10,KooKoo Kouvola,Sport Vaasa,4,1,,hockeyarchives
liiga,2025/26,2026-02-10,TPS Turku,HPK Hämeenlinna,3,1,,hockeyarchives
liiga,2025/26,2026-02-11,HIFK Helsinki,Lukko Rauma,0,4,,hockeyarchives
liiga,2025/26,2026-02-11,SaiPa Lappeenranta,Ässät Pori,4,0,,hockeyarchives
liiga,2025/26,2026-02-13,Ilves Tampere,Jukurit Mikkeli,6,2,,hockeyarchives
liiga,2025/26,2026-02-13,Jukurit Mikkeli,Kiekko-Espoo,2,2,SO,hockeyarchives
liiga,2025/26,2026-02-13,KooKoo Kouvola,HPK Hämeenlinna,7,3,,hockeyarchives
liiga,2025/26,2026-02-13,Kärpät Oulu,KalPa Kuopio,2,5,,hockeyarchives
liiga,2025/26,2026-02-13,Pelicans Lahti,JYP Jyväskylä,9,2,,hockeyarchives
liiga,2025/26,2026-02-13,TPS Turku,Sport Vaasa,3,1,,hockeyarchives
liiga,2025/26,2026-02-13,Tappara Tampere,Ilves Tampere,4,1,,hockeyarchives
liiga,2025/26,2026-02-14,HPK Hämeenlinna,KooKoo Kouvola,2,4,,hockeyarchives
liiga,2025/26,2026-02-14,JYP Jyväskylä,Pelicans Lahti,2,2,OT,hockeyarchives
liiga,2025/26,2026-02-14,Kiekko-Espoo,Ässät Pori,4,1,,hockeyarchives
liiga,2025/26,2026-02-14,Kärpät Oulu,KalPa Kuopio,3,1,,hockeyarchives
liiga,2025/26,2026-02-14,Lukko Rauma,Tappara Tampere,1,4,,hockeyarchives
liiga,2025/26,2026-02-14,SaiPa Lappeenranta,HIFK Helsinki,5,3,,hockeyarchives
liiga,2025/26,2026-02-14,Sport Vaasa,TPS Turku,1,4,,hockeyarchives
liiga,2025/26,2026-02-14,Ässät Pori,SaiPa Lappeenranta,3,3,OT,hockeyarchives
liiga,2025/26,2026-02-15,Ilves Tampere,Lukko Rauma,3,2,,hockeyarchives
liiga,2025/26,2026-02-17,Pelicans Lahti,Kärpät Oulu,0,5,,hockeyarchives
liiga,2025/26,2026-02-17,Sport Vaasa,HPK Hämeenlinna,0,4,,hockeyarchives
liiga,2025/26,2026-02-17,Ässät Pori,Jukurit Mikkeli,5,3,,hockeyarchives
liiga,2025/26,2026-02-18,HPK Hämeenlinna,KalPa Kuopio,1,1,SO,hockeyarchives
liiga,2025/26,2026-02-18,Kiekko-Espoo,Lukko Rauma,2,2,OT,hockeyarchives
liiga,2025/26,2026-02-18,KooKoo Kouvola,Kärpät Oulu,4,3,,hockeyarchives
liiga,2025/26,2026-02-18,Tappara Tampere,JYP Jyväskylä,4,1,,hockeyarchives
liiga,2025/26,2026-02-19,Jukurit Mikkeli,Kärpät Oulu,5,4,,hockeyarchives
liiga,2025/26,2026-02-20,Kiekko-Espoo,HIFK Helsinki,4,0,,hockeyarchives
liiga,2025/26,2026-02-20,Pelicans Lahti,Tappara Tampere,4,3,,hockeyarchives
liiga,2025/26,2026-02-21,KalPa Kuopio,Ilves Tampere,3,4,,hockeyarchives
liiga,2025/26,2026-02-21,KalPa Kuopio,Kiekko-Espoo,2,2,OT,hockeyarchives
liiga,2025/26,2026-02-21,SaiPa Lappeenranta,KooKoo Kouvola,6,2,,hockeyarchives
liiga,2025/26,2026-02-21,TPS Turku,JYP Jyväskylä,3,8,,hockeyarchives
liiga,2025/26,2026-02-21,Ässät Pori,Sport Vaasa,4,1,,hockeyarchives
liiga,2025/26,2026-02-24,JYP Jyväskylä,Kiekko-Espoo,2,0,,hockeyarchives
liiga,2025/26,2026-02-25,HIFK Helsinki,Jukurit Mikkeli,2,2,OT,hockeyarchives
liiga,2025/26,2026-02-25,Lukko Rauma,Jukurit Mikkeli,2,1,,hockeyarchives
liiga,2025/26,2026-02-25,Pelicans Lahti,Ilves Tampere,2,1,,hockeyarchives
liiga,2025/26,2026-02-25,Sport Vaasa,KooKoo Kouvola,3,4,,hockeyarchives
liiga,2025/26,2026-02-25,TPS Turku,SaiPa Lappeenranta,1,3,,hockeyarchives
liiga,2025/26,2026-02-27,HPK Hämeenlinna,SaiPa Lappeenranta,1,5,,hockeyarchives
liiga,2025/26,2026-02-27,JYP Jyväskylä,KooKoo Kouvola,2,3,,hockeyarchives
liiga,2025/26,2026-02-27,Jukurit Mikkeli,JYP Jyväskylä,2,2,SO,hockeyarchives
liiga,2025/26,2026-02-27,KalPa Kuopio,Tappara Tampere,1,10,,hockeyarchives
liiga,2025/26,2026-02-27,Pelicans Lahti,Sport Vaasa,2,2,SO,hockeyarchives
liiga,2025/26,2026-02-28,HIFK Helsinki,SaiPa Lappeenranta,2,5,,hockeyarchives
liiga,2025/26,2026-02-28,KooKoo Kouvola,Ilves Tampere,5,1,,hockeyarchives
liiga,2025/26,2026-02-28,Kärpät Oulu,Tappara Tampere,1,4,,hockeyarchives
liiga,2025/26,2026-02-28,Lukko Rauma,Pelicans Lahti,2,5,,hockeyarchives
liiga,2025/26,2026-02-28,SaiPa Lappeenranta,HPK Hämeenlinna,0,3,,hockeyarchives
liiga,2025/26,2026-02-28,Sport Vaasa,Kiekko-Espoo,1,5,,hockeyarchives
liiga,2025/26,2026-02-28,Ässät Pori,HIFK Helsinki,1,4,,hockeyarchives
liiga,2025/26,2026-03-04,Kiekko-Espoo,JYP Jyväskylä,2,2,OT,hockeyarchives
liiga,2025/26,2026-03-04,Kärpät Oulu,KooKoo Kouvola,3,3,SO,hockeyarchives
liiga,2025/26,2026-03-04,Sport Vaasa,KalPa Kuopio,1,6,,hockeyarchives
liiga,2025/26,2026-03-04,TPS Turku,Lukko Rauma,3,3,SO,hockeyarchives
liiga,2025/26,2026-03-04,Tappara Tampere,Jukurit Mikkeli,3,1,,hockeyarchives
liiga,2025/26,2026-03-04,Ässät Pori,KalPa Kuopio,2,3,,hockeyarchives
liiga,2025/26,2026-03-05,HPK Hämeenlinna,Kärpät Oulu,2,2,OT,hockeyarchives
liiga,2025/26,2026-03-06,HPK Hämeenlinna,Kärpät Oulu,6,3,,hockeyarchives
liiga,2025/26,2026-03-06,Ilves Tampere,Tappara Tampere,3,3,OT,hockeyarchives
liiga,2025/26,2026-03-06,JYP Jyväskylä,Jukurit Mikkeli,3,3,SO,hockeyarchives
liiga,2025/26,2026-03-06,Lukko Rauma,KooKoo Kouvola,4,2,,hockeyarchives
liiga,2025/26,2026-03-06,Pelicans Lahti,HIFK Helsinki,1,4,,hockeyarchives
liiga,2025/26,2026-03-07,Ilves Tampere,HPK Hämeenlinna,3,1,,hockeyarchives
liiga,2025/26,2026-03-07,Jukurit Mikkeli,Ässät Pori,1,3,,hockeyarchives
liiga,2025/26,2026-03-07,KooKoo Kouvola,HIFK Helsinki,1,5,,hockeyarchives
liiga,2025/26,2026-03-07,SaiPa Lappeenranta,Pelicans Lahti,4,2,,hockeyarchives
liiga,2025/26,2026-03-07,Sport Vaasa,JYP Jyväskylä,0,3,,hockeyarchives
liiga,2025/26,2026-03-07,TPS Turku,Ilves Tampere,1,4,,hockeyarchives
liiga,2025/26,2026-03-07,Tappara Tampere,KalPa Kuopio,3,3,SO,hockeyarchives
liiga,2025/26,2026-03-10,JYP Jyväskylä,Tappara Tampere,2,2,OT,hockeyarchives
liiga,2025/26,2026-03-10,Ässät Pori,Kiekko-Espoo,0,4,,hockeyarchives
liiga,2025/26,2026-03-11,JYP Jyväskylä,Ilves Tampere,3,6,,hockeyarchives
liiga,2025/26,2026-03-11,KalPa Kuopio,HIFK Helsinki,1,4,,hockeyarchives
liiga,2025/26,2026-03-11,Lukko Rauma,Kiekko-Espoo,1,1,SO,hockeyarchives
liiga,2025/26,2026-03-11,Pelicans Lahti,SaiPa Lappeenranta,4,1,,hockeyarchives
liiga,2025/26,2026-03-11,TPS Turku,Sport Vaasa,3,0,,hockeyarchives
liiga,2025/26,2026-03-13,HIFK Helsinki,Kärpät Oulu,3,1,,hockeyarchives
liiga,2025/26,2026-03-13,HPK Hämeenlinna,Pelicans Lahti,1,4,,hockeyarchives
liiga,2025/26,2026-03-13,Kiekko-Espoo,Sport Vaasa,7,0,,hockeyarchives
liiga,2025/26,2026-03-13,KooKoo Kouvola,Jukurit Mikkeli,5,1,,hockeyarchives
liiga,2025/26,2026-03-13,Pelicans Lahti,HPK Hämeenlinna,2,2,SO,hockeyarchives
liiga,2025/26,2026-03-13,Tappara Tampere,Lukko Rauma,6,2,,hockeyarchives
liiga,2025/26,2026-03-13,Ässät Pori,TPS Turku,6,2,,hockeyarchives
liiga,2025/26,2026-03-14,HIFK Helsinki,Pelicans Lahti,4,0,,hockeyarchives
liiga,2025/26,2026-03-14,Jukurit Mikkeli,KooKoo Kouvola,3,7,,hockeyarchives
liiga,2025/26,2026-03-14,KalPa Kuopio,JYP Jyväskylä,6,3,,hockeyarchives
liiga,2025/26,2026-03-14,Kärpät Oulu,HIFK Helsinki,4,5,,hockeyarchives
liiga,2025/26,2026-03-14,Lukko Rauma,Ilves Tampere,4,1,,hockeyarchives
liiga,2025/26,2026-03-14,SaiPa Lappeenranta,Tappara Tampere,6,4,,hockeyarchives
liiga,2025/26,2026-03-14,TPS Turku,Ässät Pori,2,5,,hockeyarchives
liiga,2025/26,2026-03-17,HPK Hämeenlinna,Tappara Tampere,2,2,OT,hockeyarchives
liiga,2025/26,2026-03-17,Ilves Tampere,SaiPa Lappeenranta,4,1,,hockeyarchives
liiga,2025/26,2026-03-17,JYP Jyväskylä,Ässät Pori,5,4,,hockeyarchives
liiga,2025/26,2026-03-17,Kiekko-Espoo,Jukurit Mikkeli,3,0,,hockeyarchives
liiga,2025/26,2026-03-17,Lukko Rauma,KalPa Kuopio,5,5,OT,hockeyarchives
liiga,2025/26,2026-03-17,Sport Vaasa,Kärpät Oulu,1,3,,hockeyarchives
liiga,2025/26,2026-03-17,TPS Turku,KooKoo Kouvola,3,4,,hockeyarchives
liiga,2025/26,2026-03-26,HIFK Helsinki,KalPa Kuopio,1,4,,hockeyarchives
liiga,2025/26,2026-03-26,HPK Hämeenlinna,Lukko Rauma,4,1,,hockeyarchives
liiga,2025/26,2026-03-26,JYP Jyväskylä,Pelicans Lahti,0,1,,hockeyarchives
liiga,2025/26,2026-03-26,KalPa Kuopio,HIFK Helsinki,2,2,OT,hockeyarchives
liiga,2025/26,2026-03-26,Kiekko-Espoo,Ässät Pori,4,1,,hockeyarchives
liiga,2025/26,2026-03-26,Lukko Rauma,HPK Hämeenlinna,1,3,,hockeyarchives
liiga,2025/26,2026-03-26,Pelicans Lahti,JYP Jyväskylä,3,2,,hockeyarchives
liiga,2025/26,2026-03-26,Ässät Pori,Kiekko-Espoo,5,2,,hockeyarchives
liiga,2025/26,2026-04-12,HPK Hämeenlinna,Tappara Tampere,3,3,OT,hockeyarchives
liiga,2025/26,2026-04-12,KooKoo Kouvola,Pelicans Lahti,4,1,,hockeyarchives
liiga,2025/26,2026-04-12,Pelicans Lahti,KooKoo Kouvola,1,5,,hockeyarchives
liiga,2025/26,2026-04-12,Tappara Tampere,HPK Hämeenlinna,1,0,,hockeyarchives
liiga,2025/26,2026-04-13,Ilves Tampere,KalPa Kuopio,1,1,OT,hockeyarchives
liiga,2025/26,2026-04-13,KalPa Kuopio,Ilves Tampere,3,4,,hockeyarchives
liiga,2025/26,2026-04-13,SaiPa Lappeenranta,Ässät Pori,4,2,,hockeyarchives
liiga,2025/26,2026-04-13,Ässät Pori,SaiPa Lappeenranta,1,3,,hockeyarchives
liiga,2025/26,2026-04-29,Ilves Tampere,Tappara Tampere,3,4,,hockeyarchives
liiga,2025/26,2026-04-29,KooKoo Kouvola,SaiPa Lappeenranta,4,0,,hockeyarchives
liiga,2025/26,2026-04-29,SaiPa Lappeenranta,KooKoo Kouvola,2,2,OT,hockeyarchives
liiga,2025/26,2026-04-29,Tappara Tampere,Ilves Tampere,1,1,OT,hockeyarchives
liiga,2025/26,2026-04-30,SaiPa Lappeenranta,Ilves Tampere,7,2,,hockeyarchives
liiga,2025/26,2026-05-13,KooKoo Kouvola,Tappara Tampere,1,2,,hockeyarchives
liiga,2025/26,2026-05-13,Tappara Tampere,KooKoo Kouvola,2,1,,hockeyarchives
liiga,2026/27,2026-09-01,Jukurit,HPK,1,4,,liiga-api
liiga,2026/27,2026-09-01,K-Espoo,KalPa,5,1,,liiga-api
liiga,2026/27,2026-09-01,Kärpät,Ässät,3,1,,liiga-api
liiga,2026/27,2026-09-01,Lukko,Ilves,0,2,,liiga-api
liiga,2026/27,2026-09-01,SaiPa,Tappara,4,2,,liiga-api
liiga,2026/27,2026-09-01,Sport,Jokerit,4,4,SO,liiga-api
liiga,2026/27,2026-09-01,TPS,KooKoo,4,2,,liiga-api
liiga,2026/27,2026-09-04,HIFK,HPK,5,3,,liiga-api
liiga,2026/27,2026-09-04,KalPa,Jukurit,4,0,,liiga-api
liiga,2026/27,2026-09-04,Pelicans,Sport,6,3,,liiga-api
liiga,2026/27,2026-09-04,Ässät,Ilves,5,1,,liiga-api
liiga,2026/27,2026-09-05,Jukurit,Sport,4,0,,liiga-api
liiga,2026/27,2026-09-05,K-Espoo,Pelicans,1,2,,liiga-api
liiga,2026/27,2026-09-05,Kärpät,JYP,3,4,,liiga-api
liiga,2026/27,2026-09-05,Lukko,Jokerit,7,2,,liiga-api
liiga,2026/27,2026-09-05,TPS,HIFK,5,1,,liiga-api
liiga,2026/27,2026-09-08,HPK,Ilves,0,4,,liiga-api
liiga,2026/27,2026-09-09,Jukurit,HIFK,3,1,,liiga-api
liiga,2026/27,2026-09-09,K-Espoo,KooKoo,6,2,,liiga-api
liiga,2026/27,2026-09-09,Lukko,JYP,0,5,,liiga-api
liiga,2026/27,2026-09-09,Pelicans,KalPa,2,0,,liiga-api
liiga,2026/27,2026-09-09,Sport,TPS,2,1,,liiga-api
liiga,2026/27,2026-09-09,Ässät,Jokerit,3,2,,liiga-api
liiga,2026/27,2026-09-15,KalPa,HPK,7,0,,liiga-api
liiga,2026/27,2026-09-15,Pelicans,Tappara,2,3,,liiga-api
liiga,2026/27,2026-09-15,SaiPa,K-Espoo,1,1,OT,liiga-api
liiga,2026/27,2026-09-15,TPS,Jukurit,1,4,,liiga-api
liiga,2026/27,2026-09-15,Ässät,Sport,5,1,,liiga-api
liiga,2026/27,2026-09-16,HIFK,Jukurit,4,7,,liiga-api
liiga,2026/27,2026-09-16,KooKoo,JYP,3,5,,liiga-api
liiga,2026/27,2026-09-16,Kärpät,Ilves,3,3,OT,liiga-api
liiga,2026/27,2026-09-17,Jokerit,JYP,2,4,,liiga-api
liiga,2026/27,2026-09-17,Lukko,Sport,1,2,,liiga-api
liiga,2026/27,2026-09-17,TPS,Tappara,4,0,,liiga-api
liiga,2026/27,2026-09-18,Jukurit,Pelicans,3,1,,liiga-api
liiga,2026/27,2026-09-18,KalPa,Ilves,1,2,,liiga-api
liiga,2026/27,2026-09-18,KooKoo,SaiPa,0,4,,liiga-api
liiga,2026/27,2026-09-19,HIFK,Lukko,2,2,OT,liiga-api
liiga,2026/27,2026-09-19,HPK,TPS,3,1,,liiga-api
liiga,2026/27,2026-09-19,Jokerit,Tappara,0,6,,liiga-api
liiga,2026/27,2026-09-19,Kärpät,Sport,3,2,,liiga-api
liiga,2026/27,2026-09-19,Pelicans,JYP,1,3,,liiga-api
liiga,2026/27,2026-09-19,SaiPa,KooKoo,1,1,OT,liiga-api
liiga,2026/27,2026-09-19,Ässät,K-Espoo,2,1,,liiga-api
liiga,2026/27,2026-09-22,HPK,Lukko,1,3,,liiga-api
liiga,2026/27,2026-09-22,Jokerit,Pelicans,3,0,,liiga-api
liiga,2026/27,2026-09-22,Tappara,Kärpät,4,0,,liiga-api
liiga,2026/27,2026-09-23,HIFK,Kärpät,3,1,,liiga-api
liiga,2026/27,2026-09-23,KooKoo,KalPa,4,5,,liiga-api
liiga,2026/27,2026-09-23,SaiPa,Ässät,1,1,SO,liiga-api
liiga,2026/27,2026-09-23,Sport,K-Espoo,0,0,OT,liiga-api
liiga,2026/27,2026-09-24,Lukko,Tappara,3,2,,liiga-api
liiga,2026/27,2026-09-25,HIFK,JYP,3,4,,liiga-api
liiga,2026/27,2026-09-25,Ilves,KooKoo,6,0,,liiga-api
liiga,2026/27,2026-09-25,Jokerit,TPS,1,2,,liiga-api
liiga,2026/27,2026-09-25,Jukurit,K-Espoo,1,1,OT,liiga-api
liiga,2026/27,2026-09-25,Ässät,SaiPa,0,5,,liiga-api
liiga,2026/27,2026-09-26,HPK,Ässät,4,4,OT,liiga-api
liiga,2026/27,2026-09-26,K-Espoo,Jokerit,4,1,,liiga-api
liiga,2026/27,2026-09-26,KalPa,Lukko,1,2,,liiga-api
liiga,2026/27,2026-09-26,KooKoo,Jukurit,3,5,,liiga-api
liiga,2026/27,2026-09-26,Pelicans,HIFK,2,1,,liiga-api
liiga,2026/27,2026-09-26,Sport,Kärpät,1,2,,liiga-api
liiga,2026/27,2026-09-26,Tappara,SaiPa,2,4,,liiga-api
liiga,2026/27,2026-09-27,Ilves,TPS,3,2,,liiga-api
liiga,2026/27,2026-09-29,Ilves,Jukurit,3,2,,liiga-api
liiga,2026/27,2026-09-29,Jokerit,HPK,3,0,,liiga-api
liiga,2026/27,2026-09-30,K-Espoo,TPS,4,2,,liiga-api
liiga,2026/27,2026-09-30,Kärpät,SaiPa,4,1,,liiga-api
liiga,2026/27,2026-09-30,Tappara,KooKoo,3,0,,liiga-api
liiga,2026/27,2026-10-02,HPK,JYP,2,1,,liiga-api
liiga,2026/27,2026-10-02,K-Espoo,Kärpät,1,3,,liiga-api
liiga,2026/27,2026-10-02,KalPa,SaiPa,4,3,,liiga-api
liiga,2026/27,2026-10-02,Tappara,Jokerit,2,2,OT,liiga-api
liiga,2026/27,2026-10-02,Ässät,Lukko,0,3,,liiga-api
liiga,2026/27,2026-10-03,HPK,Kärpät,1,1,OT,liiga-api
liiga,2026/27,2026-10-03,Ilves,K-Espoo,6,4,,liiga-api
liiga,2026/27,2026-10-03,Jukurit,KalPa,1,1,OT,liiga-api
liiga,2026/27,2026-10-03,KooKoo,Pelicans,3,6,,liiga-api
liiga,2026/27,2026-10-03,Lukko,Ässät,2,5,,liiga-api
liiga,2026/27,2026-10-03,SaiPa,Jokerit,3,2,,liiga-api
liiga,2026/27,2026-10-03,Sport,HIFK,2,2,OT,liiga-api
liiga,2026/27,2026-10-03,TPS,JYP,4,1,,liiga-api
liiga,2026/27,2026-10-07,Jukurit,Ässät,0,1,,liiga-api
liiga,2026/27,2026-10-07,Kärpät,K-Espoo,7,7,OT,liiga-api
liiga,2026/27,2026-10-07,Sport,Ilves,2,1,,liiga-api
nhl,2022/23,2022-10-07,NSH,SJS,4,1,,nhl-api
nhl,2022/23,2022-10-08,SJS,NSH,2,3,,nhl-api
nhl,2022/23,2022-10-11,LAK,VGK,3,4,,nhl-api
nhl,2022/23,2022-10-11,NYR,TBL,3,1,,nhl-api
nhl,2022/23,2022-10-12,ANA,SEA,5,4,,nhl-api
nhl,2022/23,2022-10-12,CAR,CBJ,4,1,,nhl-api
nhl,2022/23,2022-10-12,COL,CHI,5,2,,nhl-api
nhl,2022/23,2022-10-12,EDM,VAN,5,3,,nhl-api
nhl,2022/23,2022-10-12,MTL,TOR,4,3,,nhl-api
nhl,2022/23,2022-10-12,WSH,BOS,2,5,,nhl-api
nhl,2022/23,2022-10-13,BUF,OTT,4,1,,nhl-api
nhl,2022/23,2022-10-13,CGY,COL,5,3,,nhl-api
nhl,2022/23,2022-10-13,LAK,SEA,1,4,,nhl-api
nhl,2022/23,2022-10-13,MIN,NYR,3,7,,nhl-api
nhl,2022/23,2022-10-13,NSH,DAL,1,4,,nhl-api
nhl,2022/23,2022-10-13,NYI,FLA,1,3,,nhl-api
nhl,2022/23,2022-10-13,PHI,NJD,5,2,,nhl-api
nhl,2022/23,2022-10-13,PIT,ARI,6,2,,nhl-api
nhl,2022/23,2022-10-13,TOR,WSH,3,2,,nhl-api
nhl,2022/23,2022-10-13,VGK,CHI,1,0,,nhl-api
nhl,2022/23,2022-10-14,CBJ,TBL,2,5,,nhl-api
nhl,2022/23,2022-10-14,DET,MTL,3,0,,nhl-api
nhl,2022/23,2022-10-14,SJS,CAR,1,2,,nhl-api
nhl,2022/23,2022-10-14,WPG,NYR,4,1,,nhl-api
nhl,2022/23,2022-10-15,BOS,ARI,6,3,,nhl-api
nhl,2022/23,2022-10-15,BUF,FLA,3,4,,nhl-api
nhl,2022/23,2022-10-15,DAL,NSH,5,1,,nhl-api
nhl,2022/23,2022-10-15,EDM,CGY,3,4,,nhl-api
nhl,2022/23,2022-10-15,MIN,LAK,6,7,,nhl-api
nhl,2022/23,2022-10-15,NJD,DET,2,5,,nhl-api
nhl,2022/23,2022-10-15,NYI,ANA,7,1,,nhl-api
nhl,2022/23,2022-10-15,PHI,VAN,3,2,,nhl-api
nhl,2022/23,2022-10-15,PIT,TBL,6,2,,nhl-api
nhl,2022/23,2022-10-15,SEA,VGK,2,5,,nhl-api
nhl,2022/23,2022-10-15,SJS,CHI,2,5,,nhl-api
nhl,2022/23,2022-10-15,STL,CBJ,5,2,,nhl-api
nhl,2022/23,2022-10-15,TOR,OTT,3,2,,nhl-api
nhl,2022/23,2022-10-15,WSH,MTL,3,1,,nhl-api
nhl,2022/23,2022-10-17,BOS,FLA,5,3,,nhl-api
nhl,2022/23,2022-10-17,DAL,WPG,4,1,,nhl-api
nhl,2022/23,2022-10-17,DET,LAK,4,5,,nhl-api
nhl,2022/23,2022-10-17,MIN,COL,3,6,,nhl-api
nhl,2022/23,2022-10-17,MTL,PIT,3,2,,nhl-api
nhl,2022/23,2022-10-17,NYR,ANA,6,4,,nhl-api
nhl,2022/23,2022-10-17,SEA,CAR,1,5,,nhl-api
nhl,2022/23,2022-10-17,TOR,ARI,2,4,,nhl-api
nhl,2022/23,2022-10-17,WSH,VAN,6,4,,nhl-api
nhl,2022/23,2022-10-18,CBJ,VAN,4,3,,nhl-api
nhl,2022/23,2022-10-18,CGY,VGK,3,2,,nhl-api
nhl,2022/23,2022-10-18,EDM,BUF,2,4,,nhl-api
nhl,2022/23,2022-10-18,NJD,ANA,4,2,,nhl-api
nhl,2022/23,2022-10-18,NSH,LAK,3,3,,nhl-api
nhl,2022/23,2022-10-18,NYI,SJS,5,2,,nhl-api
nhl,2022/23,2022-10-18,OTT,BOS,7,5,,nhl-api
nhl,2022/23,2022-10-18,TBL,PHI,2,3,,nhl-api
nhl,2022/23,2022-10-19,COL,WPG,3,4,,nhl-api
nhl,2022/23,2022-10-19,FLA,PHI,4,3,,nhl-api
nhl,2022/23,2022-10-19,SEA,STL,3,4,,nhl-api
nhl,2022/23,2022-10-20,BOS,ANA,1,1,,nhl-api
nhl,2022/23,2022-10-20,CBJ,NSH,5,3,,nhl-api
nhl,2022/23,2022-10-20,CGY,BUF,3,6,,nhl-api
nhl,2022/23,2022-10-20,EDM,CAR,6,4,,nhl-api
nhl,2022/23,2022-10-20,MIN,VAN,4,3,,nhl-api
nhl,2022/23,2022-10-20,MTL,ARI,6,2,,nhl-api
nhl,2022/23,2022-10-20,NYI,NJD,1,4,,nhl-api
nhl,2022/23,2022-10-20,NYR,SJS,2,3,,nhl-api
nhl,2022/23,2022-10-20,OTT,WSH,5,2,,nhl-api
nhl,2022/23,2022-10-20,PIT,LAK,6,1,,nhl-api
nhl,2022/23,2022-10-20,TOR,DAL,3,2,,nhl-api
nhl,2022/23,2022-10-20,VGK,WPG,5,2,,nhl-api
nhl,2022/23,2022-10-21,CHI,DET,4,3,,nhl-api
nhl,2022/23,2022-10-21,COL,SEA,2,3,,nhl-api
nhl,2022/23,2022-10-21,FLA,TBL,2,3,,nhl-api
nhl,2022/23,2022-10-22,BOS,MIN,4,3,,nhl-api
nhl,2022/23,2022-10-22,CBJ,PIT,3,6,,nhl-api
nhl,2022/23,2022-10-22,CGY,CAR,3,2,,nhl-api
nhl,2022/23,2022-10-22,EDM,STL,0,2,,nhl-api
nhl,2022/23,2022-10-22,MTL,DAL,2,5,,nhl-api
nhl,2022/23,2022-10-22,NJD,SJS,2,1,,nhl-api
nhl,2022/23,2022-10-22,NSH,PHI,1,3,,nhl-api
nhl,2022/23,2022-10-22,OTT,ARI,6,2,,nhl-api
nhl,2022/23,2022-10-22,TBL,NYI,5,3,,nhl-api
nhl,2022/23,2022-10-22,VAN,BUF,1,5,,nhl-api
nhl,2022/23,2022-10-22,VGK,COL,2,3,,nhl-api
nhl,2022/23,2022-10-22,WPG,TOR,1,4,,nhl-api
nhl,2022/23,2022-10-22,WSH,LAK,4,3,,nhl-api
nhl,2022/23,2022-10-23,CHI,SEA,5,4,,nhl-api
nhl,2022/23,2022-10-23,DET,ANA,5,1,,nhl-api
nhl,2022/23,2022-10-23,FLA,NYI,3,2,,nhl-api
nhl,2022/23,2022-10-23,NYR,CBJ,1,5,,nhl-api
nhl,2022/23,2022-10-23,PHI,SJS,0,3,,nhl-api
nhl,2022/23,2022-10-24,EDM,PIT,6,3,,nhl-api
nhl,2022/23,2022-10-24,NJD,WSH,3,6,,nhl-api
nhl,2022/23,2022-10-24,OTT,DAL,4,2,,nhl-api
nhl,2022/23,2022-10-24,VAN,CAR,2,3,,nhl-api
nhl,2022/23,2022-10-24,VGK,TOR,3,1,,nhl-api
nhl,2022/23,2022-10-24,WPG,STL,4,0,,nhl-api
nhl,2022/23,2022-10-25,BOS,DAL,3,1,,nhl-api
nhl,2022/23,2022-10-25,CBJ,ARI,3,6,,nhl-api
nhl,2022/23,2022-10-25,CGY,PIT,4,1,,nhl-api
nhl,2022/23,2022-10-25,CHI,FLA,4,2,,nhl-api
nhl,2022/23,2022-10-25,DET,NJD,2,6,,nhl-api
nhl,2022/23,2022-10-25,LAK,TBL,4,2,,nhl-api
nhl,2022/23,2022-10-25,MTL,MIN,1,3,,nhl-api
nhl,2022/23,2022-10-25,NYR,COL,2,2,,nhl-api
nhl,2022/23,2022-10-25,SEA,BUF,5,1,,nhl-api
nhl,2022/23,2022-10-25,SJS,VGK,2,4,,nhl-api
nhl,2022/23,2022-10-26,ANA,TBL,2,4,,nhl-api
nhl,2022/23,2022-10-26,NYI,NYR,3,0,,nhl-api
nhl,2022/23,2022-10-26,STL,EDM,1,3,,nhl-api
nhl,2022/23,2022-10-27,BOS,DET,5,1,,nhl-api
nhl,2022/23,2022-10-27,BUF,MTL,2,3,,nhl-api
nhl,2022/23,2022-10-27,CHI,EDM,5,6,,nhl-api
nhl,2022/23,2022-10-27,DAL,WSH,2,0,,nhl-api
nhl,2022/23,2022-10-27,LAK,WPG,4,6,,nhl-api
nhl,2022/23,2022-10-27,NSH,STL,6,2,,nhl-api
nhl,2022/23,2022-10-27,OTT,MIN,2,4,,nhl-api
nhl,2022/23,2022-10-27,PHI,FLA,4,3,,nhl-api
nhl,2022/23,2022-10-27,SEA,VAN,4,5,,nhl-api
nhl,2022/23,2022-10-27,SJS,TOR,4,3,,nhl-api
nhl,2022/23,2022-10-28,ARI,WPG,2,3,,nhl-api
nhl,2022/23,2022-10-28,CAR,NYI,2,6,,nhl-api
nhl,2022/23,2022-10-28,CBJ,BOS,0,4,,nhl-api
nhl,2022/23,2022-10-28,NJD,COL,1,0,,nhl-api
nhl,2022/23,2022-10-28,VAN,PIT,5,1,,nhl-api
nhl,2022/23,2022-10-28,VGK,ANA,4,0,,nhl-api
nhl,2022/23,2022-10-29,BUF,CHI,4,3,,nhl-api
nhl,2022/23,2022-10-29,CGY,EDM,2,3,,nhl-api
nhl,2022/23,2022-10-29,DAL,NYR,3,6,,nhl-api
nhl,2022/23,2022-10-29,DET,MIN,2,1,,nhl-api
nhl,2022/23,2022-10-29,FLA,OTT,5,3,,nhl-api
nhl,2022/23,2022-10-29,LAK,TOR,4,2,,nhl-api
nhl,2022/23,2022-10-29,NSH,WSH,0,3,,nhl-api
nhl,2022/23,2022-10-29,NYI,COL,5,4,,nhl-api
nhl,2022/23,2022-10-29,PHI,CAR,3,4,,nhl-api
nhl,2022/23,2022-10-29,SEA,PIT,3,1,,nhl-api
nhl,2022/23,2022-10-29,SJS,TBL,3,4,,nhl-api
nhl,2022/23,2022-10-29,STL,MTL,4,7,,nhl-api
nhl,2022/23,2022-10-30,ANA,TOR,4,3,,nhl-api
nhl,2022/23,2022-10-30,ARI,NYR,2,3,,nhl-api
nhl,2022/23,2022-10-30,CHI,MIN,3,3,,nhl-api
nhl,2022/23,2022-10-30,NJD,CBJ,7,1,,nhl-api
nhl,2022/23,2022-10-30,VGK,WPG,2,1,,nhl-api
nhl,2022/23,2022-10-31,BUF,DET,8,3,,nhl-api
nhl,2022/23,2022-10-31,CAR,WSH,2,2,,nhl-api
nhl,2022/23,2022-10-31,STL,LAK,1,5,,nhl-api
nhl,2022/23,2022-11-01,ARI,FLA,3,1,,nhl-api
nhl,2022/23,2022-11-01,CGY,SEA,4,5,,nhl-api
nhl,2022/23,2022-11-01,CHI,NYI,1,3,,nhl-api
nhl,2022/23,2022-11-01,DAL,LAK,5,2,,nhl-api
nhl,2022/23,2022-11-01,EDM,NSH,7,4,,nhl-api
nhl,2022/23,2022-11-01,MIN,MTL,4,1,,nhl-api
nhl,2022/23,2022-11-01,NYR,PHI,1,0,,nhl-api
nhl,2022/23,2022-11-01,PIT,BOS,5,6,,nhl-api
nhl,2022/23,2022-11-01,SJS,ANA,5,5,,nhl-api
nhl,2022/23,2022-11-01,TBL,OTT,4,3,,nhl-api
nhl,2022/23,2022-11-01,VAN,NJD,2,5,,nhl-api
nhl,2022/23,2022-11-01,WSH,VGK,2,3,,nhl-api
nhl,2022/23,2022-11-02,BUF,PIT,6,3,,nhl-api
nhl,2022/23,2022-11-02,TOR,PHI,5,2,,nhl-api
nhl,2022/23,2022-11-03,ARI,DAL,2,7,,nhl-api
nhl,2022/23,2022-11-03,CGY,NSH,1,4,,nhl-api
nhl,2022/23,2022-11-03,CHI,LAK,2,1,,nhl-api
nhl,2022/23,2022-11-03,DET,WSH,3,1,,nhl-api
nhl,2022/23,2022-11-03,EDM,NJD,3,4,,nhl-api
nhl,2022/23,2022-11-03,MIN,SEA,0,4,,nhl-api
nhl,2022/23,2022-11-03,NYR,BOS,2,5,,nhl-api
nhl,2022/23,2022-11-03,OTT,VGK,4,5,,nhl-api
nhl,2022/23,2022-11-03,SJS,FLA,3,3,,nhl-api
nhl,2022/23,2022-11-03,STL,NYI,2,5,,nhl-api
nhl,2022/23,2022-11-03,TBL,CAR,3,3,,nhl-api
nhl,2022/23,2022-11-03,VAN,ANA,8,5,,nhl-api
nhl,2022/23,2022-11-03,WPG,MTL,3,2,,nhl-api
nhl,2022/23,2022-11-04,CAR,BUF,5,3,,nhl-api
nhl,2022/23,2022-11-04,COL,CBJ,6,3,,nhl-api
nhl,2022/23,2022-11-05,CBJ,COL,1,5,,nhl-api
nhl,2022/23,2022-11-05,CGY,NJD,3,4,,nhl-api
nhl,2022/23,2022-11-05,DET,NYI,3,0,,nhl-api
nhl,2022/23,2022-11-05,EDM,DAL,2,6,,nhl-api
nhl,2022/23,2022-11-05,LAK,FLA,5,4,,nhl-api
nhl,2022/23,2022-11-05,MTL,VGK,4,6,,nhl-api
nhl,2022/23,2022-11-05,OTT,PHI,1,2,,nhl-api
nhl,2022/23,2022-11-05,PIT,SEA,2,3,,nhl-api
nhl,2022/23,2022-11-05,SJS,ANA,4,4,,nhl-api
nhl,2022/23,2022-11-05,TBL,BUF,5,3,,nhl-api
nhl,2022/23,2022-11-05,TOR,BOS,2,1,,nhl-api
nhl,2022/23,2022-11-05,VAN,NSH,3,3,,nhl-api
nhl,2022/23,2022-11-05,WPG,CHI,4,0,,nhl-api
nhl,2022/23,2022-11-05,WSH,ARI,2,3,,nhl-api
nhl,2022/23,2022-11-06,ANA,FLA,3,5,,nhl-api
nhl,2022/23,2022-11-06,CAR,TOR,1,3,,nhl-api
nhl,2022/23,2022-11-06,NYR,DET,2,3,,nhl-api
nhl,2022/23,2022-11-07,BOS,STL,3,1,,nhl-api
nhl,2022/23,2022-11-07,NYI,CGY,4,3,,nhl-api
nhl,2022/23,2022-11-07,WSH,EDM,5,4,,nhl-api
nhl,2022/23,2022-11-08,BUF,ARI,1,4,,nhl-api
nhl,2022/23,2022-11-08,DET,MTL,2,2,,nhl-api
nhl,2022/23,2022-11-08,LAK,MIN,1,0,,nhl-api
nhl,2022/23,2022-11-08,NJD,CGY,3,2,,nhl-api
nhl,2022/23,2022-11-08,NYR,NYI,3,4,,nhl-api
nhl,2022/23,2022-11-08,OTT,VAN,4,6,,nhl-api
nhl,2022/23,2022-11-08,PHI,STL,5,1,,nhl-api
nhl,2022/23,2022-11-08,SEA,NSH,5,1,,nhl-api
nhl,2022/23,2022-11-08,TBL,EDM,2,3,,nhl-api
nhl,2022/23,2022-11-08,TOR,VGK,3,4,,nhl-api
nhl,2022/23,2022-11-08,WPG,DAL,5,1,,nhl-api
nhl,2022/23,2022-11-09,ANA,MIN,1,4,,nhl-api
nhl,2022/23,2022-11-09,FLA,CAR,3,0,,nhl-api
nhl,2022/23,2022-11-09,MTL,VAN,5,2,,nhl-api
nhl,2022/23,2022-11-09,WSH,PIT,1,4,,nhl-api
nhl,2022/23,2022-11-10,BOS,CGY,3,1,,nhl-api
nhl,2022/23,2022-11-10,BUF,VGK,4,7,,nhl-api
nhl,2022/23,2022-11-10,CAR,EDM,7,2,,nhl-api
nhl,2022/23,2022-11-10,CBJ,PHI,5,2,,nhl-api
nhl,2022/23,2022-11-10,COL,NSH,5,3,,nhl-api
nhl,2022/23,2022-11-10,DET,NYR,2,8,,nhl-api
nhl,2022/23,2022-11-10,LAK,CHI,2,1,,nhl-api
nhl,2022/23,2022-11-10,NJD,OTT,4,3,,nhl-api
nhl,2022/23,2022-11-10,NYI,ARI,0,2,,nhl-api
nhl,2022/23,2022-11-10,STL,SJS,5,3,,nhl-api
nhl,2022/23,2022-11-11,DAL,SJS,4,5,,nhl-api
nhl,2022/23,2022-11-11,SEA,MIN,0,1,,nhl-api
nhl,2022/23,2022-11-11,TOR,PIT,2,4,,nhl-api
nhl,2022/23,2022-11-11,WSH,TBL,5,1,,nhl-api
nhl,2022/23,2022-11-12,ANA,CHI,2,3,,nhl-api
nhl,2022/23,2022-11-12,BUF,BOS,1,3,,nhl-api
nhl,2022/23,2022-11-12,CGY,WPG,3,2,,nhl-api
nhl,2022/23,2022-11-12,COL,CAR,4,1,,nhl-api
nhl,2022/23,2022-11-12,FLA,EDM,2,4,,nhl-api
nhl,2022/23,2022-11-12,LAK,DET,4,3,,nhl-api
nhl,2022/23,2022-11-12,MTL,PIT,5,4,,nhl-api
nhl,2022/23,2022-11-12,NJD,ARI,4,2,,nhl-api
nhl,2022/23,2022-11-12,NSH,NYR,2,1,,nhl-api
nhl,2022/23,2022-11-12,NYI,CBJ,4,3,,nhl-api
nhl,2022/23,2022-11-12,PHI,OTT,1,4,,nhl-api
nhl,2022/23,2022-11-12,TOR,VAN,3,2,,nhl-api
nhl,2022/23,2022-11-12,VGK,STL,2,3,,nhl-api
nhl,2022/23,2022-11-13,BOS,VAN,5,2,,nhl-api
nhl,2022/23,2022-11-13,MIN,SJS,2,2,,nhl-api
nhl,2022/23,2022-11-13,NYR,ARI,4,1,,nhl-api
nhl,2022/23,2022-11-13,PHI,DAL,1,5,,nhl-api
nhl,2022/23,2022-11-13,SEA,WPG,2,3,,nhl-api
nhl,2022/23,2022-11-13,TBL,WSH,6,3,,nhl-api
nhl,2022/23,2022-11-14,CGY,LAK,6,5,,nhl-api
nhl,2022/23,2022-11-14,CHI,CAR,0,3,,nhl-api
nhl,2022/23,2022-11-14,COL,STL,2,3,,nhl-api
nhl,2022/23,2022-11-14,OTT,NYI,2,4,,nhl-api
nhl,2022/23,2022-11-15,ANA,DET,3,2,,nhl-api
nhl,2022/23,2022-11-15,BUF,VAN,4,5,,nhl-api
nhl,2022/23,2022-11-15,CBJ,PHI,5,4,,nhl-api
nhl,2022/23,2022-11-15,FLA,WSH,5,2,,nhl-api
nhl,2022/23,2022-11-15,MTL,NJD,1,5,,nhl-api
nhl,2022/23,2022-11-15,NSH,MIN,2,1,,nhl-api
nhl,2022/23,2022-11-15,PIT,TOR,2,5,,nhl-api
nhl,2022/23,2022-11-15,TBL,DAL,5,4,,nhl-api
nhl,2022/23,2022-11-15,VGK,SJS,2,5,,nhl-api
nhl,2022/23,2022-11-16,CHI,STL,2,5,,nhl-api
nhl,2022/23,2022-11-16,EDM,LAK,1,3,,nhl-api
nhl,2022/23,2022-11-16,OTT,BUF,4,1,,nhl-api
nhl,2022/23,2022-11-17,BOS,PHI,4,1,,nhl-api
nhl,2022/23,2022-11-17,CAR,COL,2,3,,nhl-api
nhl,2022/23,2022-11-17,CBJ,MTL,6,4,,nhl-api
nhl,2022/23,2022-11-17,FLA,DAL,4,6,,nhl-api
nhl,2022/23,2022-11-17,MIN,PIT,4,6,,nhl-api
nhl,2022/23,2022-11-17,NSH,NYI,5,4,,nhl-api
nhl,2022/23,2022-11-17,SEA,NYR,3,2,,nhl-api
nhl,2022/23,2022-11-17,SJS,DET,4,7,,nhl-api
nhl,2022/23,2022-11-17,STL,WSH,4,4,,nhl-api
nhl,2022/23,2022-11-17,TBL,CGY,4,1,,nhl-api
nhl,2022/23,2022-11-17,TOR,NJD,2,3,,nhl-api
nhl,2022/23,2022-11-17,VGK,ARI,4,1,,nhl-api
nhl,2022/23,2022-11-17,WPG,ANA,3,2,,nhl-api
nhl,2022/23,2022-11-18,VAN,LAK,4,1,,nhl-api
nhl,2022/23,2022-11-19,BOS,CHI,6,1,,nhl-api
nhl,2022/23,2022-11-19,CBJ,DET,1,6,,nhl-api
nhl,2022/23,2022-11-19,DAL,NYI,5,2,,nhl-api
nhl,2022/23,2022-11-19,EDM,VGK,4,3,,nhl-api
nhl,2022/23,2022-11-19,FLA,CGY,4,4,,nhl-api
nhl,2022/23,2022-11-19,MIN,CAR,2,1,,nhl-api
nhl,2022/23,2022-11-19,MTL,PHI,4,4,,nhl-api
nhl,2022/23,2022-11-19,NSH,TBL,2,3,,nhl-api
nhl,2022/23,2022-11-19,OTT,NJD,1,5,,nhl-api
nhl,2022/23,2022-11-19,SEA,LAK,3,2,,nhl-api
nhl,2022/23,2022-11-19,SJS,NYR,1,2,,nhl-api
nhl,2022/23,2022-11-19,STL,ANA,6,2,,nhl-api
nhl,2022/23,2022-11-19,TOR,BUF,5,2,,nhl-api
nhl,2022/23,2022-11-19,WPG,PIT,0,3,,nhl-api
nhl,2022/23,2022-11-19,WSH,COL,0,4,,nhl-api
nhl,2022/23,2022-11-20,CBJ,FLA,5,3,,nhl-api
nhl,2022/23,2022-11-20,CHI,PIT,3,5,,nhl-api
nhl,2022/23,2022-11-21,DAL,COL,2,2,,nhl-api
nhl,2022/23,2022-11-21,NJD,EDM,5,2,,nhl-api
nhl,2022/23,2022-11-21,NSH,ARI,3,3,,nhl-api
nhl,2022/23,2022-11-21,PHI,CGY,2,5,,nhl-api
nhl,2022/23,2022-11-21,SJS,OTT,5,1,,nhl-api
nhl,2022/23,2022-11-21,STL,ANA,3,1,,nhl-api
nhl,2022/23,2022-11-21,TBL,BOS,3,5,,nhl-api
nhl,2022/23,2022-11-21,TOR,NYI,2,3,,nhl-api
nhl,2022/23,2022-11-21,VAN,VGK,4,5,,nhl-api
nhl,2022/23,2022-11-21,WPG,CAR,4,3,,nhl-api
nhl,2022/23,2022-11-22,LAK,NYR,3,5,,nhl-api
nhl,2022/23,2022-11-22,MTL,BUF,2,7,,nhl-api
nhl,2022/23,2022-11-23,ANA,NYR,3,2,,nhl-api
nhl,2022/23,2022-11-23,BUF,STL,6,2,,nhl-api
nhl,2022/23,2022-11-23,CAR,ARI,0,4,,nhl-api
nhl,2022/23,2022-11-23,CBJ,MTL,1,3,,nhl-api
nhl,2022/23,2022-11-23,COL,VAN,3,4,,nhl-api
nhl,2022/23,2022-11-23,DAL,CHI,6,4,,nhl-api
nhl,2022/23,2022-11-23,DET,NSH,3,0,,nhl-api
nhl,2022/23,2022-11-23,FLA,BOS,5,2,,nhl-api
nhl,2022/23,2022-11-23,MIN,WPG,6,1,,nhl-api
nhl,2022/23,2022-11-23,NJD,TOR,1,2,,nhl-api
nhl,2022/23,2022-11-23,NYI,EDM,3,0,,nhl-api
nhl,2022/23,2022-11-23,PIT,CGY,1,1,,nhl-api
nhl,2022/23,2022-11-23,SEA,SJS,8,5,,nhl-api
nhl,2022/23,2022-11-23,VGK,OTT,4,1,,nhl-api
nhl,2022/23,2022-11-23,WSH,PHI,3,2,,nhl-api
nhl,2022/23,2022-11-25,ANA,OTT,1,5,,nhl-api
nhl,2022/23,2022-11-25,BOS,CAR,3,2,,nhl-api
nhl,2022/23,2022-11-25,BUF,NJD,1,3,,nhl-api
nhl,2022/23,2022-11-25,CBJ,NYI,2,3,,nhl-api
nhl,2022/23,2022-11-25,CHI,MTL,2,2,,nhl-api
nhl,2022/23,2022-11-25,DAL,WPG,4,5,,nhl-api
nhl,2022/23,2022-11-25,DET,ARI,3,3,,nhl-api
nhl,2022/23,2022-11-25,MIN,TOR,3,4,,nhl-api
nhl,2022/23,2022-11-25,PHI,PIT,1,4,,nhl-api
nhl,2022/23,2022-11-25,SJS,LAK,2,5,,nhl-api
nhl,2022/23,2022-11-25,TBL,STL,5,2,,nhl-api
nhl,2022/23,2022-11-25,VGK,SEA,2,4,,nhl-api
nhl,2022/23,2022-11-25,WSH,CGY,3,0,,nhl-api
nhl,2022/23,2022-11-26,CAR,CGY,3,2,,nhl-api
nhl,2022/23,2022-11-26,COL,DAL,4,1,,nhl-api
nhl,2022/23,2022-11-26,FLA,STL,4,5,,nhl-api
nhl,2022/23,2022-11-26,NJD,WSH,5,1,,nhl-api
nhl,2022/23,2022-11-26,NYI,PHI,5,2,,nhl-api
nhl,2022/23,2022-11-26,NYR,EDM,3,4,,nhl-api
nhl,2022/23,2022-11-26,PIT,TOR,1,4,,nhl-api
nhl,2022/23,2022-11-26,VGK,VAN,1,5,,nhl-api
nhl,2022/23,2022-11-27,ANA,SEA,4,5,,nhl-api
nhl,2022/23,2022-11-27,CHI,WPG,2,7,,nhl-api
nhl,2022/23,2022-11-27,LAK,OTT,2,3,,nhl-api
nhl,2022/23,2022-11-27,MIN,ARI,4,3,,nhl-api
nhl,2022/23,2022-11-27,SJS,VAN,3,4,,nhl-api
nhl,2022/23,2022-11-28,BUF,TBL,5,6,,nhl-api
nhl,2022/23,2022-11-28,CBJ,VGK,2,2,,nhl-api
nhl,2022/23,2022-11-28,DET,TOR,2,4,,nhl-api
nhl,2022/23,2022-11-28,EDM,FLA,4,3,,nhl-api
nhl,2022/23,2022-11-28,NYR,NJD,3,5,,nhl-api
nhl,2022/23,2022-11-28,STL,DAL,1,4,,nhl-api
nhl,2022/23,2022-11-29,BOS,TBL,3,1,,nhl-api
nhl,2022/23,2022-11-29,CGY,FLA,6,2,,nhl-api
nhl,2022/23,2022-11-29,LAK,SEA,8,9,,nhl-api
nhl,2022/23,2022-11-29,MTL,SJS,0,4,,nhl-api
nhl,2022/23,2022-11-29,NSH,ANA,2,1,,nhl-api
nhl,2022/23,2022-11-29,PHI,NYI,3,1,,nhl-api
nhl,2022/23,2022-11-29,PIT,CAR,2,3,,nhl-api
nhl,2022/23,2022-11-29,VAN,WSH,1,5,,nhl-api
nhl,2022/23,2022-11-29,WPG,COL,5,0,,nhl-api
nhl,2022/23,2022-11-30,CHI,EDM,4,5,,nhl-api
nhl,2022/23,2022-11-30,DET,BUF,4,4,,nhl-api
nhl,2022/23,2022-11-30,OTT,NYR,1,3,,nhl-api
nhl,2022/23,2022-11-30,TOR,SJS,3,1,,nhl-api
nhl,2022/23,2022-12-01,BUF,COL,4,6,,nhl-api
nhl,2022/23,2022-12-01,CGY,MTL,1,2,,nhl-api
nhl,2022/23,2022-12-01,DAL,ANA,5,0,,nhl-api
nhl,2022/23,2022-12-01,LAK,ARI,5,3,,nhl-api
nhl,2022/23,2022-12-01,MIN,EDM,5,3,,nhl-api
nhl,2022/23,2022-12-01,NJD,NSH,3,4,,nhl-api
nhl,2022/23,2022-12-01,PHI,TBL,1,4,,nhl-api
nhl,2022/23,2022-12-01,PIT,VGK,4,3,,nhl-api
nhl,2022/23,2022-12-01,SEA,WSH,3,2,,nhl-api
nhl,2022/23,2022-12-01,STL,CAR,4,6,,nhl-api
nhl,2022/23,2022-12-01,VAN,FLA,1,5,,nhl-api
nhl,2022/23,2022-12-02,NYI,NSH,1,4,,nhl-api
nhl,2022/23,2022-12-02,NYR,OTT,2,3,,nhl-api
nhl,2022/23,2022-12-02,WPG,CBJ,1,4,,nhl-api
nhl,2022/23,2022-12-03,BOS,COL,5,1,,nhl-api
nhl,2022/23,2022-12-03,CGY,WSH,5,2,,nhl-api
nhl,2022/23,2022-12-03,DET,VGK,1,4,,nhl-api
nhl,2022/23,2022-12-03,EDM,MTL,5,3,,nhl-api
nhl,2022/23,2022-12-03,LAK,CAR,2,4,,nhl-api
nhl,2022/23,2022-12-03,MIN,ANA,4,4,,nhl-api
nhl,2022/23,2022-12-03,NYR,CHI,2,5,,nhl-api
nhl,2022/23,2022-12-03,OTT,SJS,5,2,,nhl-api
nhl,2022/23,2022-12-03,PHI,NJD,2,3,,nhl-api
nhl,2022/23,2022-12-03,PIT,STL,6,2,,nhl-api
nhl,2022/23,2022-12-03,SEA,FLA,1,5,,nhl-api
nhl,2022/23,2022-12-03,TBL,TOR,4,3,,nhl-api
nhl,2022/23,2022-12-03,VAN,ARI,3,2,,nhl-api
nhl,2022/23,2022-12-04,BUF,SJS,6,3,,nhl-api
nhl,2022/23,2022-12-04,CBJ,DET,2,4,,nhl-api
nhl,2022/23,2022-12-04,DAL,MIN,5,5,,nhl-api
nhl,2022/23,2022-12-04,NYI,CHI,3,0,,nhl-api
nhl,2022/23,2022-12-04,WPG,ANA,5,2,,nhl-api
nhl,2022/23,2022-12-05,BOS,VGK,3,3,,nhl-api
nhl,2022/23,2022-12-05,CGY,ARI,3,2,,nhl-api
nhl,2022/23,2022-12-05,EDM,WSH,2,3,,nhl-api
nhl,2022/23,2022-12-05,NYR,STL,6,4,,nhl-api
nhl,2022/23,2022-12-05,PHI,COL,5,3,,nhl-api
nhl,2022/23,2022-12-05,VAN,MTL,7,6,,nhl-api
nhl,2022/23,2022-12-06,ANA,CAR,4,3,,nhl-api
nhl,2022/23,2022-12-06,DAL,TOR,0,4,,nhl-api
nhl,2022/23,2022-12-06,NJD,CHI,3,0,,nhl-api
nhl,2022/23,2022-12-06,NYI,STL,4,7,,nhl-api
nhl,2022/23,2022-12-06,OTT,LAK,2,5,,nhl-api
nhl,2022/23,2022-12-06,PIT,CBJ,4,1,,nhl-api
nhl,2022/23,2022-12-06,SEA,MTL,2,4,,nhl-api
nhl,2022/23,2022-12-06,TBL,DET,2,4,,nhl-api
nhl,2022/23,2022-12-06,WPG,FLA,5,2,,nhl-api
nhl,2022/23,2022-12-07,CBJ,BUF,4,9,,nhl-api
nhl,2022/23,2022-12-07,CGY,MIN,5,3,,nhl-api
nhl,2022/23,2022-12-07,COL,BOS,0,4,,nhl-api
nhl,2022/23,2022-12-07,EDM,ARI,8,2,,nhl-api
nhl,2022/23,2022-12-07,PHI,WSH,1,4,,nhl-api
nhl,2022/23,2022-12-07,SJS,VAN,5,6,,nhl-api
nhl,2022/23,2022-12-07,VGK,NYR,1,5,,nhl-api
nhl,2022/23,2022-12-08,DAL,OTT,4,3,,nhl-api
nhl,2022/23,2022-12-08,FLA,DET,5,1,,nhl-api
nhl,2022/23,2022-12-08,STL,WPG,2,5,,nhl-api
nhl,2022/23,2022-12-08,TBL,NSH,5,2,,nhl-api
nhl,2022/23,2022-12-08,TOR,LAK,5,0,,nhl-api
nhl,2022/23,2022-12-09,ANA,SJS,1,6,,nhl-api
nhl,2022/23,2022-12-09,ARI,BOS,4,3,,nhl-api
nhl,2022/23,2022-12-09,BUF,PIT,3,4,,nhl-api
nhl,2022/23,2022-12-09,CBJ,CGY,3,1,,nhl-api
nhl,2022/23,2022-12-09,CHI,WPG,1,3,,nhl-api
nhl,2022/23,2022-12-09,COL,NYR,1,1,,nhl-api
nhl,2022/23,2022-12-09,EDM,MIN,5,2,,nhl-api
nhl,2022/23,2022-12-09,NJD,NYI,4,6,,nhl-api
nhl,2022/23,2022-12-09,VGK,PHI,2,1,,nhl-api
nhl,2022/23,2022-12-09,WSH,SEA,4,1,,nhl-api
nhl,2022/23,2022-12-10,DAL,DET,3,2,,nhl-api
nhl,2022/23,2022-12-10,MTL,LAK,2,4,,nhl-api
nhl,2022/23,2022-12-10,NSH,OTT,2,3,,nhl-api
nhl,2022/23,2022-12-10,NYI,CAR,0,3,,nhl-api
nhl,2022/23,2022-12-10,PIT,BUF,3,1,,nhl-api
nhl,2022/23,2022-12-10,TBL,FLA,4,1,,nhl-api
nhl,2022/23,2022-12-10,TOR,CGY,5,4,,nhl-api
nhl,2022/23,2022-12-10,VAN,MIN,0,3,,nhl-api
nhl,2022/23,2022-12-11,ARI,PHI,5,4,,nhl-api
nhl,2022/23,2022-12-11,CBJ,LAK,6,5,,nhl-api
nhl,2022/23,2022-12-11,FLA,SEA,2,5,,nhl-api
nhl,2022/23,2022-12-11,STL,COL,2,3,,nhl-api
nhl,2022/23,2022-12-11,VGK,BOS,1,3,,nhl-api
nhl,2022/23,2022-12-11,WPG,WSH,2,5,,nhl-api
nhl,2022/23,2022-12-12,MIN,EDM,2,1,,nhl-api
nhl,2022/23,2022-12-12,MTL,CGY,1,1,,nhl-api
nhl,2022/23,2022-12-12,NYR,NJD,4,3,,nhl-api
nhl,2022/23,2022-12-12,OTT,ANA,3,0,,nhl-api
nhl,2022/23,2022-12-12,PIT,DAL,2,1,,nhl-api
nhl,2022/23,2022-12-12,STL,NSH,1,0,,nhl-api
nhl,2022/23,2022-12-13,BOS,NYI,3,3,,nhl-api
nhl,2022/23,2022-12-13,BUF,LAK,6,0,,nhl-api
nhl,2022/23,2022-12-13,CHI,WSH,3,7,,nhl-api
nhl,2022/23,2022-12-13,COL,PHI,3,2,,nhl-api
nhl,2022/23,2022-12-13,DET,CAR,0,1,,nhl-api
nhl,2022/23,2022-12-13,FLA,CBJ,4,0,,nhl-api
nhl,2022/23,2022-12-13,NJD,DAL,1,4,,nhl-api
nhl,2022/23,2022-12-13,NSH,EDM,3,6,,nhl-api
nhl,2022/23,2022-12-13,SJS,ARI,3,2,,nhl-api
nhl,2022/23,2022-12-13,TBL,SEA,6,2,,nhl-api
nhl,2022/23,2022-12-13,TOR,ANA,7,0,,nhl-api
nhl,2022/23,2022-12-13,WPG,VGK,5,6,,nhl-api
nhl,2022/23,2022-12-14,CGY,VAN,3,3,,nhl-api
nhl,2022/23,2022-12-14,MIN,DET,4,1,,nhl-api
nhl,2022/23,2022-12-14,OTT,MTL,3,2,,nhl-api
nhl,2022/23,2022-12-15,BOS,LAK,2,2,,nhl-api
nhl,2022/23,2022-12-15,CAR,SEA,3,2,,nhl-api
nhl,2022/23,2022-12-15,CHI,VGK,1,4,,nhl-api
nhl,2022/23,2022-12-15,COL,BUF,2,4,,nhl-api
nhl,2022/23,2022-12-15,EDM,STL,3,3,,nhl-api
nhl,2022/23,2022-12-15,FLA,PIT,2,4,,nhl-api
nhl,2022/23,2022-12-15,MTL,ANA,2,5,,nhl-api
nhl,2022/23,2022-12-15,NJD,PHI,1,2,,nhl-api
nhl,2022/23,2022-12-15,NYR,TOR,3,1,,nhl-api
nhl,2022/23,2022-12-15,TBL,CBJ,4,1,,nhl-api
nhl,2022/23,2022-12-15,WPG,NSH,2,1,,nhl-api
nhl,2022/23,2022-12-15,WSH,DAL,1,2,,nhl-api
nhl,2022/23,2022-12-16,ARI,NYI,5,4,,nhl-api
nhl,2022/23,2022-12-16,CGY,STL,2,5,,nhl-api
nhl,2022/23,2022-12-16,MIN,CHI,4,1,,nhl-api
nhl,2022/23,2022-12-17,ARI,BUF,2,5,,nhl-api
nhl,2022/23,2022-12-17,BOS,CBJ,4,2,,nhl-api
nhl,2022/23,2022-12-17,CAR,DAL,5,4,,nhl-api
nhl,2022/23,2022-12-17,COL,NSH,3,1,,nhl-api
nhl,2022/23,2022-12-17,DET,OTT,3,6,,nhl-api
nhl,2022/23,2022-12-17,EDM,ANA,3,4,,nhl-api
nhl,2022/23,2022-12-17,LAK,SJS,2,2,,nhl-api
nhl,2022/23,2022-12-17,MTL,TBL,1,5,,nhl-api
nhl,2022/23,2022-12-17,NJD,FLA,2,4,,nhl-api
nhl,2022/23,2022-12-17,PHI,NYR,3,6,,nhl-api
nhl,2022/23,2022-12-17,VAN,WPG,1,5,,nhl-api
nhl,2022/23,2022-12-17,VGK,NYI,2,5,,nhl-api
nhl,2022/23,2022-12-17,WSH,TOR,5,2,,nhl-api
nhl,2022/23,2022-12-18,CAR,PIT,3,2,,nhl-api
nhl,2022/23,2022-12-18,CHI,NYR,1,7,,nhl-api
nhl,2022/23,2022-12-18,MIN,OTT,4,2,,nhl-api
nhl,2022/23,2022-12-18,SEA,WPG,3,2,,nhl-api
nhl,2022/23,2022-12-18,SJS,CGY,2,5,,nhl-api
nhl,2022/23,2022-12-19,ARI,MTL,2,3,,nhl-api
nhl,2022/23,2022-12-19,BOS,FLA,7,3,,nhl-api
nhl,2022/23,2022-12-19,CBJ,DAL,1,2,,nhl-api
nhl,2022/23,2022-12-19,COL,NYI,0,0,,nhl-api
nhl,2022/23,2022-12-19,NSH,EDM,4,3,,nhl-api
nhl,2022/23,2022-12-19,VAN,STL,1,5,,nhl-api
nhl,2022/23,2022-12-19,VGK,BUF,2,3,,nhl-api
nhl,2022/23,2022-12-19,WSH,DET,4,3,,nhl-api
nhl,2022/23,2022-12-20,CAR,NJD,4,1,,nhl-api
nhl,2022/23,2022-12-20,LAK,ANA,4,1,,nhl-api
nhl,2022/23,2022-12-20,PHI,CBJ,5,3,,nhl-api
nhl,2022/23,2022-12-20,PIT,NYR,3,2,,nhl-api
nhl,2022/23,2022-12-20,SEA,STL,5,2,,nhl-api
nhl,2022/23,2022-12-20,SJS,CGY,3,7,,nhl-api
nhl,2022/23,2022-12-20,TOR,TBL,4,1,,nhl-api
nhl,2022/23,2022-12-20,WPG,OTT,5,1,,nhl-api
nhl,2022/23,2022-12-21,ANA,MIN,1,4,,nhl-api
nhl,2022/23,2022-12-21,CHI,NSH,2,4,,nhl-api
nhl,2022/23,2022-12-21,COL,MTL,2,1,,nhl-api
nhl,2022/23,2022-12-21,DAL,EDM,3,6,,nhl-api
nhl,2022/23,2022-12-21,DET,TBL,7,4,,nhl-api
nhl,2022/23,2022-12-21,FLA,NJD,2,4,,nhl-api
nhl,2022/23,2022-12-21,VGK,ARI,5,2,,nhl-api
nhl,2022/23,2022-12-22,BOS,WPG,3,2,,nhl-api
nhl,2022/23,2022-12-22,LAK,CGY,4,3,,nhl-api
nhl,2022/23,2022-12-22,NYR,NYI,5,3,,nhl-api
nhl,2022/23,2022-12-22,OTT,WSH,2,3,,nhl-api
nhl,2022/23,2022-12-22,PIT,CAR,3,4,,nhl-api
nhl,2022/23,2022-12-22,SJS,MIN,5,2,,nhl-api
nhl,2022/23,2022-12-22,TOR,PHI,4,3,,nhl-api
nhl,2022/23,2022-12-22,VAN,SEA,5,5,,nhl-api
nhl,2022/23,2022-12-23,ANA,CGY,2,3,,nhl-api
nhl,2022/23,2022-12-23,ARI,LAK,1,1,,nhl-api
nhl,2022/23,2022-12-23,CAR,PHI,6,5,,nhl-api
nhl,2022/23,2022-12-23,CHI,CBJ,5,2,,nhl-api
nhl,2022/23,2022-12-23,DAL,MTL,4,2,,nhl-api
nhl,2022/23,2022-12-23,EDM,VAN,2,5,,nhl-api
nhl,2022/23,2022-12-23,NJD,BOS,3,4,,nhl-api
nhl,2022/23,2022-12-23,NSH,COL,2,3,,nhl-api
nhl,2022/23,2022-12-23,NYI,FLA,5,1,,nhl-api
nhl,2022/23,2022-12-23,VGK,STL,4,4,,nhl-api
nhl,2022/23,2022-12-23,WSH,WPG,4,1,,nhl-api
nhl,2022/23,2022-12-27,ARI,COL,6,3,,nhl-api
nhl,2022/23,2022-12-27,CAR,CHI,3,0,,nhl-api
nhl,2022/23,2022-12-27,CGY,EDM,1,2,,nhl-api
nhl,2022/23,2022-12-27,LAK,VGK,4,2,,nhl-api
nhl,2022/23,2022-12-27,NSH,DAL,2,3,,nhl-api
nhl,2022/23,2022-12-27,NYI,PIT,5,1,,nhl-api
nhl,2022/23,2022-12-27,NYR,WSH,0,4,,nhl-api
nhl,2022/23,2022-12-27,OTT,BOS,2,2,,nhl-api
nhl,2022/23,2022-12-27,STL,TOR,4,5,,nhl-api
nhl,2022/23,2022-12-27,VAN,SJS,6,2,,nhl-api
nhl,2022/23,2022-12-27,WPG,MIN,1,4,,nhl-api
nhl,2022/23,2022-12-28,ANA,VGK,2,2,,nhl-api
nhl,2022/23,2022-12-28,NJD,BOS,1,3,,nhl-api
nhl,2022/23,2022-12-28,PIT,DET,4,5,,nhl-api
nhl,2022/23,2022-12-28,SEA,CGY,2,3,,nhl-api
nhl,2022/23,2022-12-28,TBL,MTL,4,1,,nhl-api
nhl,2022/23,2022-12-29,ARI,TOR,6,3,,nhl-api
nhl,2022/23,2022-12-29,BUF,DET,6,3,,nhl-api
nhl,2022/23,2022-12-29,COL,LAK,4,4,,nhl-api
nhl,2022/23,2022-12-29,FLA,MTL,7,2,,nhl-api
nhl,2022/23,2022-12-29,MIN,DAL,1,4,,nhl-api
nhl,2022/23,2022-12-29,NYI,CBJ,2,1,,nhl-api
nhl,2022/23,2022-12-29,SJS,PHI,3,4,,nhl-api
nhl,2022/23,2022-12-29,STL,CHI,3,1,,nhl-api
nhl,2022/23,2022-12-29,TBL,NYR,1,1,,nhl-api
nhl,2022/23,2022-12-29,WPG,VAN,4,2,,nhl-api
nhl,2022/23,2022-12-29,WSH,OTT,3,4,,nhl-api
nhl,2022/23,2022-12-30,ANA,NSH,1,6,,nhl-api
nhl,2022/23,2022-12-30,CAR,FLA,4,0,,nhl-api
nhl,2022/23,2022-12-30,PIT,NJD,2,4,,nhl-api
nhl,2022/23,2022-12-30,SEA,EDM,2,7,,nhl-api
nhl,2022/23,2022-12-31,BOS,BUF,3,4,,nhl-api
nhl,2022/23,2022-12-31,CBJ,CHI,4,1,,nhl-api
nhl,2022/23,2022-12-31,CGY,VAN,3,2,,nhl-api
nhl,2022/23,2022-12-31,COL,TOR,2,6,,nhl-api
nhl,2022/23,2022-12-31,DAL,SJS,5,2,,nhl-api
nhl,2022/23,2022-12-31,DET,OTT,4,2,,nhl-api
nhl,2022/23,2022-12-31,EDM,WPG,1,2,,nhl-api
nhl,2022/23,2022-12-31,LAK,PHI,2,4,,nhl-api
nhl,2022/23,2022-12-31,STL,MIN,2,5,,nhl-api
nhl,2022/23,2022-12-31,TBL,ARI,5,3,,nhl-api
nhl,2022/23,2022-12-31,VGK,NSH,5,4,,nhl-api
nhl,2022/23,2022-12-31,WSH,MTL,9,2,,nhl-api
nhl,2022/23,2023-01-01,CHI,SJS,2,5,,nhl-api
nhl,2022/23,2023-01-01,FLA,NYR,3,5,,nhl-api
nhl,2022/23,2023-01-01,NJD,CAR,4,4,,nhl-api
nhl,2022/23,2023-01-01,OTT,BUF,3,1,,nhl-api
nhl,2022/23,2023-01-01,SEA,NYI,4,1,,nhl-api
nhl,2022/23,2023-01-02,ANA,PHI,1,4,,nhl-api
nhl,2022/23,2023-01-02,BOS,PIT,2,1,,nhl-api
nhl,2022/23,2023-01-02,COL,VGK,2,3,,nhl-api
nhl,2022/23,2023-01-03,CHI,TBL,1,4,,nhl-api
nhl,2022/23,2023-01-03,EDM,SEA,2,5,,nhl-api
nhl,2022/23,2023-01-03,FLA,ARI,5,3,,nhl-api
nhl,2022/23,2023-01-03,LAK,DAL,3,2,,nhl-api
nhl,2022/23,2023-01-03,NSH,MTL,6,3,,nhl-api
nhl,2022/23,2023-01-03,NYR,CAR,5,3,,nhl-api
nhl,2022/23,2023-01-03,OTT,CBJ,4,0,,nhl-api
nhl,2022/23,2023-01-03,TOR,STL,5,5,,nhl-api
nhl,2022/23,2023-01-03,VAN,NYI,2,6,,nhl-api
nhl,2022/23,2023-01-03,WPG,CGY,3,2,,nhl-api
nhl,2022/23,2023-01-03,WSH,BUF,4,5,,nhl-api
nhl,2022/23,2023-01-04,ANA,DAL,2,0,,nhl-api
nhl,2022/23,2023-01-04,DET,NJD,1,5,,nhl-api
nhl,2022/23,2023-01-04,MIN,TBL,5,1,,nhl-api
nhl,2022/23,2023-01-05,CAR,NSH,3,5,,nhl-api
nhl,2022/23,2023-01-05,CBJ,WSH,2,6,,nhl-api
nhl,2022/23,2023-01-05,EDM,NYI,4,2,,nhl-api
nhl,2022/23,2023-01-05,LAK,BOS,2,5,,nhl-api
nhl,2022/23,2023-01-05,MTL,NYR,1,4,,nhl-api
nhl,2022/23,2023-01-05,NJD,STL,3,5,,nhl-api
nhl,2022/23,2023-01-05,PHI,ARI,6,2,,nhl-api
nhl,2022/23,2023-01-05,TOR,SEA,1,5,,nhl-api
nhl,2022/23,2023-01-05,VAN,COL,4,2,,nhl-api
nhl,2022/23,2023-01-05,VGK,PIT,5,2,,nhl-api
nhl,2022/23,2023-01-06,ANA,SJS,5,4,,nhl-api
nhl,2022/23,2023-01-06,CGY,NYI,4,1,,nhl-api
nhl,2022/23,2023-01-06,CHI,ARI,2,0,,nhl-api
nhl,2022/23,2023-01-06,DET,FLA,2,3,,nhl-api
nhl,2022/23,2023-01-06,WPG,TBL,4,2,,nhl-api
nhl,2022/23,2023-01-06,WSH,NSH,2,3,,nhl-api
nhl,2022/23,2023-01-07,BUF,MIN,6,5,,nhl-api
nhl,2022/23,2023-01-07,CBJ,CAR,3,3,,nhl-api
nhl,2022/23,2023-01-07,EDM,COL,2,3,,nhl-api
nhl,2022/23,2023-01-07,MTL,STL,5,4,,nhl-api
nhl,2022/23,2023-01-07,NJD,NYR,4,3,,nhl-api
nhl,2022/23,2023-01-07,OTT,SEA,4,8,,nhl-api
nhl,2022/23,2023-01-07,SJS,BOS,2,4,,nhl-api
nhl,2022/23,2023-01-07,TOR,DET,4,1,,nhl-api
nhl,2022/23,2023-01-07,VGK,LAK,1,5,,nhl-api
nhl,2022/23,2023-01-08,ANA,BOS,1,7,,nhl-api
nhl,2022/23,2023-01-08,ARI,PIT,1,4,,nhl-api
nhl,2022/23,2023-01-08,CHI,CGY,4,3,,nhl-api
nhl,2022/23,2023-01-08,DAL,FLA,5,1,,nhl-api
nhl,2022/23,2023-01-08,MIN,STL,0,3,,nhl-api
nhl,2022/23,2023-01-08,PHI,TOR,2,6,,nhl-api
nhl,2022/23,2023-01-08,WPG,VAN,7,4,,nhl-api
nhl,2022/23,2023-01-08,WSH,CBJ,1,0,,nhl-api
nhl,2022/23,2023-01-09,BUF,PHI,0,4,,nhl-api
nhl,2022/23,2023-01-09,LAK,EDM,6,3,,nhl-api
nhl,2022/23,2023-01-09,MTL,SEA,0,4,,nhl-api
nhl,2022/23,2023-01-09,OTT,NSH,0,3,,nhl-api
nhl,2022/23,2023-01-10,ARI,SJS,2,4,,nhl-api
nhl,2022/23,2023-01-10,BUF,SEA,3,4,,nhl-api
nhl,2022/23,2023-01-10,CAR,NJD,3,5,,nhl-api
nhl,2022/23,2023-01-10,COL,FLA,4,5,,nhl-api
nhl,2022/23,2023-01-10,DET,WPG,7,5,,nhl-api
nhl,2022/23,2023-01-10,NYI,DAL,1,1,,nhl-api
nhl,2022/23,2023-01-10,NYR,MIN,3,3,,nhl-api
nhl,2022/23,2023-01-10,PIT,VAN,5,4,,nhl-api
nhl,2022/23,2023-01-10,STL,CGY,4,3,,nhl-api
nhl,2022/23,2023-01-10,TBL,CBJ,6,3,,nhl-api
nhl,2022/23,2023-01-11,ANA,EDM,2,6,,nhl-api
nhl,2022/23,2023-01-11,LAK,SJS,4,3,,nhl-api
nhl,2022/23,2023-01-11,PHI,WSH,5,3,,nhl-api
nhl,2022/23,2023-01-11,TOR,NSH,2,1,,nhl-api
nhl,2022/23,2023-01-12,ARI,OTT,3,5,,nhl-api
nhl,2022/23,2023-01-12,BOS,SEA,0,3,,nhl-api
nhl,2022/23,2023-01-12,BUF,WPG,2,4,,nhl-api
nhl,2022/23,2023-01-12,CBJ,CAR,2,6,,nhl-api
nhl,2022/23,2023-01-12,CHI,COL,3,2,,nhl-api
nhl,2022/23,2023-01-12,DET,TOR,4,1,,nhl-api
nhl,2022/23,2023-01-12,MTL,NSH,4,3,,nhl-api
nhl,2022/23,2023-01-12,NYI,MIN,1,3,,nhl-api
nhl,2022/23,2023-01-12,NYR,DAL,2,1,,nhl-api
nhl,2022/23,2023-01-12,STL,CGY,1,4,,nhl-api
nhl,2022/23,2023-01-12,TBL,VAN,5,4,,nhl-api
nhl,2022/23,2023-01-12,VGK,FLA,4,2,,nhl-api
nhl,2022/23,2023-01-13,ANA,NJD,2,6,,nhl-api
nhl,2022/23,2023-01-13,PIT,WPG,1,4,,nhl-api
nhl,2022/23,2023-01-13,SJS,EDM,1,7,,nhl-api
nhl,2022/23,2023-01-14,BOS,TOR,4,3,,nhl-api
nhl,2022/23,2023-01-14,CAR,PIT,2,1,,nhl-api
nhl,2022/23,2023-01-14,CHI,SEA,5,8,,nhl-api
nhl,2022/23,2023-01-14,COL,OTT,7,0,,nhl-api
nhl,2022/23,2023-01-14,DAL,CGY,5,6,,nhl-api
nhl,2022/23,2023-01-14,DET,CBJ,3,4,,nhl-api
nhl,2022/23,2023-01-14,FLA,VAN,4,3,,nhl-api
nhl,2022/23,2023-01-14,LAK,NJD,2,5,,nhl-api
nhl,2022/23,2023-01-14,MIN,ARI,2,1,,nhl-api
nhl,2022/23,2023-01-14,NSH,BUF,3,5,,nhl-api
nhl,2022/23,2023-01-14,NYI,MTL,2,1,,nhl-api
nhl,2022/23,2023-01-14,STL,TBL,2,4,,nhl-api
nhl,2022/23,2023-01-14,VGK,EDM,3,4,,nhl-api
nhl,2022/23,2023-01-14,WSH,PHI,1,3,,nhl-api
nhl,2022/23,2023-01-15,CAR,VAN,3,3,,nhl-api
nhl,2022/23,2023-01-15,NYR,MTL,1,2,,nhl-api
nhl,2022/23,2023-01-15,WPG,ARI,2,1,,nhl-api
nhl,2022/23,2023-01-16,BOS,PHI,6,0,,nhl-api
nhl,2022/23,2023-01-16,BUF,FLA,1,4,,nhl-api
nhl,2022/23,2023-01-16,CBJ,NYR,1,3,,nhl-api
nhl,2022/23,2023-01-16,COL,DET,6,3,,nhl-api
nhl,2022/23,2023-01-16,NSH,CGY,2,1,,nhl-api
nhl,2022/23,2023-01-16,NYI,WSH,3,4,,nhl-api
nhl,2022/23,2023-01-16,PIT,ANA,4,3,,nhl-api
nhl,2022/23,2023-01-16,SEA,TBL,1,4,,nhl-api
nhl,2022/23,2023-01-16,SJS,NJD,3,3,,nhl-api
nhl,2022/23,2023-01-16,STL,OTT,2,1,,nhl-api
nhl,2022/23,2023-01-16,VGK,DAL,0,4,,nhl-api
nhl,2022/23,2023-01-17,ARI,DET,3,3,,nhl-api
nhl,2022/23,2023-01-17,CHI,BUF,4,3,,nhl-api
nhl,2022/23,2023-01-17,EDM,SEA,5,2,,nhl-api
nhl,2022/23,2023-01-17,MTL,WPG,4,1,,nhl-api
nhl,2022/23,2023-01-17,NSH,CBJ,2,1,,nhl-api
nhl,2022/23,2023-01-17,PHI,ANA,5,2,,nhl-api
nhl,2022/23,2023-01-17,TOR,FLA,5,4,,nhl-api
nhl,2022/23,2023-01-17,WSH,MIN,2,4,,nhl-api
nhl,2022/23,2023-01-18,CGY,COL,1,4,,nhl-api
nhl,2022/23,2023-01-18,NYI,BOS,1,4,,nhl-api
nhl,2022/23,2023-01-18,OTT,PIT,5,4,,nhl-api
nhl,2022/23,2023-01-18,SJS,DAL,5,3,,nhl-api
nhl,2022/23,2023-01-18,VAN,TBL,2,5,,nhl-api
nhl,2022/23,2023-01-19,ARI,WSH,0,4,,nhl-api
nhl,2022/23,2023-01-19,BUF,NYI,3,2,,nhl-api
nhl,2022/23,2023-01-19,CAR,MIN,5,2,,nhl-api
nhl,2022/23,2023-01-19,CBJ,ANA,3,5,,nhl-api
nhl,2022/23,2023-01-19,EDM,TBL,5,3,,nhl-api
nhl,2022/23,2023-01-19,LAK,DAL,0,4,,nhl-api
nhl,2022/23,2023-01-19,MTL,FLA,2,6,,nhl-api
nhl,2022/23,2023-01-19,NYR,BOS,1,3,,nhl-api
nhl,2022/23,2023-01-19,PHI,CHI,1,4,,nhl-api
nhl,2022/23,2023-01-19,SEA,NJD,4,3,,nhl-api
nhl,2022/23,2023-01-19,STL,NSH,5,2,,nhl-api
nhl,2022/23,2023-01-19,TOR,WPG,4,1,,nhl-api
nhl,2022/23,2023-01-19,VGK,DET,2,3,,nhl-api
nhl,2022/23,2023-01-20,PIT,OTT,4,1,,nhl-api
nhl,2022/23,2023-01-20,VAN,COL,1,4,,nhl-api
nhl,2022/23,2023-01-21,BUF,ANA,6,3,,nhl-api
nhl,2022/23,2023-01-21,CBJ,SJS,5,3,,nhl-api
nhl,2022/23,2023-01-21,CGY,TBL,6,3,,nhl-api
nhl,2022/23,2023-01-21,DAL,ARI,4,0,,nhl-api
nhl,2022/23,2023-01-21,DET,PHI,1,2,,nhl-api
nhl,2022/23,2023-01-21,FLA,MIN,5,3,,nhl-api
nhl,2022/23,2023-01-21,MTL,TOR,3,2,,nhl-api
nhl,2022/23,2023-01-21,NSH,LAK,5,3,,nhl-api
nhl,2022/23,2023-01-21,NYI,CAR,2,5,,nhl-api
nhl,2022/23,2023-01-21,OTT,WPG,1,5,,nhl-api
nhl,2022/23,2023-01-21,SEA,COL,1,1,,nhl-api
nhl,2022/23,2023-01-21,STL,CHI,3,5,,nhl-api
nhl,2022/23,2023-01-21,VAN,EDM,2,4,,nhl-api
nhl,2022/23,2023-01-21,VGK,WSH,6,2,,nhl-api
nhl,2022/23,2023-01-22,ARI,VGK,4,1,,nhl-api
nhl,2022/23,2023-01-22,BOS,SJS,4,0,,nhl-api
nhl,2022/23,2023-01-22,CHI,LAK,1,2,,nhl-api
nhl,2022/23,2023-01-22,NJD,PIT,2,1,,nhl-api
nhl,2022/23,2023-01-22,PHI,WPG,3,5,,nhl-api
nhl,2022/23,2023-01-23,CGY,CBJ,4,3,,nhl-api
nhl,2022/23,2023-01-23,DAL,BUF,2,3,,nhl-api
nhl,2022/23,2023-01-23,NYR,FLA,6,2,,nhl-api
nhl,2022/23,2023-01-23,TOR,NYI,5,2,,nhl-api
nhl,2022/23,2023-01-24,ARI,ANA,2,5,,nhl-api
nhl,2022/23,2023-01-24,COL,WSH,3,2,,nhl-api
nhl,2022/23,2023-01-24,DET,SJS,3,2,,nhl-api
nhl,2022/23,2023-01-24,MTL,BOS,2,4,,nhl-api
nhl,2022/23,2023-01-24,NJD,VGK,3,2,,nhl-api
nhl,2022/23,2023-01-24,NSH,WPG,2,1,,nhl-api
nhl,2022/23,2023-01-24,PHI,LAK,3,4,,nhl-api
nhl,2022/23,2023-01-24,PIT,FLA,7,6,,nhl-api
nhl,2022/23,2023-01-24,STL,BUF,3,5,,nhl-api
nhl,2022/23,2023-01-24,TBL,MIN,4,2,,nhl-api
nhl,2022/23,2023-01-24,VAN,CHI,5,2,,nhl-api
nhl,2022/23,2023-01-25,DAL,CAR,2,3,,nhl-api
nhl,2022/23,2023-01-25,EDM,CBJ,2,3,,nhl-api
nhl,2022/23,2023-01-25,OTT,NYI,2,1,,nhl-api
nhl,2022/23,2023-01-25,SEA,VAN,6,1,,nhl-api
nhl,2022/23,2023-01-25,TOR,NYR,3,2,,nhl-api
nhl,2022/23,2023-01-26,ARI,STL,5,0,,nhl-api
nhl,2022/23,2023-01-26,CGY,CHI,1,5,,nhl-api
nhl,2022/23,2023-01-26,COL,ANA,3,5,,nhl-api
nhl,2022/23,2023-01-26,MIN,PHI,3,2,,nhl-api
nhl,2022/23,2023-01-26,MTL,DET,3,4,,nhl-api
nhl,2022/23,2023-01-26,NSH,NJD,6,4,,nhl-api
nhl,2022/23,2023-01-26,TBL,BOS,3,2,,nhl-api
nhl,2022/23,2023-01-26,WPG,BUF,2,3,,nhl-api
nhl,2022/23,2023-01-26,WSH,PIT,2,2,,nhl-api
nhl,2022/23,2023-01-27,CAR,SJS,5,4,,nhl-api
nhl,2022/23,2023-01-27,DAL,NJD,2,3,,nhl-api
nhl,2022/23,2023-01-27,FLA,LAK,3,4,,nhl-api
nhl,2022/23,2023-01-27,NYI,DET,2,0,,nhl-api
nhl,2022/23,2023-01-27,NYR,VGK,4,1,,nhl-api
nhl,2022/23,2023-01-27,SEA,CGY,2,5,,nhl-api
nhl,2022/23,2023-01-27,TOR,OTT,2,6,,nhl-api
nhl,2022/23,2023-01-27,VAN,CBJ,5,2,,nhl-api
nhl,2022/23,2023-01-28,ANA,ARI,2,1,,nhl-api
nhl,2022/23,2023-01-28,COL,STL,4,2,,nhl-api
nhl,2022/23,2023-01-28,EDM,CHI,7,3,,nhl-api
nhl,2022/23,2023-01-28,FLA,BOS,4,3,,nhl-api
nhl,2022/23,2023-01-28,MIN,BUF,2,2,,nhl-api
nhl,2022/23,2023-01-28,NYI,VGK,2,1,,nhl-api
nhl,2022/23,2023-01-28,OTT,MTL,5,0,,nhl-api
nhl,2022/23,2023-01-28,PIT,SJS,4,6,,nhl-api
nhl,2022/23,2023-01-28,SEA,CBJ,3,1,,nhl-api
nhl,2022/23,2023-01-28,TBL,LAK,5,2,,nhl-api
nhl,2022/23,2023-01-28,WPG,PHI,0,4,,nhl-api
nhl,2022/23,2023-01-29,CAR,BOS,4,1,,nhl-api
nhl,2022/23,2023-01-29,TOR,WSH,5,1,,nhl-api
nhl,2022/23,2023-01-30,WPG,STL,4,2,,nhl-api
nhl,2022/23,2023-01-31,CAR,LAK,5,4,,nhl-api
nhl,2022/23,2023-01-31,CBJ,WSH,3,4,,nhl-api
nhl,2022/23,2023-01-31,MTL,OTT,4,5,,nhl-api
nhl,2022/23,2023-02-01,BUF,CAR,1,5,,nhl-api
nhl,2022/23,2023-02-01,TOR,BOS,2,5,,nhl-api
nhl,2022/23,2023-02-06,ARI,MIN,3,2,,nhl-api
nhl,2022/23,2023-02-06,DAL,ANA,2,2,,nhl-api
nhl,2022/23,2023-02-06,FLA,TBL,7,1,,nhl-api
nhl,2022/23,2023-02-06,NJD,VAN,5,4,,nhl-api
nhl,2022/23,2023-02-06,NYR,CGY,5,4,,nhl-api
nhl,2022/23,2023-02-06,PHI,NYI,1,2,,nhl-api
nhl,2022/23,2023-02-07,CHI,ANA,2,3,,nhl-api
nhl,2022/23,2023-02-07,DET,EDM,2,5,,nhl-api
nhl,2022/23,2023-02-07,NSH,VGK,1,5,,nhl-api
nhl,2022/23,2023-02-07,NYI,SEA,4,0,,nhl-api
nhl,2022/23,2023-02-07,PIT,COL,2,1,,nhl-api
nhl,2022/23,2023-02-07,TBL,SJS,3,4,,nhl-api
nhl,2022/23,2023-02-08,DAL,MIN,4,1,,nhl-api
nhl,2022/23,2023-02-08,NYR,VAN,4,3,,nhl-api
nhl,2022/23,2023-02-09,DET,CGY,2,1,,nhl-api
nhl,2022/23,2023-02-09,FLA,SJS,4,1,,nhl-api
nhl,2022/23,2023-02-09,MIN,VGK,1,5,,nhl-api
nhl,2022/23,2023-02-09,NJD,SEA,3,1,,nhl-api
nhl,2022/23,2023-02-09,NYI,VAN,5,6,,nhl-api
nhl,2022/23,2023-02-09,PHI,EDM,1,1,,nhl-api
nhl,2022/23,2023-02-09,TBL,COL,5,0,,nhl-api
nhl,2022/23,2023-02-10,ANA,PIT,3,6,,nhl-api
nhl,2022/23,2023-02-10,CBJ,TOR,0,3,,nhl-api
nhl,2022/23,2023-02-10,CHI,ARI,4,3,,nhl-api
nhl,2022/23,2023-02-10,NYR,SEA,6,3,,nhl-api
nhl,2022/23,2023-02-11,BOS,WSH,1,2,,nhl-api
nhl,2022/23,2023-02-11,BUF,CGY,2,7,,nhl-api
nhl,2022/23,2023-02-11,CAR,NYR,2,6,,nhl-api
nhl,2022/23,2023-02-11,DAL,TBL,1,3,,nhl-api
nhl,2022/23,2023-02-11,DET,VAN,5,2,,nhl-api
nhl,2022/23,2023-02-11,FLA,COL,3,5,,nhl-api
nhl,2022/23,2023-02-11,LAK,PIT,6,0,,nhl-api
nhl,2022/23,2023-02-11,MIN,NJD,2,2,,nhl-api
nhl,2022/23,2023-02-11,MTL,NYI,4,3,,nhl-api
nhl,2022/23,2023-02-11,OTT,EDM,3,6,,nhl-api
nhl,2022/23,2023-02-11,PHI,NSH,1,2,,nhl-api
nhl,2022/23,2023-02-11,STL,ARI,6,5,,nhl-api
nhl,2022/23,2023-02-11,TOR,CBJ,3,4,,nhl-api
nhl,2022/23,2023-02-11,WPG,CHI,4,1,,nhl-api
nhl,2022/23,2023-02-12,MTL,EDM,6,2,,nhl-api
nhl,2022/23,2023-02-12,PHI,SEA,3,4,,nhl-api
nhl,2022/23,2023-02-12,VGK,ANA,7,2,,nhl-api
nhl,2022/23,2023-02-12,WSH,SJS,1,4,,nhl-api
nhl,2022/23,2023-02-13,LAK,BUF,5,2,,nhl-api
nhl,2022/23,2023-02-13,MIN,FLA,1,1,,nhl-api
nhl,2022/23,2023-02-13,NSH,ARI,2,4,,nhl-api
nhl,2022/23,2023-02-13,OTT,CGY,4,3,,nhl-api
nhl,2022/23,2023-02-13,VAN,DET,1,6,,nhl-api
nhl,2022/23,2023-02-14,CBJ,NJD,2,3,,nhl-api
nhl,2022/23,2023-02-14,COL,TBL,3,3,,nhl-api
nhl,2022/23,2023-02-14,DAL,BOS,2,3,,nhl-api
nhl,2022/23,2023-02-14,MTL,CHI,4,0,,nhl-api
nhl,2022/23,2023-02-14,NYI,OTT,2,2,,nhl-api
nhl,2022/23,2023-02-14,SJS,PIT,1,3,,nhl-api
nhl,2022/23,2023-02-14,STL,FLA,6,2,,nhl-api
nhl,2022/23,2023-02-14,WPG,SEA,2,2,,nhl-api
nhl,2022/23,2023-02-14,WSH,CAR,2,3,,nhl-api
nhl,2022/23,2023-02-15,ANA,BUF,3,7,,nhl-api
nhl,2022/23,2023-02-15,ARI,TBL,0,0,,nhl-api
nhl,2022/23,2023-02-15,EDM,DET,4,4,,nhl-api
nhl,2022/23,2023-02-15,MIN,COL,2,3,,nhl-api
nhl,2022/23,2023-02-15,TOR,CHI,5,2,,nhl-api
nhl,2022/23,2023-02-15,VAN,NYR,4,6,,nhl-api
nhl,2022/23,2023-02-16,CAR,MTL,6,2,,nhl-api
nhl,2022/23,2023-02-16,CBJ,WPG,3,1,,nhl-api
nhl,2022/23,2023-02-16,CGY,DET,2,5,,nhl-api
nhl,2022/23,2023-02-16,NSH,BOS,0,5,,nhl-api
nhl,2022/23,2023-02-16,SEA,PHI,6,2,,nhl-api
nhl,2022/23,2023-02-16,STL,NJD,4,2,,nhl-api
nhl,2022/23,2023-02-16,VGK,SJS,2,1,,nhl-api
nhl,2022/23,2023-02-16,WSH,FLA,3,6,,nhl-api
nhl,2022/23,2023-02-17,ANA,LAK,3,6,,nhl-api
nhl,2022/23,2023-02-17,EDM,NYR,4,4,,nhl-api
nhl,2022/23,2023-02-17,MIN,DAL,1,1,,nhl-api
nhl,2022/23,2023-02-17,NYI,PIT,5,4,,nhl-api
nhl,2022/23,2023-02-17,OTT,CHI,3,4,,nhl-api
nhl,2022/23,2023-02-18,BOS,NYI,6,2,,nhl-api
nhl,2022/23,2023-02-18,CAR,WSH,4,1,,nhl-api
nhl,2022/23,2023-02-18,CGY,NYR,3,2,,nhl-api
nhl,2022/23,2023-02-18,DAL,CBJ,1,4,,nhl-api
nhl,2022/23,2023-02-18,LAK,ARI,5,5,,nhl-api
nhl,2022/23,2023-02-18,NSH,FLA,7,3,,nhl-api
nhl,2022/23,2023-02-18,PIT,NJD,2,5,,nhl-api
nhl,2022/23,2023-02-18,SEA,DET,4,2,,nhl-api
nhl,2022/23,2023-02-18,SJS,BUF,2,4,,nhl-api
nhl,2022/23,2023-02-18,STL,COL,1,4,,nhl-api
nhl,2022/23,2023-02-18,TOR,MTL,5,1,,nhl-api
nhl,2022/23,2023-02-18,VAN,PHI,6,2,,nhl-api
nhl,2022/23,2023-02-18,VGK,TBL,5,4,,nhl-api
nhl,2022/23,2023-02-19,ARI,CBJ,3,2,,nhl-api
nhl,2022/23,2023-02-19,CHI,TOR,5,3,,nhl-api
nhl,2022/23,2023-02-19,COL,EDM,6,5,,nhl-api
nhl,2022/23,2023-02-19,MIN,NSH,4,3,,nhl-api
nhl,2022/23,2023-02-19,NJD,WPG,4,2,,nhl-api
nhl,2022/23,2023-02-19,OTT,STL,7,2,,nhl-api
nhl,2022/23,2023-02-20,BOS,OTT,3,1,,nhl-api
nhl,2022/23,2023-02-20,CGY,PHI,3,4,,nhl-api
nhl,2022/23,2023-02-20,FLA,ANA,4,3,,nhl-api
nhl,2022/23,2023-02-20,NYR,WPG,1,4,,nhl-api
nhl,2022/23,2023-02-20,PIT,NYI,2,4,,nhl-api
nhl,2022/23,2023-02-20,SJS,SEA,4,0,,nhl-api
nhl,2022/23,2023-02-21,BUF,TOR,3,6,,nhl-api
nhl,2022/23,2023-02-21,CAR,STL,4,1,,nhl-api
nhl,2022/23,2023-02-21,CHI,VGK,2,2,,nhl-api
nhl,2022/23,2023-02-21,EDM,PHI,4,2,,nhl-api
nhl,2022/23,2023-02-21,MIN,LAK,2,1,,nhl-api
nhl,2022/23,2023-02-21,NJD,MTL,2,5,,nhl-api
nhl,2022/23,2023-02-21,NSH,VAN,4,4,,nhl-api
nhl,2022/23,2023-02-21,TBL,ANA,6,1,,nhl-api
nhl,2022/23,2023-02-21,WSH,DET,1,3,,nhl-api
nhl,2022/23,2023-02-22,ARI,CGY,3,6,,nhl-api
nhl,2022/23,2023-02-22,DAL,CHI,3,4,,nhl-api
nhl,2022/23,2023-02-22,NYI,WPG,2,1,,nhl-api
nhl,2022/23,2023-02-23,CBJ,MIN,0,2,,nhl-api
nhl,2022/23,2023-02-23,DET,NYR,4,1,,nhl-api
nhl,2022/23,2023-02-23,NJD,LAK,4,3,,nhl-api
nhl,2022/23,2023-02-23,PIT,EDM,2,7,,nhl-api
nhl,2022/23,2023-02-23,SEA,BOS,5,6,,nhl-api
nhl,2022/23,2023-02-23,SJS,NSH,2,6,,nhl-api
nhl,2022/23,2023-02-23,STL,VAN,2,3,,nhl-api
nhl,2022/23,2023-02-23,TBL,BUF,5,6,,nhl-api
nhl,2022/23,2023-02-23,VGK,CGY,4,3,,nhl-api
nhl,2022/23,2023-02-23,WSH,ANA,2,4,,nhl-api
nhl,2022/23,2023-02-24,CAR,OTT,4,0,,nhl-api
nhl,2022/23,2023-02-24,FLA,BUF,1,3,,nhl-api
nhl,2022/23,2023-02-24,NYI,LAK,2,3,,nhl-api
nhl,2022/23,2023-02-24,PHI,MTL,2,5,,nhl-api
nhl,2022/23,2023-02-24,TOR,MIN,2,1,,nhl-api
nhl,2022/23,2023-02-24,WPG,COL,1,5,,nhl-api
nhl,2022/23,2023-02-25,CAR,ANA,2,3,,nhl-api
nhl,2022/23,2023-02-25,CBJ,EDM,6,5,,nhl-api
nhl,2022/23,2023-02-25,COL,CGY,4,1,,nhl-api
nhl,2022/23,2023-02-25,DET,TBL,0,3,,nhl-api
nhl,2022/23,2023-02-25,MTL,OTT,2,5,,nhl-api
nhl,2022/23,2023-02-25,NJD,PHI,7,0,,nhl-api
nhl,2022/23,2023-02-25,SJS,CHI,3,3,,nhl-api
nhl,2022/23,2023-02-25,STL,PIT,2,3,,nhl-api
nhl,2022/23,2023-02-25,VAN,BOS,1,3,,nhl-api
nhl,2022/23,2023-02-25,VGK,DAL,2,2,,nhl-api
nhl,2022/23,2023-02-25,WSH,NYR,6,3,,nhl-api
nhl,2022/23,2023-02-26,ARI,NSH,2,6,,nhl-api
nhl,2022/23,2023-02-26,BUF,WSH,7,4,,nhl-api
nhl,2022/23,2023-02-26,MIN,CBJ,3,2,,nhl-api
nhl,2022/23,2023-02-26,NYR,LAK,5,2,,nhl-api
nhl,2022/23,2023-02-26,PIT,TBL,7,3,,nhl-api
nhl,2022/23,2023-02-26,SEA,TOR,1,5,,nhl-api
nhl,2022/23,2023-02-26,WPG,NYI,0,4,,nhl-api
nhl,2022/23,2023-02-27,ANA,CHI,4,2,,nhl-api
nhl,2022/23,2023-02-27,COL,VGK,3,0,,nhl-api
nhl,2022/23,2023-02-27,DAL,VAN,4,5,,nhl-api
nhl,2022/23,2023-02-27,EDM,BOS,2,3,,nhl-api
nhl,2022/23,2023-02-27,OTT,DET,6,2,,nhl-api
nhl,2022/23,2023-02-28,ARI,CHI,4,1,,nhl-api
nhl,2022/23,2023-02-28,BUF,CBJ,3,5,,nhl-api
nhl,2022/23,2023-02-28,CGY,BOS,3,4,,nhl-api
nhl,2022/23,2023-02-28,MIN,NYI,1,1,,nhl-api
nhl,2022/23,2023-02-28,NSH,PIT,1,3,,nhl-api
nhl,2022/23,2023-02-28,OTT,DET,6,1,,nhl-api
nhl,2022/23,2023-02-28,SJS,MTL,1,3,,nhl-api
nhl,2022/23,2023-02-28,STL,SEA,3,5,,nhl-api
nhl,2022/23,2023-02-28,TBL,FLA,1,4,,nhl-api
nhl,2022/23,2023-02-28,WPG,LAK,5,5,,nhl-api
nhl,2022/23,2023-03-01,ANA,WSH,2,3,,nhl-api
nhl,2022/23,2023-03-01,COL,NJD,5,7,,nhl-api
nhl,2022/23,2023-03-01,DAL,ARI,4,2,,nhl-api
nhl,2022/23,2023-03-01,EDM,TOR,5,2,,nhl-api
nhl,2022/23,2023-03-01,PHI,NYR,2,3,,nhl-api
nhl,2022/23,2023-03-01,VGK,CAR,3,2,,nhl-api
nhl,2022/23,2023-03-02,BOS,BUF,7,1,,nhl-api
nhl,2022/23,2023-03-02,CGY,TOR,1,2,,nhl-api
nhl,2022/23,2023-03-02,CHI,DAL,2,5,,nhl-api
nhl,2022/23,2023-03-02,DET,SEA,4,5,,nhl-api
nhl,2022/23,2023-03-02,FLA,NSH,1,2,,nhl-api
nhl,2022/23,2023-03-02,LAK,MTL,3,2,,nhl-api
nhl,2022/23,2023-03-02,NYR,OTT,3,5,,nhl-api
nhl,2022/23,2023-03-02,SJS,STL,3,6,,nhl-api
nhl,2022/23,2023-03-02,TBL,PIT,4,5,,nhl-api
nhl,2022/23,2023-03-02,VAN,MIN,1,2,,nhl-api
nhl,2022/23,2023-03-03,ANA,MTL,3,2,,nhl-api
nhl,2022/23,2023-03-03,ARI,CAR,1,6,,nhl-api
nhl,2022/23,2023-03-03,CBJ,SEA,2,4,,nhl-api
nhl,2022/23,2023-03-03,EDM,WPG,6,3,,nhl-api
nhl,2022/23,2023-03-03,VGK,NJD,3,3,,nhl-api
nhl,2022/23,2023-03-04,BOS,NYR,4,2,,nhl-api
nhl,2022/23,2023-03-04,BUF,TBL,5,3,,nhl-api
nhl,2022/23,2023-03-04,CGY,MIN,0,3,,nhl-api
nhl,2022/23,2023-03-04,CHI,NSH,1,3,,nhl-api
nhl,2022/23,2023-03-04,DAL,COL,7,3,,nhl-api
nhl,2022/23,2023-03-04,FLA,PIT,4,1,,nhl-api
nhl,2022/23,2023-03-04,LAK,STL,4,2,,nhl-api
nhl,2022/23,2023-03-04,NYI,DET,4,1,,nhl-api
nhl,2022/23,2023-03-04,OTT,CBJ,5,2,,nhl-api
nhl,2022/23,2023-03-04,SJS,WSH,3,8,,nhl-api
nhl,2022/23,2023-03-04,VAN,TOR,4,1,,nhl-api
nhl,2022/23,2023-03-04,WPG,EDM,7,5,,nhl-api
nhl,2022/23,2023-03-05,ARI,NJD,4,5,,nhl-api
nhl,2022/23,2023-03-05,CAR,TBL,6,0,,nhl-api
nhl,2022/23,2023-03-05,COL,SEA,2,3,,nhl-api
nhl,2022/23,2023-03-05,PHI,DET,3,1,,nhl-api
nhl,2022/23,2023-03-05,VGK,MTL,4,3,,nhl-api
nhl,2022/23,2023-03-06,BUF,EDM,2,3,,nhl-api
nhl,2022/23,2023-03-06,CHI,OTT,5,0,,nhl-api
nhl,2022/23,2023-03-06,DAL,CGY,4,5,,nhl-api
nhl,2022/23,2023-03-06,LAK,WSH,4,2,,nhl-api
nhl,2022/23,2023-03-06,VAN,NSH,3,3,,nhl-api
nhl,2022/23,2023-03-06,WPG,SJS,2,3,,nhl-api
nhl,2022/23,2023-03-07,ARI,STL,6,2,,nhl-api
nhl,2022/23,2023-03-07,COL,SJS,6,0,,nhl-api
nhl,2022/23,2023-03-07,FLA,VGK,2,1,,nhl-api
nhl,2022/23,2023-03-07,MIN,CGY,0,0,,nhl-api
nhl,2022/23,2023-03-07,MTL,CAR,3,3,,nhl-api
nhl,2022/23,2023-03-07,NJD,TOR,3,4,,nhl-api
nhl,2022/23,2023-03-07,NYI,BUF,3,2,,nhl-api
nhl,2022/23,2023-03-07,PIT,CBJ,5,4,,nhl-api
nhl,2022/23,2023-03-07,SEA,ANA,5,2,,nhl-api
nhl,2022/23,2023-03-07,TBL,PHI,5,2,,nhl-api
nhl,2022/23,2023-03-08,DET,CHI,4,3,,nhl-api
nhl,2022/23,2023-03-08,VAN,ANA,3,2,,nhl-api
nhl,2022/23,2023-03-08,WPG,MIN,2,4,,nhl-api
nhl,2022/23,2023-03-09,ARI,NSH,4,1,,nhl-api
nhl,2022/23,2023-03-09,BOS,EDM,2,3,,nhl-api
nhl,2022/23,2023-03-09,BUF,DAL,4,10,,nhl-api
nhl,2022/23,2023-03-09,CAR,PHI,1,0,,nhl-api
nhl,2022/23,2023-03-09,COL,LAK,2,5,,nhl-api
nhl,2022/23,2023-03-09,MTL,NYR,3,3,,nhl-api
nhl,2022/23,2023-03-09,PIT,NYI,3,4,,nhl-api
nhl,2022/23,2023-03-09,SEA,OTT,4,5,,nhl-api
nhl,2022/23,2023-03-09,STL,SJS,4,2,,nhl-api
nhl,2022/23,2023-03-09,TBL,VGK,3,4,,nhl-api
nhl,2022/23,2023-03-09,WSH,NJD,2,2,,nhl-api
nhl,2022/23,2023-03-10,CGY,ANA,1,3,,nhl-api
nhl,2022/23,2023-03-10,FLA,CHI,4,3,,nhl-api
nhl,2022/23,2023-03-11,BOS,DET,3,2,,nhl-api
nhl,2022/23,2023-03-11,BUF,NYR,1,2,,nhl-api
nhl,2022/23,2023-03-11,CAR,VGK,0,4,,nhl-api
nhl,2022/23,2023-03-11,CBJ,STL,2,5,,nhl-api
nhl,2022/23,2023-03-11,COL,ARI,3,2,,nhl-api
nhl,2022/23,2023-03-11,FLA,WPG,4,5,,nhl-api
nhl,2022/23,2023-03-11,LAK,NSH,1,1,,nhl-api
nhl,2022/23,2023-03-11,MTL,NJD,1,3,,nhl-api
nhl,2022/23,2023-03-11,NYI,WSH,1,5,,nhl-api
nhl,2022/23,2023-03-11,PIT,PHI,5,1,,nhl-api
nhl,2022/23,2023-03-11,SEA,DAL,3,4,,nhl-api
nhl,2022/23,2023-03-11,SJS,MIN,2,5,,nhl-api
nhl,2022/23,2023-03-11,TBL,CHI,3,1,,nhl-api
nhl,2022/23,2023-03-11,TOR,EDM,7,4,,nhl-api
nhl,2022/23,2023-03-11,VAN,OTT,5,2,,nhl-api
nhl,2022/23,2023-03-12,ANA,NSH,4,5,,nhl-api
nhl,2022/23,2023-03-12,ARI,MIN,5,4,,nhl-api
nhl,2022/23,2023-03-12,CGY,OTT,5,1,,nhl-api
nhl,2022/23,2023-03-12,DET,BOS,5,3,,nhl-api
nhl,2022/23,2023-03-12,NJD,CAR,3,0,,nhl-api
nhl,2022/23,2023-03-12,PIT,NYR,3,2,,nhl-api
nhl,2022/23,2023-03-12,STL,VGK,3,5,,nhl-api
nhl,2022/23,2023-03-12,TBL,WPG,2,3,,nhl-api
nhl,2022/23,2023-03-13,MTL,COL,4,8,,nhl-api
nhl,2022/23,2023-03-13,SEA,DAL,2,5,,nhl-api
nhl,2022/23,2023-03-13,TOR,BUF,3,4,,nhl-api
nhl,2022/23,2023-03-14,ARI,CGY,4,3,,nhl-api
nhl,2022/23,2023-03-14,CAR,WPG,5,3,,nhl-api
nhl,2022/23,2023-03-14,CHI,BOS,6,3,,nhl-api
nhl,2022/23,2023-03-14,EDM,OTT,6,3,,nhl-api
nhl,2022/23,2023-03-14,LAK,NYI,5,2,,nhl-api
nhl,2022/23,2023-03-14,NJD,TBL,1,4,,nhl-api
nhl,2022/23,2023-03-14,NSH,DET,2,1,,nhl-api
nhl,2022/23,2023-03-14,NYR,WSH,5,3,,nhl-api
nhl,2022/23,2023-03-14,PHI,VGK,3,5,,nhl-api
nhl,2022/23,2023-03-14,PIT,MTL,4,6,,nhl-api
nhl,2022/23,2023-03-14,SJS,CBJ,5,6,,nhl-api
nhl,2022/23,2023-03-14,VAN,DAL,5,2,,nhl-api
nhl,2022/23,2023-03-15,ANA,NYI,3,6,,nhl-api
nhl,2022/23,2023-03-15,STL,MIN,5,8,,nhl-api
nhl,2022/23,2023-03-15,TOR,COL,1,1,,nhl-api
nhl,2022/23,2023-03-15,WSH,BUF,4,4,,nhl-api
nhl,2022/23,2023-03-16,ARI,VAN,3,2,,nhl-api
nhl,2022/23,2023-03-16,EDM,DAL,4,1,,nhl-api
nhl,2022/23,2023-03-16,FLA,MTL,9,5,,nhl-api
nhl,2022/23,2023-03-16,LAK,CBJ,4,1,,nhl-api
nhl,2022/23,2023-03-16,NJD,TBL,3,3,,nhl-api
nhl,2022/23,2023-03-16,NSH,CHI,1,2,,nhl-api
nhl,2022/23,2023-03-16,NYR,PIT,4,2,,nhl-api
nhl,2022/23,2023-03-16,OTT,COL,4,5,,nhl-api
nhl,2022/23,2023-03-16,SJS,SEA,1,2,,nhl-api
nhl,2022/23,2023-03-16,VGK,CGY,2,7,,nhl-api
nhl,2022/23,2023-03-16,WPG,BOS,0,3,,nhl-api
nhl,2022/23,2023-03-17,ANA,CBJ,7,4,,nhl-api
nhl,2022/23,2023-03-17,PHI,BUF,5,2,,nhl-api
nhl,2022/23,2023-03-17,TOR,CAR,5,2,,nhl-api
nhl,2022/23,2023-03-17,WSH,STL,2,5,,nhl-api
nhl,2022/23,2023-03-18,ARI,CHI,4,2,,nhl-api
nhl,2022/23,2023-03-18,CGY,DAL,5,6,,nhl-api
nhl,2022/23,2023-03-18,DET,COL,1,5,,nhl-api
nhl,2022/23,2023-03-18,FLA,NJD,4,2,,nhl-api
nhl,2022/23,2023-03-18,LAK,VAN,2,2,,nhl-api
nhl,2022/23,2023-03-18,MIN,BOS,2,5,,nhl-api
nhl,2022/23,2023-03-18,NSH,WPG,2,3,,nhl-api
nhl,2022/23,2023-03-18,NYR,PIT,6,0,,nhl-api
nhl,2022/23,2023-03-18,OTT,TOR,4,4,,nhl-api
nhl,2022/23,2023-03-18,PHI,CAR,4,5,,nhl-api
nhl,2022/23,2023-03-18,SEA,EDM,4,6,,nhl-api
nhl,2022/23,2023-03-18,SJS,NYI,1,4,,nhl-api
nhl,2022/23,2023-03-18,TBL,MTL,5,3,,nhl-api
nhl,2022/23,2023-03-19,ANA,VAN,1,2,,nhl-api
nhl,2022/23,2023-03-19,BUF,BOS,0,7,,nhl-api
nhl,2022/23,2023-03-19,MIN,WSH,5,3,,nhl-api
nhl,2022/23,2023-03-19,NYR,NSH,7,0,,nhl-api
nhl,2022/23,2023-03-19,STL,WPG,3,0,,nhl-api
nhl,2022/23,2023-03-19,TBL,NJD,2,5,,nhl-api
nhl,2022/23,2023-03-19,VGK,CBJ,7,2,,nhl-api
nhl,2022/23,2023-03-20,COL,CHI,5,0,,nhl-api
nhl,2022/23,2023-03-20,DET,FLA,2,5,,nhl-api
nhl,2022/23,2023-03-20,EDM,SJS,5,4,,nhl-api
nhl,2022/23,2023-03-20,LAK,CGY,8,2,,nhl-api
nhl,2022/23,2023-03-20,PIT,OTT,1,2,,nhl-api
nhl,2022/23,2023-03-21,ANA,CGY,1,5,,nhl-api
nhl,2022/23,2023-03-21,BOS,OTT,2,1,,nhl-api
nhl,2022/23,2023-03-21,BUF,NSH,3,7,,nhl-api
nhl,2022/23,2023-03-21,DAL,SEA,4,5,,nhl-api
nhl,2022/23,2023-03-21,MTL,TBL,3,2,,nhl-api
nhl,2022/23,2023-03-21,NJD,MIN,1,2,,nhl-api
nhl,2022/23,2023-03-21,NYI,TOR,7,2,,nhl-api
nhl,2022/23,2023-03-21,NYR,CAR,2,3,,nhl-api
nhl,2022/23,2023-03-21,PHI,FLA,6,3,,nhl-api
nhl,2022/23,2023-03-21,STL,DET,2,2,,nhl-api
nhl,2022/23,2023-03-21,VAN,VGK,3,4,,nhl-api
nhl,2022/23,2023-03-21,WPG,ARI,2,1,,nhl-api
nhl,2022/23,2023-03-21,WSH,CBJ,6,7,,nhl-api
nhl,2022/23,2023-03-22,COL,PIT,2,5,,nhl-api
nhl,2022/23,2023-03-22,EDM,ARI,4,3,,nhl-api
nhl,2022/23,2023-03-23,ANA,WPG,2,3,,nhl-api
nhl,2022/23,2023-03-23,BOS,MTL,4,2,,nhl-api
nhl,2022/23,2023-03-23,CAR,NYR,1,2,,nhl-api
nhl,2022/23,2023-03-23,CGY,VGK,2,3,,nhl-api
nhl,2022/23,2023-03-23,DAL,PIT,3,2,,nhl-api
nhl,2022/23,2023-03-23,DET,STL,3,4,,nhl-api
nhl,2022/23,2023-03-23,FLA,TOR,2,6,,nhl-api
nhl,2022/23,2023-03-23,NSH,SEA,1,1,,nhl-api
nhl,2022/23,2023-03-23,OTT,TBL,7,2,,nhl-api
nhl,2022/23,2023-03-23,PHI,MIN,4,4,,nhl-api
nhl,2022/23,2023-03-23,VAN,SJS,7,2,,nhl-api
nhl,2022/23,2023-03-23,WSH,CHI,6,1,,nhl-api
nhl,2022/23,2023-03-24,BUF,NJD,5,4,,nhl-api
nhl,2022/23,2023-03-24,CBJ,NYI,5,4,,nhl-api
nhl,2022/23,2023-03-24,COL,ARI,3,1,,nhl-api
nhl,2022/23,2023-03-25,ANA,STL,3,6,,nhl-api
nhl,2022/23,2023-03-25,BOS,TBL,2,1,,nhl-api
nhl,2022/23,2023-03-25,CAR,TOR,5,3,,nhl-api
nhl,2022/23,2023-03-25,CGY,SJS,5,3,,nhl-api
nhl,2022/23,2023-03-25,DAL,VAN,1,3,,nhl-api
nhl,2022/23,2023-03-25,EDM,VGK,3,4,,nhl-api
nhl,2022/23,2023-03-25,FLA,NYR,3,4,,nhl-api
nhl,2022/23,2023-03-25,LAK,WPG,4,1,,nhl-api
nhl,2022/23,2023-03-25,MIN,CHI,3,1,,nhl-api
nhl,2022/23,2023-03-25,MTL,CBJ,8,2,,nhl-api
nhl,2022/23,2023-03-25,NJD,OTT,5,3,,nhl-api
nhl,2022/23,2023-03-25,NSH,SEA,2,7,,nhl-api
nhl,2022/23,2023-03-25,NYI,BUF,0,2,,nhl-api
nhl,2022/23,2023-03-25,PHI,DET,3,0,,nhl-api
nhl,2022/23,2023-03-25,PIT,WSH,4,3,,nhl-api
nhl,2022/23,2023-03-26,ARI,COL,3,3,,nhl-api
nhl,2022/23,2023-03-26,CAR,BOS,3,3,,nhl-api
nhl,2022/23,2023-03-26,CHI,VAN,2,4,,nhl-api
nhl,2022/23,2023-03-26,LAK,STL,7,6,,nhl-api
nhl,2022/23,2023-03-26,NSH,TOR,2,3,,nhl-api
nhl,2022/23,2023-03-27,ANA,COL,1,5,,nhl-api
nhl,2022/23,2023-03-27,ARI,EDM,4,5,,nhl-api
nhl,2022/23,2023-03-27,BUF,MTL,3,3,,nhl-api
nhl,2022/23,2023-03-27,MIN,SEA,5,1,,nhl-api
nhl,2022/23,2023-03-27,NYI,NJD,5,1,,nhl-api
nhl,2022/23,2023-03-27,OTT,FLA,5,2,,nhl-api
nhl,2022/23,2023-03-28,BOS,NSH,1,2,,nhl-api
nhl,2022/23,2023-03-28,CAR,TBL,0,4,,nhl-api
nhl,2022/23,2023-03-28,CGY,LAK,2,1,,nhl-api
nhl,2022/23,2023-03-28,CHI,DAL,1,4,,nhl-api
nhl,2022/23,2023-03-28,DET,PIT,7,4,,nhl-api
nhl,2022/23,2023-03-28,NYR,CBJ,6,2,,nhl-api
nhl,2022/23,2023-03-28,PHI,MTL,3,2,,nhl-api
nhl,2022/23,2023-03-28,SJS,WPG,3,0,,nhl-api
nhl,2022/23,2023-03-28,STL,VAN,6,5,,nhl-api
nhl,2022/23,2023-03-28,VGK,EDM,4,7,,nhl-api
nhl,2022/23,2023-03-29,COL,MIN,2,4,,nhl-api
nhl,2022/23,2023-03-29,TOR,FLA,2,3,,nhl-api
nhl,2022/23,2023-03-29,WSH,NYI,1,1,,nhl-api
nhl,2022/23,2023-03-30,BOS,CBJ,2,1,,nhl-api
nhl,2022/23,2023-03-30,CHI,STL,3,5,,nhl-api
nhl,2022/23,2023-03-30,DET,CAR,3,2,,nhl-api
nhl,2022/23,2023-03-30,EDM,LAK,2,0,,nhl-api
nhl,2022/23,2023-03-30,MTL,FLA,2,5,,nhl-api
nhl,2022/23,2023-03-30,NJD,NYR,2,1,,nhl-api
nhl,2022/23,2023-03-30,OTT,PHI,5,4,,nhl-api
nhl,2022/23,2023-03-30,PIT,NSH,2,0,,nhl-api
nhl,2022/23,2023-03-30,SEA,ANA,4,1,,nhl-api
nhl,2022/23,2023-03-30,SJS,VGK,4,3,,nhl-api
nhl,2022/23,2023-03-30,TBL,WSH,5,1,,nhl-api
nhl,2022/23,2023-03-31,ARI,DAL,2,5,,nhl-api
nhl,2022/23,2023-03-31,BUF,NYR,3,2,,nhl-api
nhl,2022/23,2023-03-31,VAN,CGY,4,5,,nhl-api
nhl,2022/23,2023-03-31,WPG,DET,6,2,,nhl-api
nhl,2022/23,2023-04-01,ARI,SJS,2,7,,nhl-api
nhl,2022/23,2023-04-01,CBJ,FLA,0,7,,nhl-api
nhl,2022/23,2023-04-01,CHI,NJD,3,6,,nhl-api
nhl,2022/23,2023-04-01,COL,DAL,5,2,,nhl-api
nhl,2022/23,2023-04-01,EDM,ANA,6,0,,nhl-api
nhl,2022/23,2023-04-01,MTL,CAR,0,3,,nhl-api
nhl,2022/23,2023-04-01,NSH,STL,6,1,,nhl-api
nhl,2022/23,2023-04-01,OTT,TOR,0,3,,nhl-api
nhl,2022/23,2023-04-01,PHI,BUF,3,6,,nhl-api
nhl,2022/23,2023-04-01,PIT,BOS,3,4,,nhl-api
nhl,2022/23,2023-04-01,SEA,LAK,1,3,,nhl-api
nhl,2022/23,2023-04-01,TBL,NYI,5,0,,nhl-api
nhl,2022/23,2023-04-01,VGK,MIN,4,1,,nhl-api
nhl,2022/23,2023-04-02,CAR,NYI,2,1,,nhl-api
nhl,2022/23,2023-04-02,CBJ,OTT,4,3,,nhl-api
nhl,2022/23,2023-04-02,CGY,ANA,5,4,,nhl-api
nhl,2022/23,2023-04-02,PIT,PHI,4,2,,nhl-api
nhl,2022/23,2023-04-02,STL,BOS,3,3,,nhl-api
nhl,2022/23,2023-04-02,TOR,DET,2,5,,nhl-api
nhl,2022/23,2023-04-02,VAN,LAK,1,4,,nhl-api
nhl,2022/23,2023-04-02,WPG,NJD,6,1,,nhl-api
nhl,2022/23,2023-04-02,WSH,NYR,2,5,,nhl-api
nhl,2022/23,2023-04-03,DAL,NSH,5,1,,nhl-api
nhl,2022/23,2023-04-03,MIN,VGK,3,3,,nhl-api
nhl,2022/23,2023-04-03,SEA,ARI,8,1,,nhl-api
nhl,2022/23,2023-04-04,CAR,OTT,3,2,,nhl-api
nhl,2022/23,2023-04-04,CGY,CHI,3,4,,nhl-api
nhl,2022/23,2023-04-04,FLA,BUF,2,1,,nhl-api
nhl,2022/23,2023-04-04,LAK,EDM,1,3,,nhl-api
nhl,2022/23,2023-04-04,MTL,DET,0,5,,nhl-api
nhl,2022/23,2023-04-04,NJD,PIT,5,1,,nhl-api
nhl,2022/23,2023-04-04,NSH,VGK,3,2,,nhl-api
nhl,2022/23,2023-04-04,SJS,COL,3,4,,nhl-api
nhl,2022/23,2023-04-04,STL,PHI,4,2,,nhl-api
nhl,2022/23,2023-04-04,TOR,CBJ,4,2,,nhl-api
nhl,2022/23,2023-04-04,VAN,SEA,2,5,,nhl-api
nhl,2022/23,2023-04-05,ANA,EDM,1,3,,nhl-api
nhl,2022/23,2023-04-05,NYR,TBL,6,3,,nhl-api
nhl,2022/23,2023-04-05,WPG,CGY,1,3,,nhl-api
nhl,2022/23,2023-04-06,BOS,TOR,2,1,,nhl-api
nhl,2022/23,2023-04-06,DAL,PHI,4,1,,nhl-api
nhl,2022/23,2023-04-06,DET,BUF,6,6,,nhl-api
nhl,2022/23,2023-04-06,FLA,OTT,7,2,,nhl-api
nhl,2022/23,2023-04-06,MTL,WSH,6,2,,nhl-api
nhl,2022/23,2023-04-06,NJD,CBJ,8,1,,nhl-api
nhl,2022/23,2023-04-06,NSH,CAR,3,0,,nhl-api
nhl,2022/23,2023-04-06,NYI,TBL,6,1,,nhl-api
nhl,2022/23,2023-04-06,PIT,MIN,4,1,,nhl-api
nhl,2022/23,2023-04-06,SEA,ARI,4,2,,nhl-api
nhl,2022/23,2023-04-06,SJS,COL,2,6,,nhl-api
nhl,2022/23,2023-04-06,STL,NYR,3,2,,nhl-api
nhl,2022/23,2023-04-06,VAN,CHI,3,0,,nhl-api
nhl,2022/23,2023-04-06,VGK,LAK,5,2,,nhl-api
nhl,2022/23,2023-04-08,ARI,ANA,5,4,,nhl-api
nhl,2022/23,2023-04-08,BOS,NJD,2,1,,nhl-api
nhl,2022/23,2023-04-08,BUF,CAR,4,3,,nhl-api
nhl,2022/23,2023-04-08,CBJ,NYR,0,4,,nhl-api
nhl,2022/23,2023-04-08,DAL,VGK,1,1,,nhl-api
nhl,2022/23,2023-04-08,DET,PIT,1,5,,nhl-api
nhl,2022/23,2023-04-08,LAK,COL,3,4,,nhl-api
nhl,2022/23,2023-04-08,MIN,STL,5,3,,nhl-api
nhl,2022/23,2023-04-08,NYI,PHI,4,0,,nhl-api
nhl,2022/23,2023-04-08,OTT,TBL,7,4,,nhl-api
nhl,2022/23,2023-04-08,SEA,CHI,7,3,,nhl-api
nhl,2022/23,2023-04-08,SJS,EDM,1,6,,nhl-api
nhl,2022/23,2023-04-08,TOR,MTL,7,1,,nhl-api
nhl,2022/23,2023-04-08,VAN,CGY,2,2,,nhl-api
nhl,2022/23,2023-04-08,WPG,NSH,2,0,,nhl-api
nhl,2022/23,2023-04-08,WSH,FLA,2,4,,nhl-api
nhl,2022/23,2023-04-09,ANA,COL,4,5,,nhl-api
nhl,2022/23,2023-04-09,PHI,BOS,3,5,,nhl-api
nhl,2022/23,2023-04-10,ARI,SEA,1,4,,nhl-api
nhl,2022/23,2023-04-10,CGY,NSH,2,2,,nhl-api
nhl,2022/23,2023-04-10,CHI,MIN,2,4,,nhl-api
nhl,2022/23,2023-04-10,DET,DAL,1,6,,nhl-api
nhl,2022/23,2023-04-10,FLA,TOR,1,2,,nhl-api
nhl,2022/23,2023-04-10,LAK,VAN,3,0,,nhl-api
nhl,2022/23,2023-04-10,NYR,BUF,2,2,,nhl-api
nhl,2022/23,2023-04-10,OTT,CAR,3,2,,nhl-api
nhl,2022/23,2023-04-10,WPG,SJS,6,2,,nhl-api
nhl,2022/23,2023-04-10,WSH,NYI,5,2,,nhl-api
nhl,2022/23,2023-04-11,ANA,VAN,2,3,,nhl-api
nhl,2022/23,2023-04-11,BOS,WSH,5,2,,nhl-api
nhl,2022/23,2023-04-11,CAR,DET,4,1,,nhl-api
nhl,2022/23,2023-04-11,COL,EDM,1,2,,nhl-api
nhl,2022/23,2023-04-11,MIN,WPG,1,3,,nhl-api
nhl,2022/23,2023-04-11,NJD,BUF,6,2,,nhl-api
nhl,2022/23,2023-04-11,PHI,CBJ,4,3,,nhl-api
nhl,2022/23,2023-04-11,PIT,CHI,2,5,,nhl-api
nhl,2022/23,2023-04-11,TBL,TOR,3,4,,nhl-api
nhl,2022/23,2023-04-11,VGK,SEA,4,1,,nhl-api
nhl,2022/23,2023-04-12,CGY,SJS,3,1,,nhl-api
nhl,2022/23,2023-04-12,NYI,MTL,4,2,,nhl-api
nhl,2022/23,2023-04-12,STL,DAL,2,5,,nhl-api
nhl,2022/23,2023-04-13,ANA,LAK,3,5,,nhl-api
nhl,2022/23,2023-04-13,ARI,VAN,4,5,,nhl-api
nhl,2022/23,2023-04-13,BUF,OTT,4,3,,nhl-api
nhl,2022/23,2023-04-13,CBJ,PIT,3,2,,nhl-api
nhl,2022/23,2023-04-13,CHI,PHI,4,5,,nhl-api
nhl,2022/23,2023-04-13,COL,WPG,4,2,,nhl-api
nhl,2022/23,2023-04-13,DAL,STL,1,0,,nhl-api
nhl,2022/23,2023-04-13,EDM,SJS,5,2,,nhl-api
nhl,2022/23,2023-04-13,FLA,CAR,4,6,,nhl-api
nhl,2022/23,2023-04-13,MTL,BOS,4,5,,nhl-api
nhl,2022/23,2023-04-13,NSH,MIN,4,3,,nhl-api
nhl,2022/23,2023-04-13,NYR,TOR,2,3,,nhl-api
nhl,2022/23,2023-04-13,SEA,VGK,1,3,,nhl-api
nhl,2022/23,2023-04-13,TBL,DET,5,0,,nhl-api
nhl,2022/23,2023-04-13,WSH,NJD,4,5,,nhl-api
nhl,2022/23,2023-04-14,CBJ,BUF,2,5,,nhl-api
nhl,2022/23,2023-04-14,NSH,COL,3,4,,nhl-api
nhl,2023/24,2023-10-10,PIT,CHI,2,4,,nhl-api
nhl,2023/24,2023-10-10,TBL,NSH,5,3,,nhl-api
nhl,2023/24,2023-10-10,VGK,SEA,4,1,,nhl-api
nhl,2023/24,2023-10-11,BOS,CHI,3,1,,nhl-api
nhl,2023/24,2023-10-11,CAR,OTT,5,3,,nhl-api
nhl,2023/24,2023-10-11,CGY,WPG,5,3,,nhl-api
nhl,2023/24,2023-10-11,LAK,COL,2,5,,nhl-api
nhl,2023/24,2023-10-11,TOR,MTL,5,5,,nhl-api
nhl,2023/24,2023-10-11,VAN,EDM,8,1,,nhl-api
nhl,2023/24,2023-10-12,BUF,NYR,1,5,,nhl-api
nhl,2023/24,2023-10-12,CBJ,PHI,2,4,,nhl-api
nhl,2023/24,2023-10-12,DAL,STL,1,1,,nhl-api
nhl,2023/24,2023-10-12,MIN,FLA,2,0,,nhl-api
nhl,2023/24,2023-10-12,NJD,DET,4,3,,nhl-api
nhl,2023/24,2023-10-12,NSH,SEA,3,0,,nhl-api
nhl,2023/24,2023-10-12,SJS,VGK,1,4,,nhl-api
nhl,2023/24,2023-10-13,NJD,ARI,3,3,,nhl-api
nhl,2023/24,2023-10-13,WSH,PIT,0,4,,nhl-api
nhl,2023/24,2023-10-14,BOS,NSH,3,2,,nhl-api
nhl,2023/24,2023-10-14,CBJ,NYR,5,3,,nhl-api
nhl,2023/24,2023-10-14,DET,TBL,6,4,,nhl-api
nhl,2023/24,2023-10-14,EDM,VAN,3,4,,nhl-api
nhl,2023/24,2023-10-14,LAK,CAR,5,5,,nhl-api
nhl,2023/24,2023-10-14,MTL,CHI,3,2,,nhl-api
nhl,2023/24,2023-10-14,NYI,BUF,3,2,,nhl-api
nhl,2023/24,2023-10-14,OTT,PHI,5,2,,nhl-api
nhl,2023/24,2023-10-14,PIT,CGY,5,2,,nhl-api
nhl,2023/24,2023-10-14,SJS,COL,1,1,,nhl-api
nhl,2023/24,2023-10-14,STL,SEA,1,1,,nhl-api
nhl,2023/24,2023-10-14,TOR,MIN,7,4,,nhl-api
nhl,2023/24,2023-10-14,VGK,ANA,4,1,,nhl-api
nhl,2023/24,2023-10-14,WPG,FLA,6,4,,nhl-api
nhl,2023/24,2023-10-15,ANA,CAR,6,3,,nhl-api
nhl,2023/24,2023-10-15,OTT,TBL,5,2,,nhl-api
nhl,2023/24,2023-10-16,CBJ,DET,0,4,,nhl-api
nhl,2023/24,2023-10-16,NJD,FLA,3,4,,nhl-api
nhl,2023/24,2023-10-16,NYR,ARI,2,1,,nhl-api
nhl,2023/24,2023-10-16,TOR,CHI,1,4,,nhl-api
nhl,2023/24,2023-10-16,WSH,CGY,2,2,,nhl-api
nhl,2023/24,2023-10-17,BUF,TBL,3,2,,nhl-api
nhl,2023/24,2023-10-17,MTL,MIN,2,5,,nhl-api
nhl,2023/24,2023-10-17,NSH,EDM,1,6,,nhl-api
nhl,2023/24,2023-10-17,NYI,ARI,1,0,,nhl-api
nhl,2023/24,2023-10-17,PHI,VAN,2,0,,nhl-api
nhl,2023/24,2023-10-17,SEA,COL,1,4,,nhl-api
nhl,2023/24,2023-10-17,SJS,CAR,3,6,,nhl-api
nhl,2023/24,2023-10-17,VGK,DAL,2,2,,nhl-api
nhl,2023/24,2023-10-17,WPG,LAK,1,5,,nhl-api
nhl,2023/24,2023-10-18,DET,PIT,6,3,,nhl-api
nhl,2023/24,2023-10-18,OTT,WSH,6,1,,nhl-api
nhl,2023/24,2023-10-19,ANA,DAL,2,3,,nhl-api
nhl,2023/24,2023-10-19,BUF,CGY,3,4,,nhl-api
nhl,2023/24,2023-10-19,COL,CHI,4,0,,nhl-api
nhl,2023/24,2023-10-19,FLA,TOR,3,1,,nhl-api
nhl,2023/24,2023-10-19,MIN,LAK,3,7,,nhl-api
nhl,2023/24,2023-10-19,NYR,NSH,1,4,,nhl-api
nhl,2023/24,2023-10-19,PHI,EDM,4,1,,nhl-api
nhl,2023/24,2023-10-19,SEA,CAR,7,4,,nhl-api
nhl,2023/24,2023-10-19,SJS,BOS,1,3,,nhl-api
nhl,2023/24,2023-10-19,STL,ARI,2,6,,nhl-api
nhl,2023/24,2023-10-19,TBL,VAN,4,3,,nhl-api
nhl,2023/24,2023-10-19,WPG,VGK,3,5,,nhl-api
nhl,2023/24,2023-10-20,CBJ,CGY,3,1,,nhl-api
nhl,2023/24,2023-10-20,NYI,NJD,4,5,,nhl-api
nhl,2023/24,2023-10-21,ARI,ANA,2,1,,nhl-api
nhl,2023/24,2023-10-21,BUF,NYI,3,1,,nhl-api
nhl,2023/24,2023-10-21,CHI,VGK,3,5,,nhl-api
nhl,2023/24,2023-10-21,COL,CAR,6,4,,nhl-api
nhl,2023/24,2023-10-21,DAL,PHI,5,4,,nhl-api
nhl,2023/24,2023-10-21,EDM,WPG,2,3,,nhl-api
nhl,2023/24,2023-10-21,FLA,VAN,3,5,,nhl-api
nhl,2023/24,2023-10-21,LAK,BOS,2,4,,nhl-api
nhl,2023/24,2023-10-21,MIN,CBJ,4,5,,nhl-api
nhl,2023/24,2023-10-21,MTL,WSH,3,2,,nhl-api
nhl,2023/24,2023-10-21,NSH,SJS,5,1,,nhl-api
nhl,2023/24,2023-10-21,OTT,DET,2,5,,nhl-api
nhl,2023/24,2023-10-21,SEA,NYR,1,4,,nhl-api
nhl,2023/24,2023-10-21,STL,PIT,4,2,,nhl-api
nhl,2023/24,2023-10-21,TBL,TOR,3,4,,nhl-api
nhl,2023/24,2023-10-22,ANA,BOS,1,3,,nhl-api
nhl,2023/24,2023-10-22,DET,CGY,6,2,,nhl-api
nhl,2023/24,2023-10-23,BUF,MTL,1,3,,nhl-api
nhl,2023/24,2023-10-24,CBJ,ANA,2,3,,nhl-api
nhl,2023/24,2023-10-24,CGY,NYR,1,3,,nhl-api
nhl,2023/24,2023-10-24,CHI,BOS,0,3,,nhl-api
nhl,2023/24,2023-10-24,DET,SEA,4,5,,nhl-api
nhl,2023/24,2023-10-24,FLA,SJS,3,1,,nhl-api
nhl,2023/24,2023-10-24,LAK,ARI,6,3,,nhl-api
nhl,2023/24,2023-10-24,MIN,EDM,7,4,,nhl-api
nhl,2023/24,2023-10-24,MTL,NJD,2,5,,nhl-api
nhl,2023/24,2023-10-24,NSH,VAN,2,3,,nhl-api
nhl,2023/24,2023-10-24,NYI,COL,4,7,,nhl-api
nhl,2023/24,2023-10-24,OTT,BUF,4,6,,nhl-api
nhl,2023/24,2023-10-24,PIT,DAL,1,4,,nhl-api
nhl,2023/24,2023-10-24,TBL,CAR,3,0,,nhl-api
nhl,2023/24,2023-10-24,VGK,PHI,3,2,,nhl-api
nhl,2023/24,2023-10-24,WPG,STL,4,2,,nhl-api
nhl,2023/24,2023-10-24,WSH,TOR,1,4,,nhl-api
nhl,2023/24,2023-10-25,NJD,WSH,4,6,,nhl-api
nhl,2023/24,2023-10-26,BOS,ANA,3,4,,nhl-api
nhl,2023/24,2023-10-26,CAR,SEA,3,2,,nhl-api
nhl,2023/24,2023-10-26,CGY,STL,0,3,,nhl-api
nhl,2023/24,2023-10-26,DAL,TOR,1,4,,nhl-api
nhl,2023/24,2023-10-26,DET,WPG,1,4,,nhl-api
nhl,2023/24,2023-10-26,EDM,NYR,0,3,,nhl-api
nhl,2023/24,2023-10-26,MTL,CBJ,4,3,,nhl-api
nhl,2023/24,2023-10-26,NYI,OTT,3,2,,nhl-api
nhl,2023/24,2023-10-26,PHI,MIN,6,2,,nhl-api
nhl,2023/24,2023-10-26,PIT,COL,4,0,,nhl-api
nhl,2023/24,2023-10-26,TBL,SJS,6,0,,nhl-api
nhl,2023/24,2023-10-27,ARI,LAK,4,5,,nhl-api
nhl,2023/24,2023-10-27,CAR,SJS,3,0,,nhl-api
nhl,2023/24,2023-10-27,NJD,BUF,5,4,,nhl-api
nhl,2023/24,2023-10-27,VAN,STL,5,0,,nhl-api
nhl,2023/24,2023-10-27,VGK,CHI,3,4,,nhl-api
nhl,2023/24,2023-10-27,WSH,MIN,2,2,,nhl-api
nhl,2023/24,2023-10-28,BOS,DET,4,1,,nhl-api
nhl,2023/24,2023-10-28,CBJ,NYI,0,2,,nhl-api
nhl,2023/24,2023-10-28,FLA,SEA,3,2,,nhl-api
nhl,2023/24,2023-10-28,LAK,VGK,3,3,,nhl-api
nhl,2023/24,2023-10-28,MTL,WPG,3,3,,nhl-api
nhl,2023/24,2023-10-28,NSH,TOR,3,2,,nhl-api
nhl,2023/24,2023-10-28,PHI,ANA,4,7,,nhl-api
nhl,2023/24,2023-10-28,PIT,OTT,2,5,,nhl-api
nhl,2023/24,2023-10-28,VAN,NYR,3,4,,nhl-api
nhl,2023/24,2023-10-29,BUF,COL,4,0,,nhl-api
nhl,2023/24,2023-10-29,EDM,CGY,5,2,,nhl-api
nhl,2023/24,2023-10-29,NJD,MIN,4,3,,nhl-api
nhl,2023/24,2023-10-29,WSH,SJS,3,1,,nhl-api
nhl,2023/24,2023-10-30,ARI,CHI,8,1,,nhl-api
nhl,2023/24,2023-10-30,BOS,FLA,3,2,,nhl-api
nhl,2023/24,2023-10-30,DAL,CBJ,5,3,,nhl-api
nhl,2023/24,2023-10-30,NYI,DET,3,4,,nhl-api
nhl,2023/24,2023-10-30,PHI,CAR,2,3,,nhl-api
nhl,2023/24,2023-10-30,PIT,ANA,3,4,,nhl-api
nhl,2023/24,2023-10-30,TBL,SEA,3,4,,nhl-api
nhl,2023/24,2023-10-30,VGK,MTL,2,2,,nhl-api
nhl,2023/24,2023-10-30,WPG,NYR,2,3,,nhl-api
nhl,2023/24,2023-10-31,TOR,LAK,1,4,,nhl-api
nhl,2023/24,2023-10-31,VAN,NSH,5,2,,nhl-api
nhl,2023/24,2023-11-01,ANA,ARI,4,3,,nhl-api
nhl,2023/24,2023-11-01,CGY,DAL,3,4,,nhl-api
nhl,2023/24,2023-11-01,COL,STL,4,1,,nhl-api
nhl,2023/24,2023-11-01,PHI,BUF,2,5,,nhl-api
nhl,2023/24,2023-11-02,ARI,MTL,3,2,,nhl-api
nhl,2023/24,2023-11-02,BOS,TOR,2,2,,nhl-api
nhl,2023/24,2023-11-02,CBJ,TBL,4,2,,nhl-api
nhl,2023/24,2023-11-02,DET,FLA,0,2,,nhl-api
nhl,2023/24,2023-11-02,EDM,DAL,3,4,,nhl-api
nhl,2023/24,2023-11-02,MIN,NJD,3,5,,nhl-api
nhl,2023/24,2023-11-02,NYR,CAR,2,1,,nhl-api
nhl,2023/24,2023-11-02,OTT,LAK,2,3,,nhl-api
nhl,2023/24,2023-11-02,SEA,NSH,4,2,,nhl-api
nhl,2023/24,2023-11-02,SJS,VAN,1,10,,nhl-api
nhl,2023/24,2023-11-02,VGK,WPG,5,2,,nhl-api
nhl,2023/24,2023-11-02,WSH,NYI,0,3,,nhl-api
nhl,2023/24,2023-11-03,BUF,PHI,1,5,,nhl-api
nhl,2023/24,2023-11-03,STL,NJD,4,1,,nhl-api
nhl,2023/24,2023-11-04,ARI,WPG,3,5,,nhl-api
nhl,2023/24,2023-11-04,CHI,FLA,5,2,,nhl-api
nhl,2023/24,2023-11-04,DET,BOS,5,4,,nhl-api
nhl,2023/24,2023-11-04,EDM,NSH,2,5,,nhl-api
nhl,2023/24,2023-11-04,MIN,NYR,4,4,,nhl-api
nhl,2023/24,2023-11-04,NYI,CAR,3,4,,nhl-api
nhl,2023/24,2023-11-04,OTT,TBL,4,6,,nhl-api
nhl,2023/24,2023-11-04,PHI,LAK,0,5,,nhl-api
nhl,2023/24,2023-11-04,SEA,CGY,3,6,,nhl-api
nhl,2023/24,2023-11-04,SJS,PIT,2,10,,nhl-api
nhl,2023/24,2023-11-04,STL,MTL,6,3,,nhl-api
nhl,2023/24,2023-11-04,TOR,BUF,4,6,,nhl-api
nhl,2023/24,2023-11-04,VAN,DAL,2,0,,nhl-api
nhl,2023/24,2023-11-04,VGK,COL,7,0,,nhl-api
nhl,2023/24,2023-11-04,WSH,CBJ,2,1,,nhl-api
nhl,2023/24,2023-11-05,ANA,VGK,4,2,,nhl-api
nhl,2023/24,2023-11-05,CHI,NJD,2,4,,nhl-api
nhl,2023/24,2023-11-06,DAL,BOS,2,3,,nhl-api
nhl,2023/24,2023-11-06,FLA,CBJ,5,4,,nhl-api
nhl,2023/24,2023-11-06,TOR,TBL,6,5,,nhl-api
nhl,2023/24,2023-11-06,VAN,EDM,6,2,,nhl-api
nhl,2023/24,2023-11-07,ANA,PIT,0,2,,nhl-api
nhl,2023/24,2023-11-07,ARI,SEA,3,3,,nhl-api
nhl,2023/24,2023-11-07,CAR,BUF,3,2,,nhl-api
nhl,2023/24,2023-11-07,CGY,NSH,4,2,,nhl-api
nhl,2023/24,2023-11-07,COL,NJD,6,3,,nhl-api
nhl,2023/24,2023-11-07,MTL,TBL,3,5,,nhl-api
nhl,2023/24,2023-11-07,NYI,MIN,2,4,,nhl-api
nhl,2023/24,2023-11-07,NYR,DET,5,3,,nhl-api
nhl,2023/24,2023-11-07,SJS,PHI,2,1,,nhl-api
nhl,2023/24,2023-11-07,STL,WPG,2,5,,nhl-api
nhl,2023/24,2023-11-08,TOR,OTT,3,6,,nhl-api
nhl,2023/24,2023-11-08,VGK,LAK,1,4,,nhl-api
nhl,2023/24,2023-11-08,WSH,FLA,3,4,,nhl-api
nhl,2023/24,2023-11-09,BOS,NYI,5,2,,nhl-api
nhl,2023/24,2023-11-09,CBJ,DAL,2,5,,nhl-api
nhl,2023/24,2023-11-09,COL,SEA,3,4,,nhl-api
nhl,2023/24,2023-11-09,DET,MTL,2,3,,nhl-api
nhl,2023/24,2023-11-09,LAK,PIT,3,4,,nhl-api
nhl,2023/24,2023-11-09,NYR,MIN,4,1,,nhl-api
nhl,2023/24,2023-11-09,OTT,VAN,2,5,,nhl-api
nhl,2023/24,2023-11-09,SJS,EDM,3,2,,nhl-api
nhl,2023/24,2023-11-09,STL,ARI,2,1,,nhl-api
nhl,2023/24,2023-11-09,TBL,CHI,3,5,,nhl-api
nhl,2023/24,2023-11-09,WPG,NSH,6,3,,nhl-api
nhl,2023/24,2023-11-10,ANA,PHI,3,6,,nhl-api
nhl,2023/24,2023-11-10,BUF,MIN,3,2,,nhl-api
nhl,2023/24,2023-11-10,FLA,CAR,5,2,,nhl-api
nhl,2023/24,2023-11-10,NJD,WSH,2,4,,nhl-api
nhl,2023/24,2023-11-10,TOR,CGY,4,4,,nhl-api
nhl,2023/24,2023-11-10,VGK,SJS,5,0,,nhl-api
nhl,2023/24,2023-11-11,COL,STL,2,8,,nhl-api
nhl,2023/24,2023-11-11,DET,CBJ,5,4,,nhl-api
nhl,2023/24,2023-11-11,LAK,PHI,2,4,,nhl-api
nhl,2023/24,2023-11-11,MTL,BOS,3,2,,nhl-api
nhl,2023/24,2023-11-11,NSH,ARI,5,7,,nhl-api
nhl,2023/24,2023-11-11,NYI,WSH,1,4,,nhl-api
nhl,2023/24,2023-11-11,OTT,CGY,4,1,,nhl-api
nhl,2023/24,2023-11-11,PIT,BUF,4,0,,nhl-api
nhl,2023/24,2023-11-11,SEA,EDM,1,4,,nhl-api
nhl,2023/24,2023-11-11,TBL,CAR,0,4,,nhl-api
nhl,2023/24,2023-11-11,TOR,VAN,5,2,,nhl-api
nhl,2023/24,2023-11-11,WPG,DAL,2,3,,nhl-api
nhl,2023/24,2023-11-12,ANA,SJS,4,1,,nhl-api
nhl,2023/24,2023-11-12,FLA,CHI,4,3,,nhl-api
nhl,2023/24,2023-11-12,MIN,DAL,3,8,,nhl-api
nhl,2023/24,2023-11-12,MTL,VAN,2,5,,nhl-api
nhl,2023/24,2023-11-12,NYR,CBJ,3,3,,nhl-api
nhl,2023/24,2023-11-13,EDM,NYI,4,1,,nhl-api
nhl,2023/24,2023-11-13,SEA,COL,1,5,,nhl-api
nhl,2023/24,2023-11-14,BUF,BOS,2,5,,nhl-api
nhl,2023/24,2023-11-14,CBJ,PIT,3,5,,nhl-api
nhl,2023/24,2023-11-14,DAL,ARI,4,3,,nhl-api
nhl,2023/24,2023-11-14,MTL,CGY,1,2,,nhl-api
nhl,2023/24,2023-11-14,NSH,ANA,2,3,,nhl-api
nhl,2023/24,2023-11-14,SJS,FLA,3,5,,nhl-api
nhl,2023/24,2023-11-14,STL,TBL,5,0,,nhl-api
nhl,2023/24,2023-11-14,WPG,NJD,6,3,,nhl-api
nhl,2023/24,2023-11-14,WSH,VGK,3,0,,nhl-api
nhl,2023/24,2023-11-15,CAR,PHI,1,3,,nhl-api
nhl,2023/24,2023-11-15,COL,ANA,8,2,,nhl-api
nhl,2023/24,2023-11-15,EDM,SEA,4,3,,nhl-api
nhl,2023/24,2023-11-15,VAN,NYI,4,3,,nhl-api
nhl,2023/24,2023-11-16,CBJ,ARI,2,3,,nhl-api
nhl,2023/24,2023-11-16,CGY,VAN,5,2,,nhl-api
nhl,2023/24,2023-11-16,CHI,TBL,2,4,,nhl-api
nhl,2023/24,2023-11-16,LAK,FLA,2,1,,nhl-api
nhl,2023/24,2023-11-16,MTL,VGK,5,6,,nhl-api
nhl,2023/24,2023-11-16,OTT,DET,5,4,,nhl-api
nhl,2023/24,2023-11-16,PIT,NJD,2,5,,nhl-api
nhl,2023/24,2023-11-16,SEA,NYI,3,3,,nhl-api
nhl,2023/24,2023-11-16,SJS,STL,5,1,,nhl-api
nhl,2023/24,2023-11-17,ANA,FLA,1,2,,nhl-api
nhl,2023/24,2023-11-17,DET,TOR,2,3,,nhl-api
nhl,2023/24,2023-11-17,WPG,BUF,3,2,,nhl-api
nhl,2023/24,2023-11-18,BOS,MTL,5,2,,nhl-api
nhl,2023/24,2023-11-18,CAR,PIT,4,2,,nhl-api
nhl,2023/24,2023-11-18,CGY,NYI,4,4,,nhl-api
nhl,2023/24,2023-11-18,DAL,COL,3,6,,nhl-api
nhl,2023/24,2023-11-18,LAK,STL,5,1,,nhl-api
nhl,2023/24,2023-11-18,NJD,NYR,3,5,,nhl-api
nhl,2023/24,2023-11-18,NSH,CHI,4,2,,nhl-api
nhl,2023/24,2023-11-18,OTT,MIN,1,1,,nhl-api
nhl,2023/24,2023-11-18,PHI,VGK,4,3,,nhl-api
nhl,2023/24,2023-11-18,TBL,EDM,6,4,,nhl-api
nhl,2023/24,2023-11-18,VAN,SEA,3,4,,nhl-api
nhl,2023/24,2023-11-18,WPG,ARI,5,2,,nhl-api
nhl,2023/24,2023-11-18,WSH,CBJ,4,3,,nhl-api
nhl,2023/24,2023-11-19,ANA,STL,1,3,,nhl-api
nhl,2023/24,2023-11-19,CHI,BUF,2,3,,nhl-api
nhl,2023/24,2023-11-19,MIN,TOR,3,4,,nhl-api
nhl,2023/24,2023-11-19,PHI,CBJ,5,2,,nhl-api
nhl,2023/24,2023-11-19,PIT,VGK,3,0,,nhl-api
nhl,2023/24,2023-11-20,ARI,LAK,1,4,,nhl-api
nhl,2023/24,2023-11-20,DAL,NYR,6,3,,nhl-api
nhl,2023/24,2023-11-20,FLA,EDM,5,3,,nhl-api
nhl,2023/24,2023-11-20,NSH,COL,4,3,,nhl-api
nhl,2023/24,2023-11-20,SEA,CGY,3,4,,nhl-api
nhl,2023/24,2023-11-20,TBL,BOS,5,4,,nhl-api
nhl,2023/24,2023-11-20,VAN,SJS,3,1,,nhl-api
nhl,2023/24,2023-11-22,ANA,MTL,3,4,,nhl-api
nhl,2023/24,2023-11-22,ARI,STL,5,6,,nhl-api
nhl,2023/24,2023-11-22,CAR,EDM,6,3,,nhl-api
nhl,2023/24,2023-11-22,CBJ,CHI,7,3,,nhl-api
nhl,2023/24,2023-11-22,COL,VAN,5,2,,nhl-api
nhl,2023/24,2023-11-22,DAL,VGK,1,2,,nhl-api
nhl,2023/24,2023-11-22,DET,NJD,4,0,,nhl-api
nhl,2023/24,2023-11-22,FLA,BOS,1,3,,nhl-api
nhl,2023/24,2023-11-22,NSH,CGY,4,2,,nhl-api
nhl,2023/24,2023-11-22,NYI,PHI,3,2,,nhl-api
nhl,2023/24,2023-11-22,PIT,NYR,0,1,,nhl-api
nhl,2023/24,2023-11-22,SEA,SJS,7,1,,nhl-api
nhl,2023/24,2023-11-22,TBL,WPG,2,3,,nhl-api
nhl,2023/24,2023-11-22,WSH,BUF,4,3,,nhl-api
nhl,2023/24,2023-11-24,ANA,LAK,2,5,,nhl-api
nhl,2023/24,2023-11-24,BOS,DET,2,5,,nhl-api
nhl,2023/24,2023-11-24,BUF,PIT,3,2,,nhl-api
nhl,2023/24,2023-11-24,CAR,TBL,2,8,,nhl-api
nhl,2023/24,2023-11-24,CHI,TOR,4,3,,nhl-api
nhl,2023/24,2023-11-24,DAL,CGY,4,7,,nhl-api
nhl,2023/24,2023-11-24,FLA,WPG,0,3,,nhl-api
nhl,2023/24,2023-11-24,MIN,COL,2,3,,nhl-api
nhl,2023/24,2023-11-24,NJD,CBJ,1,2,,nhl-api
nhl,2023/24,2023-11-24,OTT,NYI,3,5,,nhl-api
nhl,2023/24,2023-11-24,PHI,NYR,1,3,,nhl-api
nhl,2023/24,2023-11-24,SEA,VAN,1,5,,nhl-api
nhl,2023/24,2023-11-24,SJS,MTL,2,2,,nhl-api
nhl,2023/24,2023-11-24,STL,NSH,3,8,,nhl-api
nhl,2023/24,2023-11-24,WSH,EDM,0,5,,nhl-api
nhl,2023/24,2023-11-25,COL,CGY,3,1,,nhl-api
nhl,2023/24,2023-11-25,LAK,MTL,4,0,,nhl-api
nhl,2023/24,2023-11-25,NJD,BUF,7,2,,nhl-api
nhl,2023/24,2023-11-25,NYI,PHI,0,0,,nhl-api
nhl,2023/24,2023-11-25,NYR,BOS,7,4,,nhl-api
nhl,2023/24,2023-11-25,PIT,TOR,3,2,,nhl-api
nhl,2023/24,2023-11-25,SJS,VAN,4,3,,nhl-api
nhl,2023/24,2023-11-25,VGK,ARI,0,2,,nhl-api
nhl,2023/24,2023-11-26,CAR,CBJ,3,2,,nhl-api
nhl,2023/24,2023-11-26,CHI,STL,2,4,,nhl-api
nhl,2023/24,2023-11-26,DET,MIN,4,1,,nhl-api
nhl,2023/24,2023-11-26,EDM,ANA,8,2,,nhl-api
nhl,2023/24,2023-11-26,NSH,WPG,3,2,,nhl-api
nhl,2023/24,2023-11-27,CBJ,BOS,5,2,,nhl-api
nhl,2023/24,2023-11-27,CGY,VGK,2,1,,nhl-api
nhl,2023/24,2023-11-27,COL,TBL,4,1,,nhl-api
nhl,2023/24,2023-11-27,NYR,BUF,1,5,,nhl-api
nhl,2023/24,2023-11-27,OTT,FLA,0,5,,nhl-api
nhl,2023/24,2023-11-27,SJS,WSH,2,1,,nhl-api
nhl,2023/24,2023-11-28,ARI,TBL,3,1,,nhl-api
nhl,2023/24,2023-11-28,CHI,SEA,4,3,,nhl-api
nhl,2023/24,2023-11-28,EDM,VGK,4,4,,nhl-api
nhl,2023/24,2023-11-28,MIN,STL,3,1,,nhl-api
nhl,2023/24,2023-11-28,NJD,NYI,5,4,,nhl-api
nhl,2023/24,2023-11-28,NSH,PIT,3,2,,nhl-api
nhl,2023/24,2023-11-28,PHI,CAR,1,4,,nhl-api
nhl,2023/24,2023-11-28,TOR,FLA,1,1,,nhl-api
nhl,2023/24,2023-11-28,VAN,ANA,3,1,,nhl-api
nhl,2023/24,2023-11-28,WPG,DAL,0,2,,nhl-api
nhl,2023/24,2023-11-29,CBJ,MTL,2,4,,nhl-api
nhl,2023/24,2023-11-29,LAK,WSH,1,2,,nhl-api
nhl,2023/24,2023-11-29,NYR,DET,3,2,,nhl-api
nhl,2023/24,2023-11-30,ANA,WSH,4,5,,nhl-api
nhl,2023/24,2023-11-30,ARI,COL,4,3,,nhl-api
nhl,2023/24,2023-11-30,BOS,SJS,3,0,,nhl-api
nhl,2023/24,2023-11-30,CAR,NYI,4,5,,nhl-api
nhl,2023/24,2023-11-30,CGY,DAL,4,3,,nhl-api
nhl,2023/24,2023-11-30,DET,CHI,5,1,,nhl-api
nhl,2023/24,2023-11-30,MTL,FLA,1,5,,nhl-api
nhl,2023/24,2023-11-30,NSH,MIN,1,6,,nhl-api
nhl,2023/24,2023-11-30,PHI,NJD,3,4,,nhl-api
nhl,2023/24,2023-11-30,STL,BUF,6,4,,nhl-api
nhl,2023/24,2023-11-30,TBL,PIT,2,4,,nhl-api
nhl,2023/24,2023-11-30,TOR,SEA,3,3,,nhl-api
nhl,2023/24,2023-11-30,VAN,VGK,1,4,,nhl-api
nhl,2023/24,2023-11-30,WPG,EDM,1,3,,nhl-api
nhl,2023/24,2023-12-01,CBJ,OTT,4,2,,nhl-api
nhl,2023/24,2023-12-01,NJD,SJS,3,6,,nhl-api
nhl,2023/24,2023-12-02,ANA,COL,3,3,,nhl-api
nhl,2023/24,2023-12-02,ARI,STL,4,1,,nhl-api
nhl,2023/24,2023-12-02,CAR,BUF,6,2,,nhl-api
nhl,2023/24,2023-12-02,CGY,VAN,3,4,,nhl-api
nhl,2023/24,2023-12-02,DAL,TBL,8,1,,nhl-api
nhl,2023/24,2023-12-02,FLA,NYI,3,4,,nhl-api
nhl,2023/24,2023-12-02,MTL,DET,4,5,,nhl-api
nhl,2023/24,2023-12-02,NSH,NYR,3,4,,nhl-api
nhl,2023/24,2023-12-02,OTT,SEA,2,0,,nhl-api
nhl,2023/24,2023-12-02,PIT,PHI,3,3,,nhl-api
nhl,2023/24,2023-12-02,TOR,BOS,3,4,,nhl-api
nhl,2023/24,2023-12-02,VGK,WSH,4,1,,nhl-api
nhl,2023/24,2023-12-02,WPG,CHI,3,1,,nhl-api
nhl,2023/24,2023-12-03,BOS,CBJ,3,1,,nhl-api
nhl,2023/24,2023-12-03,BUF,NSH,1,2,,nhl-api
nhl,2023/24,2023-12-03,LAK,COL,4,1,,nhl-api
nhl,2023/24,2023-12-03,MIN,CHI,4,1,,nhl-api
nhl,2023/24,2023-12-03,NYR,SJS,6,5,,nhl-api
nhl,2023/24,2023-12-04,ARI,WSH,6,0,,nhl-api
nhl,2023/24,2023-12-04,MTL,SEA,4,2,,nhl-api
nhl,2023/24,2023-12-04,PHI,PIT,2,1,,nhl-api
nhl,2023/24,2023-12-04,TBL,DAL,4,0,,nhl-api
nhl,2023/24,2023-12-04,VGK,STL,1,2,,nhl-api
nhl,2023/24,2023-12-04,WPG,CAR,2,1,,nhl-api
nhl,2023/24,2023-12-05,BUF,DET,3,5,,nhl-api
nhl,2023/24,2023-12-05,CBJ,LAK,3,4,,nhl-api
nhl,2023/24,2023-12-05,CGY,MIN,2,5,,nhl-api
nhl,2023/24,2023-12-05,CHI,NSH,3,3,,nhl-api
nhl,2023/24,2023-12-05,COL,ANA,3,2,,nhl-api
nhl,2023/24,2023-12-05,NYI,SJS,4,5,,nhl-api
nhl,2023/24,2023-12-05,OTT,NYR,6,2,,nhl-api
nhl,2023/24,2023-12-05,VAN,NJD,5,6,,nhl-api
nhl,2023/24,2023-12-06,EDM,CAR,6,1,,nhl-api
nhl,2023/24,2023-12-06,FLA,DAL,5,4,,nhl-api
nhl,2023/24,2023-12-06,STL,VGK,3,6,,nhl-api
nhl,2023/24,2023-12-06,TBL,PIT,3,1,,nhl-api
nhl,2023/24,2023-12-07,ARI,PHI,1,4,,nhl-api
nhl,2023/24,2023-12-07,BOS,BUF,1,3,,nhl-api
nhl,2023/24,2023-12-07,CGY,CAR,3,2,,nhl-api
nhl,2023/24,2023-12-07,CHI,ANA,1,0,,nhl-api
nhl,2023/24,2023-12-07,COL,WPG,2,4,,nhl-api
nhl,2023/24,2023-12-07,DET,SJS,5,6,,nhl-api
nhl,2023/24,2023-12-07,MTL,LAK,0,4,,nhl-api
nhl,2023/24,2023-12-07,NSH,TBL,5,1,,nhl-api
nhl,2023/24,2023-12-07,NYI,CBJ,7,3,,nhl-api
nhl,2023/24,2023-12-07,OTT,TOR,3,4,,nhl-api
nhl,2023/24,2023-12-07,SEA,NJD,1,2,,nhl-api
nhl,2023/24,2023-12-07,VAN,MIN,2,0,,nhl-api
nhl,2023/24,2023-12-07,WSH,DAL,4,4,,nhl-api
nhl,2023/24,2023-12-08,CBJ,STL,5,2,,nhl-api
nhl,2023/24,2023-12-08,EDM,MIN,4,3,,nhl-api
nhl,2023/24,2023-12-08,FLA,PIT,3,1,,nhl-api
nhl,2023/24,2023-12-09,BOS,ARI,5,3,,nhl-api
nhl,2023/24,2023-12-09,BUF,MTL,2,2,,nhl-api
nhl,2023/24,2023-12-09,CGY,NJD,2,4,,nhl-api
nhl,2023/24,2023-12-09,CHI,STL,3,1,,nhl-api
nhl,2023/24,2023-12-09,COL,PHI,2,5,,nhl-api
nhl,2023/24,2023-12-09,DAL,VGK,1,6,,nhl-api
nhl,2023/24,2023-12-09,DET,OTT,1,5,,nhl-api
nhl,2023/24,2023-12-09,NYI,LAK,3,2,,nhl-api
nhl,2023/24,2023-12-09,SEA,TBL,3,4,,nhl-api
nhl,2023/24,2023-12-09,TOR,NSH,4,0,,nhl-api
nhl,2023/24,2023-12-09,VAN,CAR,4,3,,nhl-api
nhl,2023/24,2023-12-09,WSH,NYR,4,0,,nhl-api
nhl,2023/24,2023-12-10,ANA,WPG,2,4,,nhl-api
nhl,2023/24,2023-12-10,CBJ,FLA,2,5,,nhl-api
nhl,2023/24,2023-12-10,CHI,WSH,2,4,,nhl-api
nhl,2023/24,2023-12-10,EDM,NJD,4,1,,nhl-api
nhl,2023/24,2023-12-10,MTL,NSH,1,2,,nhl-api
nhl,2023/24,2023-12-10,NYR,LAK,4,1,,nhl-api
nhl,2023/24,2023-12-10,SEA,MIN,0,3,,nhl-api
nhl,2023/24,2023-12-10,VGK,SJS,4,4,,nhl-api
nhl,2023/24,2023-12-11,BUF,ARI,5,2,,nhl-api
nhl,2023/24,2023-12-11,COL,CGY,6,5,,nhl-api
nhl,2023/24,2023-12-11,DAL,DET,6,3,,nhl-api
nhl,2023/24,2023-12-11,NYI,TOR,4,3,,nhl-api
nhl,2023/24,2023-12-12,EDM,CHI,4,1,,nhl-api
nhl,2023/24,2023-12-12,NSH,PHI,3,2,,nhl-api
nhl,2023/24,2023-12-12,NYR,TOR,3,7,,nhl-api
nhl,2023/24,2023-12-12,OTT,CAR,1,4,,nhl-api
nhl,2023/24,2023-12-12,PIT,ARI,4,2,,nhl-api
nhl,2023/24,2023-12-12,SEA,FLA,4,0,,nhl-api
nhl,2023/24,2023-12-12,SJS,WPG,2,1,,nhl-api
nhl,2023/24,2023-12-12,STL,DET,4,6,,nhl-api
nhl,2023/24,2023-12-12,VAN,TBL,4,1,,nhl-api
nhl,2023/24,2023-12-12,VGK,CGY,5,4,,nhl-api
nhl,2023/24,2023-12-13,COL,BUF,5,1,,nhl-api
nhl,2023/24,2023-12-13,LAK,WPG,2,5,,nhl-api
nhl,2023/24,2023-12-13,MTL,PIT,3,3,,nhl-api
nhl,2023/24,2023-12-13,NJD,BOS,2,1,,nhl-api
nhl,2023/24,2023-12-13,NYI,ANA,4,3,,nhl-api
nhl,2023/24,2023-12-14,DET,CAR,1,2,,nhl-api
nhl,2023/24,2023-12-14,EDM,TBL,4,7,,nhl-api
nhl,2023/24,2023-12-14,MIN,CGY,2,2,,nhl-api
nhl,2023/24,2023-12-14,PHI,WSH,3,3,,nhl-api
nhl,2023/24,2023-12-14,SEA,CHI,7,1,,nhl-api
nhl,2023/24,2023-12-14,STL,OTT,4,2,,nhl-api
nhl,2023/24,2023-12-14,TOR,CBJ,5,6,,nhl-api
nhl,2023/24,2023-12-14,VAN,FLA,4,0,,nhl-api
nhl,2023/24,2023-12-15,ARI,SJS,1,0,,nhl-api
nhl,2023/24,2023-12-15,CAR,NSH,5,6,,nhl-api
nhl,2023/24,2023-12-15,DAL,OTT,5,4,,nhl-api
nhl,2023/24,2023-12-15,NYI,BOS,4,4,,nhl-api
nhl,2023/24,2023-12-15,NYR,ANA,5,1,,nhl-api
nhl,2023/24,2023-12-15,VGK,BUF,2,5,,nhl-api
nhl,2023/24,2023-12-16,ARI,BUF,2,0,,nhl-api
nhl,2023/24,2023-12-16,BOS,NYR,1,2,,nhl-api
nhl,2023/24,2023-12-16,CBJ,NJD,3,6,,nhl-api
nhl,2023/24,2023-12-16,CGY,TBL,4,2,,nhl-api
nhl,2023/24,2023-12-16,EDM,FLA,1,5,,nhl-api
nhl,2023/24,2023-12-16,MIN,VAN,1,1,,nhl-api
nhl,2023/24,2023-12-16,MTL,NYI,5,3,,nhl-api
nhl,2023/24,2023-12-16,NSH,WSH,3,1,,nhl-api
nhl,2023/24,2023-12-16,PHI,DET,1,0,,nhl-api
nhl,2023/24,2023-12-16,SEA,LAK,2,2,,nhl-api
nhl,2023/24,2023-12-16,STL,DAL,4,3,,nhl-api
nhl,2023/24,2023-12-16,TOR,PIT,7,0,,nhl-api
nhl,2023/24,2023-12-16,WPG,COL,6,2,,nhl-api
nhl,2023/24,2023-12-17,CAR,WSH,1,1,,nhl-api
nhl,2023/24,2023-12-17,CHI,VAN,3,4,,nhl-api
nhl,2023/24,2023-12-17,COL,SJS,6,2,,nhl-api
nhl,2023/24,2023-12-17,NJD,ANA,1,5,,nhl-api
nhl,2023/24,2023-12-17,VGK,OTT,6,3,,nhl-api
nhl,2023/24,2023-12-18,CGY,FLA,3,1,,nhl-api
nhl,2023/24,2023-12-18,DAL,SEA,4,3,,nhl-api
nhl,2023/24,2023-12-18,DET,ANA,3,4,,nhl-api
nhl,2023/24,2023-12-18,PIT,MIN,4,3,,nhl-api
nhl,2023/24,2023-12-18,WPG,MTL,2,3,,nhl-api
nhl,2023/24,2023-12-19,ARI,OTT,4,3,,nhl-api
nhl,2023/24,2023-12-19,BOS,MIN,3,4,,nhl-api
nhl,2023/24,2023-12-19,BUF,CBJ,4,9,,nhl-api
nhl,2023/24,2023-12-19,CAR,VGK,6,3,,nhl-api
nhl,2023/24,2023-12-19,CHI,COL,3,2,,nhl-api
nhl,2023/24,2023-12-19,NJD,PHI,2,3,,nhl-api
nhl,2023/24,2023-12-19,NSH,VAN,2,5,,nhl-api
nhl,2023/24,2023-12-19,NYI,EDM,3,1,,nhl-api
nhl,2023/24,2023-12-19,SJS,LAK,1,4,,nhl-api
nhl,2023/24,2023-12-19,TBL,STL,6,1,,nhl-api
nhl,2023/24,2023-12-19,TOR,NYR,2,5,,nhl-api
nhl,2023/24,2023-12-20,LAK,SEA,1,2,,nhl-api
nhl,2023/24,2023-12-20,WPG,DET,5,2,,nhl-api
nhl,2023/24,2023-12-20,WSH,NYI,3,2,,nhl-api
nhl,2023/24,2023-12-21,ANA,CGY,0,3,,nhl-api
nhl,2023/24,2023-12-21,BUF,TOR,9,3,,nhl-api
nhl,2023/24,2023-12-21,CBJ,WSH,2,3,,nhl-api
nhl,2023/24,2023-12-21,COL,OTT,6,4,,nhl-api
nhl,2023/24,2023-12-21,DAL,VAN,4,3,,nhl-api
nhl,2023/24,2023-12-21,FLA,STL,1,4,,nhl-api
nhl,2023/24,2023-12-21,MIN,MTL,4,3,,nhl-api
nhl,2023/24,2023-12-21,NJD,EDM,3,6,,nhl-api
nhl,2023/24,2023-12-21,PHI,NSH,2,4,,nhl-api
nhl,2023/24,2023-12-21,PIT,CAR,1,1,,nhl-api
nhl,2023/24,2023-12-21,SJS,ARI,2,5,,nhl-api
nhl,2023/24,2023-12-21,TBL,VGK,5,4,,nhl-api
nhl,2023/24,2023-12-22,CHI,MTL,2,5,,nhl-api
nhl,2023/24,2023-12-22,DET,PHI,6,6,,nhl-api
nhl,2023/24,2023-12-22,NYR,EDM,3,4,,nhl-api
nhl,2023/24,2023-12-22,WPG,BOS,5,1,,nhl-api
nhl,2023/24,2023-12-23,ANA,SEA,2,3,,nhl-api
nhl,2023/24,2023-12-23,CAR,NYI,4,5,,nhl-api
nhl,2023/24,2023-12-23,CBJ,TOR,1,4,,nhl-api
nhl,2023/24,2023-12-23,COL,ARI,4,1,,nhl-api
nhl,2023/24,2023-12-23,FLA,VGK,4,2,,nhl-api
nhl,2023/24,2023-12-23,LAK,CGY,5,3,,nhl-api
nhl,2023/24,2023-12-23,MIN,BOS,3,2,,nhl-api
nhl,2023/24,2023-12-23,NJD,DET,3,2,,nhl-api
nhl,2023/24,2023-12-23,NSH,DAL,2,3,,nhl-api
nhl,2023/24,2023-12-23,NYR,BUF,4,3,,nhl-api
nhl,2023/24,2023-12-23,OTT,PIT,5,4,,nhl-api
nhl,2023/24,2023-12-23,STL,CHI,7,5,,nhl-api
nhl,2023/24,2023-12-23,VAN,SJS,7,4,,nhl-api
nhl,2023/24,2023-12-23,WSH,TBL,1,1,,nhl-api
nhl,2023/24,2023-12-27,ANA,VGK,5,2,,nhl-api
nhl,2023/24,2023-12-27,ARI,COL,5,4,,nhl-api
nhl,2023/24,2023-12-27,BUF,BOS,1,4,,nhl-api
nhl,2023/24,2023-12-27,CGY,SEA,1,2,,nhl-api
nhl,2023/24,2023-12-27,CHI,WPG,2,1,,nhl-api
nhl,2023/24,2023-12-27,LAK,SJS,5,1,,nhl-api
nhl,2023/24,2023-12-27,MIN,DET,6,3,,nhl-api
nhl,2023/24,2023-12-27,NJD,CBJ,4,3,,nhl-api
nhl,2023/24,2023-12-27,NSH,CAR,2,5,,nhl-api
nhl,2023/24,2023-12-27,NYI,PIT,0,7,,nhl-api
nhl,2023/24,2023-12-27,NYR,WSH,5,1,,nhl-api
nhl,2023/24,2023-12-27,STL,DAL,2,1,,nhl-api
nhl,2023/24,2023-12-27,TBL,FLA,2,3,,nhl-api
nhl,2023/24,2023-12-27,TOR,OTT,2,4,,nhl-api
nhl,2023/24,2023-12-28,CAR,MTL,5,3,,nhl-api
nhl,2023/24,2023-12-28,SJS,EDM,0,5,,nhl-api
nhl,2023/24,2023-12-28,VAN,PHI,1,4,,nhl-api
nhl,2023/24,2023-12-28,VGK,LAK,3,2,,nhl-api
nhl,2023/24,2023-12-29,ANA,ARI,0,2,,nhl-api
nhl,2023/24,2023-12-29,CBJ,TOR,6,5,,nhl-api
nhl,2023/24,2023-12-29,DAL,CHI,5,4,,nhl-api
nhl,2023/24,2023-12-29,DET,NSH,5,4,,nhl-api
nhl,2023/24,2023-12-29,FLA,NYR,4,3,,nhl-api
nhl,2023/24,2023-12-29,NYI,WSH,5,1,,nhl-api
nhl,2023/24,2023-12-29,OTT,NJD,2,6,,nhl-api
nhl,2023/24,2023-12-29,SEA,PHI,2,1,,nhl-api
nhl,2023/24,2023-12-29,STL,COL,1,2,,nhl-api
nhl,2023/24,2023-12-30,BOS,NJD,5,2,,nhl-api
nhl,2023/24,2023-12-30,BUF,CBJ,3,2,,nhl-api
nhl,2023/24,2023-12-30,FLA,MTL,4,1,,nhl-api
nhl,2023/24,2023-12-30,LAK,EDM,2,2,,nhl-api
nhl,2023/24,2023-12-30,PIT,STL,4,2,,nhl-api
nhl,2023/24,2023-12-30,TBL,NYR,1,5,,nhl-api
nhl,2023/24,2023-12-30,TOR,CAR,2,3,,nhl-api
nhl,2023/24,2023-12-30,WPG,MIN,4,2,,nhl-api
nhl,2023/24,2023-12-30,WSH,NSH,2,2,,nhl-api
nhl,2023/24,2023-12-31,ANA,EDM,2,7,,nhl-api
nhl,2023/24,2023-12-31,CGY,PHI,4,3,,nhl-api
nhl,2023/24,2023-12-31,COL,SJS,3,1,,nhl-api
nhl,2023/24,2023-12-31,DAL,CHI,8,1,,nhl-api
nhl,2023/24,2023-12-31,DET,BOS,3,5,,nhl-api
nhl,2023/24,2023-12-31,MIN,WPG,2,3,,nhl-api
nhl,2023/24,2023-12-31,OTT,BUF,5,1,,nhl-api
nhl,2023/24,2023-12-31,PIT,NYI,3,1,,nhl-api
nhl,2023/24,2023-12-31,TBL,MTL,4,3,,nhl-api
nhl,2023/24,2024-01-01,SEA,VGK,3,0,,nhl-api
nhl,2023/24,2024-01-02,ARI,FLA,1,4,,nhl-api
nhl,2023/24,2024-01-02,CBJ,BOS,1,4,,nhl-api
nhl,2023/24,2024-01-02,COL,NYI,5,4,,nhl-api
nhl,2023/24,2024-01-02,DAL,MTL,3,4,,nhl-api
nhl,2023/24,2024-01-02,EDM,PHI,5,2,,nhl-api
nhl,2023/24,2024-01-02,LAK,TOR,0,3,,nhl-api
nhl,2023/24,2024-01-02,MIN,CGY,1,3,,nhl-api
nhl,2023/24,2024-01-02,NSH,CHI,3,0,,nhl-api
nhl,2023/24,2024-01-02,NYR,CAR,1,6,,nhl-api
nhl,2023/24,2024-01-02,PIT,WSH,3,4,,nhl-api
nhl,2023/24,2024-01-02,SJS,DET,3,5,,nhl-api
nhl,2023/24,2024-01-02,VAN,OTT,6,3,,nhl-api
nhl,2023/24,2024-01-02,WPG,TBL,4,2,,nhl-api
nhl,2023/24,2024-01-03,ANA,TOR,1,2,,nhl-api
nhl,2023/24,2024-01-03,WSH,NJD,3,6,,nhl-api
nhl,2023/24,2024-01-04,ARI,NYI,1,5,,nhl-api
nhl,2023/24,2024-01-04,BOS,PIT,5,6,,nhl-api
nhl,2023/24,2024-01-04,DAL,COL,4,5,,nhl-api
nhl,2023/24,2024-01-04,LAK,DET,3,3,,nhl-api
nhl,2023/24,2024-01-04,MIN,TBL,1,4,,nhl-api
nhl,2023/24,2024-01-04,MTL,BUF,1,6,,nhl-api
nhl,2023/24,2024-01-04,NSH,CGY,3,6,,nhl-api
nhl,2023/24,2024-01-04,NYR,CHI,4,1,,nhl-api
nhl,2023/24,2024-01-04,PHI,CBJ,2,2,,nhl-api
nhl,2023/24,2024-01-04,SEA,OTT,4,1,,nhl-api
nhl,2023/24,2024-01-04,SJS,WPG,1,2,,nhl-api
nhl,2023/24,2024-01-04,STL,VAN,2,1,,nhl-api
nhl,2023/24,2024-01-04,VGK,FLA,1,4,,nhl-api
nhl,2023/24,2024-01-05,ANA,WPG,1,3,,nhl-api
nhl,2023/24,2024-01-05,NJD,CHI,4,2,,nhl-api
nhl,2023/24,2024-01-05,WSH,CAR,2,6,,nhl-api
nhl,2023/24,2024-01-06,BOS,TBL,7,3,,nhl-api
nhl,2023/24,2024-01-06,CAR,STL,1,1,,nhl-api
nhl,2023/24,2024-01-06,CBJ,MIN,3,4,,nhl-api
nhl,2023/24,2024-01-06,COL,FLA,4,8,,nhl-api
nhl,2023/24,2024-01-06,DAL,NSH,3,4,,nhl-api
nhl,2023/24,2024-01-06,EDM,OTT,3,1,,nhl-api
nhl,2023/24,2024-01-06,MTL,NYR,3,3,,nhl-api
nhl,2023/24,2024-01-06,NJD,VAN,4,6,,nhl-api
nhl,2023/24,2024-01-06,PHI,CGY,3,2,,nhl-api
nhl,2023/24,2024-01-06,PIT,BUF,1,3,,nhl-api
nhl,2023/24,2024-01-06,SJS,TOR,1,4,,nhl-api
nhl,2023/24,2024-01-06,VGK,NYI,5,2,,nhl-api
nhl,2023/24,2024-01-07,ANA,DET,2,3,,nhl-api
nhl,2023/24,2024-01-07,ARI,WPG,2,6,,nhl-api
nhl,2023/24,2024-01-07,CHI,CGY,4,3,,nhl-api
nhl,2023/24,2024-01-07,WSH,LAK,4,3,,nhl-api
nhl,2023/24,2024-01-08,COL,BOS,3,3,,nhl-api
nhl,2023/24,2024-01-08,MIN,DAL,0,4,,nhl-api
nhl,2023/24,2024-01-08,NYR,VAN,3,6,,nhl-api
nhl,2023/24,2024-01-08,PHI,PIT,1,4,,nhl-api
nhl,2023/24,2024-01-09,ARI,BOS,4,3,,nhl-api
nhl,2023/24,2024-01-09,BUF,SEA,2,5,,nhl-api
nhl,2023/24,2024-01-09,CGY,OTT,6,3,,nhl-api
nhl,2023/24,2024-01-09,CHI,EDM,1,2,,nhl-api
nhl,2023/24,2024-01-09,NSH,ANA,3,5,,nhl-api
nhl,2023/24,2024-01-09,NYI,VAN,2,5,,nhl-api
nhl,2023/24,2024-01-09,STL,FLA,1,5,,nhl-api
nhl,2023/24,2024-01-09,TBL,LAK,3,2,,nhl-api
nhl,2023/24,2024-01-09,TOR,SJS,7,1,,nhl-api
nhl,2023/24,2024-01-09,WPG,CBJ,5,0,,nhl-api
nhl,2023/24,2024-01-10,COL,VGK,3,0,,nhl-api
nhl,2023/24,2024-01-10,DAL,MIN,7,2,,nhl-api
nhl,2023/24,2024-01-10,PHI,MTL,2,2,,nhl-api
nhl,2023/24,2024-01-11,ARI,CGY,2,6,,nhl-api
nhl,2023/24,2024-01-11,BUF,OTT,5,3,,nhl-api
nhl,2023/24,2024-01-11,CAR,ANA,6,3,,nhl-api
nhl,2023/24,2024-01-11,DET,EDM,2,3,,nhl-api
nhl,2023/24,2024-01-11,FLA,LAK,3,2,,nhl-api
nhl,2023/24,2024-01-11,MTL,SJS,2,3,,nhl-api
nhl,2023/24,2024-01-11,NYI,TOR,4,3,,nhl-api
nhl,2023/24,2024-01-11,PIT,VAN,3,4,,nhl-api
nhl,2023/24,2024-01-11,STL,NYR,5,2,,nhl-api
nhl,2023/24,2024-01-11,TBL,NJD,4,3,,nhl-api
nhl,2023/24,2024-01-11,VGK,BOS,2,1,,nhl-api
nhl,2023/24,2024-01-11,WPG,CHI,2,1,,nhl-api
nhl,2023/24,2024-01-11,WSH,SEA,1,4,,nhl-api
nhl,2023/24,2024-01-12,DAL,NSH,3,6,,nhl-api
nhl,2023/24,2024-01-12,MIN,PHI,3,4,,nhl-api
nhl,2023/24,2024-01-13,BUF,VAN,0,1,,nhl-api
nhl,2023/24,2024-01-13,CAR,PIT,3,2,,nhl-api
nhl,2023/24,2024-01-13,CBJ,SEA,4,7,,nhl-api
nhl,2023/24,2024-01-13,CHI,DAL,1,3,,nhl-api
nhl,2023/24,2024-01-13,DET,LAK,5,3,,nhl-api
nhl,2023/24,2024-01-13,FLA,NJD,1,4,,nhl-api
nhl,2023/24,2024-01-13,MIN,ARI,0,6,,nhl-api
nhl,2023/24,2024-01-13,MTL,EDM,1,2,,nhl-api
nhl,2023/24,2024-01-13,NSH,NYI,3,1,,nhl-api
nhl,2023/24,2024-01-13,OTT,SJS,5,4,,nhl-api
nhl,2023/24,2024-01-13,STL,BOS,3,4,,nhl-api
nhl,2023/24,2024-01-13,TBL,ANA,5,1,,nhl-api
nhl,2023/24,2024-01-13,TOR,COL,3,5,,nhl-api
nhl,2023/24,2024-01-13,VGK,CGY,1,3,,nhl-api
nhl,2023/24,2024-01-13,WPG,PHI,0,2,,nhl-api
nhl,2023/24,2024-01-13,WSH,NYR,3,2,,nhl-api
nhl,2023/24,2024-01-14,NYR,WSH,2,1,,nhl-api
nhl,2023/24,2024-01-14,TOR,DET,2,4,,nhl-api
nhl,2023/24,2024-01-15,BOS,NJD,3,0,,nhl-api
nhl,2023/24,2024-01-15,BUF,SJS,3,0,,nhl-api
nhl,2023/24,2024-01-15,CAR,LAK,2,5,,nhl-api
nhl,2023/24,2024-01-15,CBJ,VAN,3,3,,nhl-api
nhl,2023/24,2024-01-15,FLA,ANA,4,5,,nhl-api
nhl,2023/24,2024-01-15,MIN,NYI,5,0,,nhl-api
nhl,2023/24,2024-01-15,MTL,COL,4,3,,nhl-api
nhl,2023/24,2024-01-15,PIT,SEA,3,0,,nhl-api
nhl,2023/24,2024-01-15,STL,PHI,2,4,,nhl-api
nhl,2023/24,2024-01-15,VGK,NSH,4,1,,nhl-api
nhl,2023/24,2024-01-16,CGY,ARI,3,2,,nhl-api
nhl,2023/24,2024-01-16,CHI,SJS,1,1,,nhl-api
nhl,2023/24,2024-01-16,DAL,LAK,5,1,,nhl-api
nhl,2023/24,2024-01-16,EDM,TOR,4,2,,nhl-api
nhl,2023/24,2024-01-16,NYR,SEA,5,2,,nhl-api
nhl,2023/24,2024-01-16,OTT,COL,4,7,,nhl-api
nhl,2023/24,2024-01-16,WPG,NYI,4,2,,nhl-api
nhl,2023/24,2024-01-16,WSH,ANA,2,0,,nhl-api
nhl,2023/24,2024-01-17,FLA,DET,2,3,,nhl-api
nhl,2023/24,2024-01-17,NJD,MTL,2,3,,nhl-api
nhl,2023/24,2024-01-18,BOS,COL,5,2,,nhl-api
nhl,2023/24,2024-01-18,BUF,CHI,3,0,,nhl-api
nhl,2023/24,2024-01-18,CGY,TOR,3,4,,nhl-api
nhl,2023/24,2024-01-18,EDM,SEA,4,2,,nhl-api
nhl,2023/24,2024-01-18,LAK,NSH,1,2,,nhl-api
nhl,2023/24,2024-01-18,OTT,MTL,6,2,,nhl-api
nhl,2023/24,2024-01-18,PHI,DAL,5,1,,nhl-api
nhl,2023/24,2024-01-18,TBL,MIN,7,3,,nhl-api
nhl,2023/24,2024-01-18,VAN,ARI,2,1,,nhl-api
nhl,2023/24,2024-01-18,VGK,NYR,5,1,,nhl-api
nhl,2023/24,2024-01-18,WSH,STL,5,2,,nhl-api
nhl,2023/24,2024-01-19,CAR,DET,4,2,,nhl-api
nhl,2023/24,2024-01-19,CBJ,NJD,1,4,,nhl-api
nhl,2023/24,2024-01-19,CHI,NYI,4,3,,nhl-api
nhl,2023/24,2024-01-19,FLA,MIN,4,6,,nhl-api
nhl,2023/24,2024-01-20,ARI,NSH,3,2,,nhl-api
nhl,2023/24,2024-01-20,BOS,MTL,9,4,,nhl-api
nhl,2023/24,2024-01-20,BUF,TBL,1,3,,nhl-api
nhl,2023/24,2024-01-20,CGY,EDM,1,3,,nhl-api
nhl,2023/24,2024-01-20,LAK,NYR,2,1,,nhl-api
nhl,2023/24,2024-01-20,NJD,DAL,2,6,,nhl-api
nhl,2023/24,2024-01-20,OTT,WPG,1,2,,nhl-api
nhl,2023/24,2024-01-20,PHI,COL,4,7,,nhl-api
nhl,2023/24,2024-01-20,SJS,ANA,5,3,,nhl-api
nhl,2023/24,2024-01-20,STL,WSH,3,0,,nhl-api
nhl,2023/24,2024-01-20,VAN,TOR,6,4,,nhl-api
nhl,2023/24,2024-01-20,VGK,PIT,3,2,,nhl-api
nhl,2023/24,2024-01-21,ANA,NYR,2,5,,nhl-api
nhl,2023/24,2024-01-21,CAR,MIN,2,5,,nhl-api
nhl,2023/24,2024-01-21,DET,TBL,2,1,,nhl-api
nhl,2023/24,2024-01-21,NYI,DAL,3,2,,nhl-api
nhl,2023/24,2024-01-21,PHI,OTT,3,5,,nhl-api
nhl,2023/24,2024-01-21,SEA,TOR,1,3,,nhl-api
nhl,2023/24,2024-01-22,ARI,PIT,5,2,,nhl-api
nhl,2023/24,2024-01-22,BOS,WPG,4,1,,nhl-api
nhl,2023/24,2024-01-22,LAK,SJS,3,3,,nhl-api
nhl,2023/24,2024-01-22,NJD,VGK,6,5,,nhl-api
nhl,2023/24,2024-01-22,NSH,FLA,1,4,,nhl-api
nhl,2023/24,2024-01-22,VAN,CHI,2,0,,nhl-api
nhl,2023/24,2024-01-23,ANA,BUF,4,2,,nhl-api
nhl,2023/24,2024-01-23,CGY,STL,3,4,,nhl-api
nhl,2023/24,2024-01-23,DET,DAL,4,5,,nhl-api
nhl,2023/24,2024-01-23,EDM,CBJ,4,1,,nhl-api
nhl,2023/24,2024-01-23,MIN,WSH,5,3,,nhl-api
nhl,2023/24,2024-01-23,MTL,OTT,1,4,,nhl-api
nhl,2023/24,2024-01-23,NYI,VGK,2,3,,nhl-api
nhl,2023/24,2024-01-23,PHI,TBL,3,6,,nhl-api
nhl,2023/24,2024-01-23,SJS,NYR,3,2,,nhl-api
nhl,2023/24,2024-01-24,BOS,CAR,2,3,,nhl-api
nhl,2023/24,2024-01-24,COL,WSH,6,2,,nhl-api
nhl,2023/24,2024-01-24,FLA,ARI,6,2,,nhl-api
nhl,2023/24,2024-01-24,LAK,BUF,3,5,,nhl-api
nhl,2023/24,2024-01-24,SEA,CHI,6,2,,nhl-api
nhl,2023/24,2024-01-24,TOR,WPG,1,0,,nhl-api
nhl,2023/24,2024-01-24,VAN,STL,3,4,,nhl-api
nhl,2023/24,2024-01-25,CAR,NJD,3,2,,nhl-api
nhl,2023/24,2024-01-25,CGY,CBJ,2,5,,nhl-api
nhl,2023/24,2024-01-25,DAL,ANA,4,3,,nhl-api
nhl,2023/24,2024-01-25,DET,PHI,3,0,,nhl-api
nhl,2023/24,2024-01-25,EDM,CHI,3,0,,nhl-api
nhl,2023/24,2024-01-25,MIN,NSH,2,3,,nhl-api
nhl,2023/24,2024-01-25,MTL,NYI,4,3,,nhl-api
nhl,2023/24,2024-01-25,OTT,BOS,2,3,,nhl-api
nhl,2023/24,2024-01-25,TBL,ARI,6,3,,nhl-api
nhl,2023/24,2024-01-26,COL,LAK,5,1,,nhl-api
nhl,2023/24,2024-01-26,NYR,VGK,2,5,,nhl-api
nhl,2023/24,2024-01-26,PIT,FLA,2,2,,nhl-api
nhl,2023/24,2024-01-26,SEA,STL,3,4,,nhl-api
nhl,2023/24,2024-01-27,CAR,ARI,3,1,,nhl-api
nhl,2023/24,2024-01-27,CGY,CHI,1,0,,nhl-api
nhl,2023/24,2024-01-27,DAL,WSH,5,4,,nhl-api
nhl,2023/24,2024-01-27,DET,VGK,5,2,,nhl-api
nhl,2023/24,2024-01-27,EDM,NSH,4,1,,nhl-api
nhl,2023/24,2024-01-27,MIN,ANA,2,3,,nhl-api
nhl,2023/24,2024-01-27,NYI,FLA,2,3,,nhl-api
nhl,2023/24,2024-01-27,OTT,NYR,2,7,,nhl-api
nhl,2023/24,2024-01-27,PHI,BOS,2,6,,nhl-api
nhl,2023/24,2024-01-27,PIT,MTL,3,2,,nhl-api
nhl,2023/24,2024-01-27,SJS,BUF,2,5,,nhl-api
nhl,2023/24,2024-01-27,TBL,NJD,6,3,,nhl-api
nhl,2023/24,2024-01-27,VAN,CBJ,5,4,,nhl-api
nhl,2023/24,2024-01-27,WPG,TOR,2,4,,nhl-api
nhl,2023/24,2024-01-28,SEA,CBJ,4,2,,nhl-api
nhl,2023/24,2024-01-28,STL,LAK,4,3,,nhl-api
nhl,2023/24,2024-01-29,OTT,NSH,4,3,,nhl-api
nhl,2023/24,2024-01-30,SJS,SEA,2,0,,nhl-api
nhl,2023/24,2024-01-30,STL,CBJ,0,1,,nhl-api
nhl,2023/24,2024-01-31,ANA,SJS,3,2,,nhl-api
nhl,2023/24,2024-01-31,DET,OTT,2,3,,nhl-api
nhl,2023/24,2024-01-31,NSH,LAK,2,4,,nhl-api
nhl,2023/24,2024-02-05,NYR,COL,2,1,,nhl-api
nhl,2023/24,2024-02-05,TOR,NYI,2,3,,nhl-api
nhl,2023/24,2024-02-06,BOS,CGY,1,4,,nhl-api
nhl,2023/24,2024-02-06,BUF,DAL,1,2,,nhl-api
nhl,2023/24,2024-02-06,CAR,VAN,2,3,,nhl-api
nhl,2023/24,2024-02-06,FLA,PHI,1,2,,nhl-api
nhl,2023/24,2024-02-06,NJD,COL,5,3,,nhl-api
nhl,2023/24,2024-02-06,PIT,WPG,3,0,,nhl-api
nhl,2023/24,2024-02-06,VGK,EDM,3,1,,nhl-api
nhl,2023/24,2024-02-06,WSH,MTL,2,5,,nhl-api
nhl,2023/24,2024-02-07,CHI,MIN,1,2,,nhl-api
nhl,2023/24,2024-02-07,NYR,TBL,3,1,,nhl-api
nhl,2023/24,2024-02-07,TOR,DAL,5,4,,nhl-api
nhl,2023/24,2024-02-08,ARI,VGK,2,3,,nhl-api
nhl,2023/24,2024-02-08,BOS,VAN,4,0,,nhl-api
nhl,2023/24,2024-02-08,CAR,COL,5,2,,nhl-api
nhl,2023/24,2024-02-08,FLA,WSH,4,2,,nhl-api
nhl,2023/24,2024-02-08,NJD,CGY,3,5,,nhl-api
nhl,2023/24,2024-02-08,NYI,TBL,6,2,,nhl-api
nhl,2023/24,2024-02-08,PHI,WPG,4,1,,nhl-api
nhl,2023/24,2024-02-09,ANA,EDM,3,5,,nhl-api
nhl,2023/24,2024-02-09,CHI,NYR,3,4,,nhl-api
nhl,2023/24,2024-02-09,MIN,PIT,3,2,,nhl-api
nhl,2023/24,2024-02-10,BOS,WSH,0,3,,nhl-api
nhl,2023/24,2024-02-10,BUF,STL,1,3,,nhl-api
nhl,2023/24,2024-02-10,CAR,NJD,1,0,,nhl-api
nhl,2023/24,2024-02-10,CBJ,TBL,2,4,,nhl-api
nhl,2023/24,2024-02-10,DET,VAN,4,3,,nhl-api
nhl,2023/24,2024-02-10,FLA,COL,4,0,,nhl-api
nhl,2023/24,2024-02-10,LAK,EDM,4,0,,nhl-api
nhl,2023/24,2024-02-10,MTL,DAL,2,3,,nhl-api
nhl,2023/24,2024-02-10,NSH,ARI,5,4,,nhl-api
nhl,2023/24,2024-02-10,NYI,CGY,2,5,,nhl-api
nhl,2023/24,2024-02-10,OTT,TOR,5,3,,nhl-api
nhl,2023/24,2024-02-10,PHI,SEA,3,2,,nhl-api
nhl,2023/24,2024-02-10,WPG,PIT,2,1,,nhl-api
nhl,2023/24,2024-02-11,MTL,STL,2,7,,nhl-api
nhl,2023/24,2024-02-11,WSH,VAN,2,3,,nhl-api
nhl,2023/24,2024-02-12,NJD,SEA,3,1,,nhl-api
nhl,2023/24,2024-02-12,NYR,CGY,2,0,,nhl-api
nhl,2023/24,2024-02-12,PHI,ARI,5,3,,nhl-api
nhl,2023/24,2024-02-12,VGK,MIN,3,5,,nhl-api
nhl,2023/24,2024-02-13,BOS,TBL,2,2,,nhl-api
nhl,2023/24,2024-02-13,BUF,LAK,7,0,,nhl-api
nhl,2023/24,2024-02-13,CHI,VAN,2,4,,nhl-api
nhl,2023/24,2024-02-13,DAL,CAR,4,2,,nhl-api
nhl,2023/24,2024-02-13,EDM,DET,8,4,,nhl-api
nhl,2023/24,2024-02-13,MTL,ANA,5,0,,nhl-api
nhl,2023/24,2024-02-13,NSH,NJD,2,4,,nhl-api
nhl,2023/24,2024-02-13,NYI,SEA,1,1,,nhl-api
nhl,2023/24,2024-02-13,OTT,CBJ,6,3,,nhl-api
nhl,2023/24,2024-02-13,TOR,STL,4,1,,nhl-api
nhl,2023/24,2024-02-13,WSH,COL,3,6,,nhl-api
nhl,2023/24,2024-02-14,ARI,MIN,1,3,,nhl-api
nhl,2023/24,2024-02-14,PIT,FLA,2,5,,nhl-api
nhl,2023/24,2024-02-14,WPG,SJS,1,0,,nhl-api
nhl,2023/24,2024-02-15,BOS,SEA,1,4,,nhl-api
nhl,2023/24,2024-02-15,BUF,FLA,0,4,,nhl-api
nhl,2023/24,2024-02-15,CGY,SJS,3,6,,nhl-api
nhl,2023/24,2024-02-15,CHI,PIT,1,4,,nhl-api
nhl,2023/24,2024-02-15,NJD,LAK,1,2,,nhl-api
nhl,2023/24,2024-02-15,NSH,DAL,2,9,,nhl-api
nhl,2023/24,2024-02-15,NYR,MTL,7,4,,nhl-api
nhl,2023/24,2024-02-15,OTT,ANA,1,5,,nhl-api
nhl,2023/24,2024-02-15,STL,EDM,6,3,,nhl-api
nhl,2023/24,2024-02-15,TBL,COL,6,3,,nhl-api
nhl,2023/24,2024-02-15,TOR,PHI,4,3,,nhl-api
nhl,2023/24,2024-02-15,VAN,DET,4,1,,nhl-api
nhl,2023/24,2024-02-16,ARI,CAR,1,5,,nhl-api
nhl,2023/24,2024-02-17,BOS,LAK,4,5,,nhl-api
nhl,2023/24,2024-02-17,CGY,DET,0,5,,nhl-api
nhl,2023/24,2024-02-17,CHI,OTT,3,2,,nhl-api
nhl,2023/24,2024-02-17,DAL,EDM,3,4,,nhl-api
nhl,2023/24,2024-02-17,MIN,BUF,2,3,,nhl-api
nhl,2023/24,2024-02-17,MTL,WSH,3,4,,nhl-api
nhl,2023/24,2024-02-17,NJD,PHI,6,3,,nhl-api
nhl,2023/24,2024-02-17,SJS,CBJ,3,4,,nhl-api
nhl,2023/24,2024-02-17,STL,NSH,2,5,,nhl-api
nhl,2023/24,2024-02-17,TBL,FLA,2,9,,nhl-api
nhl,2023/24,2024-02-17,TOR,ANA,9,2,,nhl-api
nhl,2023/24,2024-02-17,VAN,WPG,2,4,,nhl-api
nhl,2023/24,2024-02-17,VGK,CAR,1,3,,nhl-api
nhl,2023/24,2024-02-18,COL,ARI,4,3,,nhl-api
nhl,2023/24,2024-02-18,NYI,NYR,5,6,,nhl-api
nhl,2023/24,2024-02-18,PIT,LAK,1,2,,nhl-api
nhl,2023/24,2024-02-19,ARI,EDM,3,6,,nhl-api
nhl,2023/24,2024-02-19,BOS,DAL,3,3,,nhl-api
nhl,2023/24,2024-02-19,BUF,ANA,3,4,,nhl-api
nhl,2023/24,2024-02-19,CAR,CHI,6,3,,nhl-api
nhl,2023/24,2024-02-19,CGY,WPG,6,3,,nhl-api
nhl,2023/24,2024-02-19,MIN,VAN,10,7,,nhl-api
nhl,2023/24,2024-02-19,SEA,DET,3,4,,nhl-api
nhl,2023/24,2024-02-19,SJS,VGK,0,4,,nhl-api
nhl,2023/24,2024-02-19,STL,TOR,2,4,,nhl-api
nhl,2023/24,2024-02-19,TBL,OTT,2,4,,nhl-api
nhl,2023/24,2024-02-20,COL,VAN,3,1,,nhl-api
nhl,2023/24,2024-02-20,FLA,OTT,3,2,,nhl-api
nhl,2023/24,2024-02-20,LAK,CBJ,5,1,,nhl-api
nhl,2023/24,2024-02-20,NYR,DAL,3,1,,nhl-api
nhl,2023/24,2024-02-20,PIT,NYI,4,5,,nhl-api
nhl,2023/24,2024-02-20,VGK,NSH,3,5,,nhl-api
nhl,2023/24,2024-02-20,WPG,MIN,6,3,,nhl-api
nhl,2023/24,2024-02-20,WSH,NJD,6,2,,nhl-api
nhl,2023/24,2024-02-21,ANA,CBJ,4,7,,nhl-api
nhl,2023/24,2024-02-21,ARI,TOR,3,6,,nhl-api
nhl,2023/24,2024-02-21,CHI,PHI,1,3,,nhl-api
nhl,2023/24,2024-02-21,EDM,BOS,5,6,,nhl-api
nhl,2023/24,2024-02-21,MTL,BUF,2,3,,nhl-api
nhl,2023/24,2024-02-22,CAR,FLA,1,0,,nhl-api
nhl,2023/24,2024-02-22,CGY,BOS,3,2,,nhl-api
nhl,2023/24,2024-02-22,DET,COL,2,1,,nhl-api
nhl,2023/24,2024-02-22,LAK,NSH,1,4,,nhl-api
nhl,2023/24,2024-02-22,NJD,NYR,1,5,,nhl-api
nhl,2023/24,2024-02-22,OTT,DAL,4,1,,nhl-api
nhl,2023/24,2024-02-22,PIT,MTL,4,1,,nhl-api
nhl,2023/24,2024-02-22,SEA,VAN,5,2,,nhl-api
nhl,2023/24,2024-02-22,STL,NYI,4,0,,nhl-api
nhl,2023/24,2024-02-22,TBL,WSH,3,5,,nhl-api
nhl,2023/24,2024-02-22,VGK,TOR,3,7,,nhl-api
nhl,2023/24,2024-02-23,CBJ,BUF,1,2,,nhl-api
nhl,2023/24,2024-02-23,CHI,WPG,2,3,,nhl-api
nhl,2023/24,2024-02-23,EDM,MIN,2,4,,nhl-api
nhl,2023/24,2024-02-24,CAR,DAL,1,2,,nhl-api
nhl,2023/24,2024-02-24,COL,TOR,3,4,,nhl-api
nhl,2023/24,2024-02-24,DET,STL,6,1,,nhl-api
nhl,2023/24,2024-02-24,EDM,CGY,3,6,,nhl-api
nhl,2023/24,2024-02-24,FLA,WSH,3,2,,nhl-api
nhl,2023/24,2024-02-24,LAK,ANA,2,2,,nhl-api
nhl,2023/24,2024-02-24,NJD,MTL,4,3,,nhl-api
nhl,2023/24,2024-02-24,NYI,TBL,2,4,,nhl-api
nhl,2023/24,2024-02-24,OTT,VGK,3,3,,nhl-api
nhl,2023/24,2024-02-24,PHI,NYR,1,2,,nhl-api
nhl,2023/24,2024-02-24,SEA,MIN,2,5,,nhl-api
nhl,2023/24,2024-02-24,SJS,NSH,2,4,,nhl-api
nhl,2023/24,2024-02-24,VAN,BOS,3,2,,nhl-api
nhl,2023/24,2024-02-25,ANA,NSH,2,4,,nhl-api
nhl,2023/24,2024-02-25,BUF,CAR,2,2,,nhl-api
nhl,2023/24,2024-02-25,CBJ,NYR,4,2,,nhl-api
nhl,2023/24,2024-02-25,CHI,DET,2,3,,nhl-api
nhl,2023/24,2024-02-25,NJD,TBL,1,4,,nhl-api
nhl,2023/24,2024-02-25,PIT,PHI,7,6,,nhl-api
nhl,2023/24,2024-02-25,WPG,ARI,4,3,,nhl-api
nhl,2023/24,2024-02-26,DAL,NYI,2,3,,nhl-api
nhl,2023/24,2024-02-26,EDM,LAK,4,2,,nhl-api
nhl,2023/24,2024-02-26,SEA,BOS,3,3,,nhl-api
nhl,2023/24,2024-02-26,WSH,OTT,6,3,,nhl-api
nhl,2023/24,2024-02-27,CGY,LAK,4,2,,nhl-api
nhl,2023/24,2024-02-27,COL,DAL,5,1,,nhl-api
nhl,2023/24,2024-02-27,DET,WSH,8,3,,nhl-api
nhl,2023/24,2024-02-27,FLA,BUF,3,2,,nhl-api
nhl,2023/24,2024-02-27,MIN,CAR,2,3,,nhl-api
nhl,2023/24,2024-02-27,MTL,ARI,4,2,,nhl-api
nhl,2023/24,2024-02-27,NSH,OTT,4,1,,nhl-api
nhl,2023/24,2024-02-27,PHI,TBL,6,2,,nhl-api
nhl,2023/24,2024-02-27,SJS,NJD,2,7,,nhl-api
nhl,2023/24,2024-02-27,TOR,VGK,2,6,,nhl-api
nhl,2023/24,2024-02-27,VAN,PIT,3,4,,nhl-api
nhl,2023/24,2024-02-27,WPG,STL,4,2,,nhl-api
nhl,2023/24,2024-02-28,EDM,STL,3,2,,nhl-api
nhl,2023/24,2024-02-28,NYR,CBJ,4,1,,nhl-api
nhl,2023/24,2024-02-29,BOS,VGK,5,4,,nhl-api
nhl,2023/24,2024-02-29,CBJ,CAR,2,4,,nhl-api
nhl,2023/24,2024-02-29,CHI,COL,0,5,,nhl-api
nhl,2023/24,2024-02-29,DAL,WPG,4,1,,nhl-api
nhl,2023/24,2024-02-29,DET,NYI,3,5,,nhl-api
nhl,2023/24,2024-02-29,FLA,MTL,3,3,,nhl-api
nhl,2023/24,2024-02-29,NSH,MIN,6,1,,nhl-api
nhl,2023/24,2024-02-29,SEA,PIT,2,0,,nhl-api
nhl,2023/24,2024-02-29,SJS,ANA,4,6,,nhl-api
nhl,2023/24,2024-02-29,TBL,BUF,2,3,,nhl-api
nhl,2023/24,2024-02-29,TOR,ARI,4,2,,nhl-api
nhl,2023/24,2024-02-29,VAN,LAK,1,5,,nhl-api
nhl,2023/24,2024-03-01,ANA,NJD,4,3,,nhl-api
nhl,2023/24,2024-03-01,OTT,ARI,3,5,,nhl-api
nhl,2023/24,2024-03-01,WSH,PHI,5,2,,nhl-api
nhl,2023/24,2024-03-02,BUF,VGK,7,2,,nhl-api
nhl,2023/24,2024-03-02,CAR,WPG,3,5,,nhl-api
nhl,2023/24,2024-03-02,CGY,PIT,4,3,,nhl-api
nhl,2023/24,2024-03-02,CHI,CBJ,2,5,,nhl-api
nhl,2023/24,2024-03-02,DAL,SJS,2,2,,nhl-api
nhl,2023/24,2024-03-02,DET,FLA,0,4,,nhl-api
nhl,2023/24,2024-03-02,NSH,COL,5,1,,nhl-api
nhl,2023/24,2024-03-02,NYI,BOS,5,1,,nhl-api
nhl,2023/24,2024-03-02,PHI,OTT,4,2,,nhl-api
nhl,2023/24,2024-03-02,SEA,EDM,1,2,,nhl-api
nhl,2023/24,2024-03-02,STL,MIN,3,1,,nhl-api
nhl,2023/24,2024-03-02,TBL,MTL,3,3,,nhl-api
nhl,2023/24,2024-03-02,TOR,NYR,3,3,,nhl-api
nhl,2023/24,2024-03-03,ANA,VAN,1,2,,nhl-api
nhl,2023/24,2024-03-03,BUF,WPG,2,5,,nhl-api
nhl,2023/24,2024-03-03,EDM,PIT,6,1,,nhl-api
nhl,2023/24,2024-03-03,LAK,NJD,5,1,,nhl-api
nhl,2023/24,2024-03-03,MIN,SJS,4,3,,nhl-api
nhl,2023/24,2024-03-03,WSH,ARI,2,5,,nhl-api
nhl,2023/24,2024-03-04,CBJ,VGK,6,3,,nhl-api
nhl,2023/24,2024-03-04,CGY,SEA,2,4,,nhl-api
nhl,2023/24,2024-03-04,COL,CHI,5,0,,nhl-api
nhl,2023/24,2024-03-04,NYR,FLA,2,4,,nhl-api
nhl,2023/24,2024-03-04,PHI,STL,1,1,,nhl-api
nhl,2023/24,2024-03-04,TOR,BOS,1,4,,nhl-api
nhl,2023/24,2024-03-05,ARI,CHI,2,5,,nhl-api
nhl,2023/24,2024-03-05,BOS,EDM,1,2,,nhl-api
nhl,2023/24,2024-03-05,LAK,VAN,1,2,,nhl-api
nhl,2023/24,2024-03-05,NJD,FLA,3,5,,nhl-api
nhl,2023/24,2024-03-05,NSH,MTL,3,4,,nhl-api
nhl,2023/24,2024-03-05,NYI,STL,4,2,,nhl-api
nhl,2023/24,2024-03-05,PIT,CBJ,5,3,,nhl-api
nhl,2023/24,2024-03-05,SJS,DAL,6,7,,nhl-api
nhl,2023/24,2024-03-05,WPG,SEA,3,4,,nhl-api
nhl,2023/24,2024-03-06,ANA,OTT,2,1,,nhl-api
nhl,2023/24,2024-03-06,COL,DET,7,2,,nhl-api
nhl,2023/24,2024-03-06,TOR,BUF,2,1,,nhl-api
nhl,2023/24,2024-03-07,ARI,MIN,2,5,,nhl-api
nhl,2023/24,2024-03-07,BOS,TOR,4,1,,nhl-api
nhl,2023/24,2024-03-07,CAR,MTL,4,1,,nhl-api
nhl,2023/24,2024-03-07,CBJ,EDM,4,2,,nhl-api
nhl,2023/24,2024-03-07,FLA,PHI,1,2,,nhl-api
nhl,2023/24,2024-03-07,LAK,OTT,4,3,,nhl-api
nhl,2023/24,2024-03-07,NJD,STL,4,1,,nhl-api
nhl,2023/24,2024-03-07,NSH,BUF,4,2,,nhl-api
nhl,2023/24,2024-03-07,PIT,WSH,0,6,,nhl-api
nhl,2023/24,2024-03-07,SJS,NYI,2,7,,nhl-api
nhl,2023/24,2024-03-07,TBL,CGY,3,6,,nhl-api
nhl,2023/24,2024-03-07,VGK,VAN,1,3,,nhl-api
nhl,2023/24,2024-03-08,ANA,DAL,2,6,,nhl-api
nhl,2023/24,2024-03-08,ARI,DET,4,0,,nhl-api
nhl,2023/24,2024-03-08,COL,MIN,2,1,,nhl-api
nhl,2023/24,2024-03-08,SEA,WPG,0,3,,nhl-api
nhl,2023/24,2024-03-09,BOS,PIT,5,1,,nhl-api
nhl,2023/24,2024-03-09,BUF,EDM,2,2,,nhl-api
nhl,2023/24,2024-03-09,CBJ,NSH,1,2,,nhl-api
nhl,2023/24,2024-03-09,FLA,CGY,5,1,,nhl-api
nhl,2023/24,2024-03-09,LAK,DAL,1,4,,nhl-api
nhl,2023/24,2024-03-09,MTL,TOR,2,3,,nhl-api
nhl,2023/24,2024-03-09,NJD,CAR,2,4,,nhl-api
nhl,2023/24,2024-03-09,NYR,STL,4,0,,nhl-api
nhl,2023/24,2024-03-09,SJS,OTT,2,1,,nhl-api
nhl,2023/24,2024-03-09,TBL,PHI,7,0,,nhl-api
nhl,2023/24,2024-03-09,VAN,WPG,5,0,,nhl-api
nhl,2023/24,2024-03-09,VGK,DET,5,3,,nhl-api
nhl,2023/24,2024-03-09,WSH,CHI,4,1,,nhl-api
nhl,2023/24,2024-03-10,ANA,NYI,1,6,,nhl-api
nhl,2023/24,2024-03-10,CAR,CGY,7,2,,nhl-api
nhl,2023/24,2024-03-10,CHI,ARI,7,4,,nhl-api
nhl,2023/24,2024-03-10,MIN,NSH,4,3,,nhl-api
nhl,2023/24,2024-03-10,PIT,EDM,0,4,,nhl-api
nhl,2023/24,2024-03-11,BOS,STL,1,5,,nhl-api
nhl,2023/24,2024-03-11,LAK,NYI,3,0,,nhl-api
nhl,2023/24,2024-03-11,NYR,NJD,3,1,,nhl-api
nhl,2023/24,2024-03-11,WPG,WSH,3,0,,nhl-api
nhl,2023/24,2024-03-12,BUF,DET,7,3,,nhl-api
nhl,2023/24,2024-03-12,CAR,NYR,0,1,,nhl-api
nhl,2023/24,2024-03-12,CGY,COL,2,6,,nhl-api
nhl,2023/24,2024-03-12,CHI,ANA,7,2,,nhl-api
nhl,2023/24,2024-03-12,DAL,FLA,3,4,,nhl-api
nhl,2023/24,2024-03-12,MIN,ARI,4,1,,nhl-api
nhl,2023/24,2024-03-12,MTL,CBJ,3,0,,nhl-api
nhl,2023/24,2024-03-12,OTT,PIT,2,1,,nhl-api
nhl,2023/24,2024-03-12,PHI,SJS,3,2,,nhl-api
nhl,2023/24,2024-03-12,SEA,VGK,4,5,,nhl-api
nhl,2023/24,2024-03-13,EDM,WSH,7,2,,nhl-api
nhl,2023/24,2024-03-13,STL,LAK,3,1,,nhl-api
nhl,2023/24,2024-03-13,VAN,COL,3,4,,nhl-api
nhl,2023/24,2024-03-13,WPG,NSH,2,4,,nhl-api
nhl,2023/24,2024-03-14,BUF,NYI,4,0,,nhl-api
nhl,2023/24,2024-03-14,CAR,FLA,4,0,,nhl-api
nhl,2023/24,2024-03-14,CBJ,OTT,2,2,,nhl-api
nhl,2023/24,2024-03-14,CGY,VGK,4,1,,nhl-api
nhl,2023/24,2024-03-14,DAL,NJD,2,6,,nhl-api
nhl,2023/24,2024-03-14,DET,ARI,1,4,,nhl-api
nhl,2023/24,2024-03-14,MIN,ANA,2,0,,nhl-api
nhl,2023/24,2024-03-14,MTL,BOS,1,2,,nhl-api
nhl,2023/24,2024-03-14,PHI,TOR,2,6,,nhl-api
nhl,2023/24,2024-03-14,PIT,SJS,6,3,,nhl-api
nhl,2023/24,2024-03-14,SEA,WSH,1,2,,nhl-api
nhl,2023/24,2024-03-14,TBL,NYR,6,3,,nhl-api
nhl,2023/24,2024-03-15,CHI,LAK,0,5,,nhl-api
nhl,2023/24,2024-03-15,WPG,ANA,6,0,,nhl-api
nhl,2023/24,2024-03-16,ARI,NJD,4,1,,nhl-api
nhl,2023/24,2024-03-16,BOS,PHI,6,5,,nhl-api
nhl,2023/24,2024-03-16,CBJ,SJS,4,2,,nhl-api
nhl,2023/24,2024-03-16,CGY,MTL,5,2,,nhl-api
nhl,2023/24,2024-03-16,DAL,LAK,4,1,,nhl-api
nhl,2023/24,2024-03-16,DET,BUF,4,1,,nhl-api
nhl,2023/24,2024-03-16,EDM,COL,2,3,,nhl-api
nhl,2023/24,2024-03-16,FLA,TBL,3,5,,nhl-api
nhl,2023/24,2024-03-16,NYI,OTT,3,4,,nhl-api
nhl,2023/24,2024-03-16,PIT,NYR,4,7,,nhl-api
nhl,2023/24,2024-03-16,SEA,NSH,1,4,,nhl-api
nhl,2023/24,2024-03-16,STL,MIN,2,2,,nhl-api
nhl,2023/24,2024-03-16,TOR,CAR,4,4,,nhl-api
nhl,2023/24,2024-03-16,VAN,WSH,1,2,,nhl-api
nhl,2023/24,2024-03-17,CBJ,WPG,1,6,,nhl-api
nhl,2023/24,2024-03-17,CHI,SJS,5,2,,nhl-api
nhl,2023/24,2024-03-17,NYR,NYI,5,2,,nhl-api
nhl,2023/24,2024-03-17,OTT,CAR,2,7,,nhl-api
nhl,2023/24,2024-03-17,PIT,DET,6,3,,nhl-api
nhl,2023/24,2024-03-17,STL,ANA,4,2,,nhl-api
nhl,2023/24,2024-03-17,VGK,NJD,3,1,,nhl-api
nhl,2023/24,2024-03-18,CGY,WSH,2,5,,nhl-api
nhl,2023/24,2024-03-18,SEA,BUF,2,6,,nhl-api
nhl,2023/24,2024-03-19,ANA,MIN,0,4,,nhl-api
nhl,2023/24,2024-03-19,BOS,OTT,6,2,,nhl-api
nhl,2023/24,2024-03-19,DET,CBJ,4,3,,nhl-api
nhl,2023/24,2024-03-19,EDM,MTL,3,2,,nhl-api
nhl,2023/24,2024-03-19,LAK,CHI,6,2,,nhl-api
nhl,2023/24,2024-03-19,NJD,PIT,5,2,,nhl-api
nhl,2023/24,2024-03-19,NSH,SJS,8,2,,nhl-api
nhl,2023/24,2024-03-19,NYI,CAR,1,4,,nhl-api
nhl,2023/24,2024-03-19,NYR,WPG,2,4,,nhl-api
nhl,2023/24,2024-03-19,PHI,TOR,4,3,,nhl-api
nhl,2023/24,2024-03-19,STL,COL,3,4,,nhl-api
nhl,2023/24,2024-03-19,VAN,BUF,3,2,,nhl-api
nhl,2023/24,2024-03-19,VGK,TBL,3,5,,nhl-api
nhl,2023/24,2024-03-20,DAL,ARI,5,2,,nhl-api
nhl,2023/24,2024-03-20,LAK,MIN,6,0,,nhl-api
nhl,2023/24,2024-03-20,WSH,TOR,3,7,,nhl-api
nhl,2023/24,2024-03-21,ANA,CHI,4,0,,nhl-api
nhl,2023/24,2024-03-21,BOS,NYR,2,5,,nhl-api
nhl,2023/24,2024-03-21,CAR,PHI,3,2,,nhl-api
nhl,2023/24,2024-03-21,DET,NYI,6,3,,nhl-api
nhl,2023/24,2024-03-21,EDM,BUF,8,3,,nhl-api
nhl,2023/24,2024-03-21,FLA,NSH,0,3,,nhl-api
nhl,2023/24,2024-03-21,NJD,WPG,4,1,,nhl-api
nhl,2023/24,2024-03-21,OTT,STL,2,5,,nhl-api
nhl,2023/24,2024-03-21,SJS,TBL,1,4,,nhl-api
nhl,2023/24,2024-03-21,VAN,MTL,4,1,,nhl-api
nhl,2023/24,2024-03-21,VGK,SEA,3,1,,nhl-api
nhl,2023/24,2024-03-22,ARI,SEA,2,1,,nhl-api
nhl,2023/24,2024-03-22,COL,CBJ,6,1,,nhl-api
nhl,2023/24,2024-03-22,DAL,PIT,4,2,,nhl-api
nhl,2023/24,2024-03-22,WSH,CAR,6,6,,nhl-api
nhl,2023/24,2024-03-23,LAK,TBL,4,3,,nhl-api
nhl,2023/24,2024-03-23,MIN,STL,4,5,,nhl-api
nhl,2023/24,2024-03-23,NJD,OTT,2,5,,nhl-api
nhl,2023/24,2024-03-23,NSH,DET,1,0,,nhl-api
nhl,2023/24,2024-03-23,NYI,WPG,6,3,,nhl-api
nhl,2023/24,2024-03-23,NYR,FLA,3,3,,nhl-api
nhl,2023/24,2024-03-23,PHI,BOS,3,2,,nhl-api
nhl,2023/24,2024-03-23,SJS,CHI,4,5,,nhl-api
nhl,2023/24,2024-03-23,TOR,EDM,6,3,,nhl-api
nhl,2023/24,2024-03-23,VAN,CGY,4,2,,nhl-api
nhl,2023/24,2024-03-23,VGK,CBJ,4,2,,nhl-api
nhl,2023/24,2024-03-24,ANA,TBL,2,3,,nhl-api
nhl,2023/24,2024-03-24,ARI,DAL,2,4,,nhl-api
nhl,2023/24,2024-03-24,CAR,TOR,2,1,,nhl-api
nhl,2023/24,2024-03-24,CGY,BUF,1,4,,nhl-api
nhl,2023/24,2024-03-24,COL,PIT,5,4,,nhl-api
nhl,2023/24,2024-03-24,NYI,NJD,0,4,,nhl-api
nhl,2023/24,2024-03-24,OTT,EDM,5,3,,nhl-api
nhl,2023/24,2024-03-24,PHI,FLA,1,4,,nhl-api
nhl,2023/24,2024-03-24,SEA,MTL,1,5,,nhl-api
nhl,2023/24,2024-03-24,WSH,WPG,3,0,,nhl-api
nhl,2023/24,2024-03-25,STL,VGK,1,2,,nhl-api
nhl,2023/24,2024-03-25,VAN,LAK,2,3,,nhl-api
nhl,2023/24,2024-03-26,ARI,CBJ,6,2,,nhl-api
nhl,2023/24,2024-03-26,CHI,CGY,3,1,,nhl-api
nhl,2023/24,2024-03-26,COL,MTL,1,2,,nhl-api
nhl,2023/24,2024-03-26,FLA,BOS,3,4,,nhl-api
nhl,2023/24,2024-03-26,NSH,VGK,5,4,,nhl-api
nhl,2023/24,2024-03-26,NYR,PHI,6,5,,nhl-api
nhl,2023/24,2024-03-26,PIT,CAR,4,1,,nhl-api
nhl,2023/24,2024-03-26,SEA,ANA,4,0,,nhl-api
nhl,2023/24,2024-03-26,SJS,DAL,3,6,,nhl-api
nhl,2023/24,2024-03-26,TOR,NJD,3,6,,nhl-api
nhl,2023/24,2024-03-26,WPG,EDM,3,4,,nhl-api
nhl,2023/24,2024-03-26,WSH,DET,4,3,,nhl-api
nhl,2023/24,2024-03-27,BUF,OTT,2,6,,nhl-api
nhl,2023/24,2024-03-27,TBL,BOS,3,1,,nhl-api
nhl,2023/24,2024-03-28,ARI,NSH,8,4,,nhl-api
nhl,2023/24,2024-03-28,CAR,DET,4,0,,nhl-api
nhl,2023/24,2024-03-28,COL,NYR,2,2,,nhl-api
nhl,2023/24,2024-03-28,EDM,LAK,4,1,,nhl-api
nhl,2023/24,2024-03-28,FLA,NYI,2,3,,nhl-api
nhl,2023/24,2024-03-28,MIN,SJS,3,1,,nhl-api
nhl,2023/24,2024-03-28,MTL,PHI,4,1,,nhl-api
nhl,2023/24,2024-03-28,OTT,CHI,2,0,,nhl-api
nhl,2023/24,2024-03-28,PIT,CBJ,3,2,,nhl-api
nhl,2023/24,2024-03-28,SEA,ANA,4,2,,nhl-api
nhl,2023/24,2024-03-28,STL,CGY,5,3,,nhl-api
nhl,2023/24,2024-03-28,TOR,WSH,5,1,,nhl-api
nhl,2023/24,2024-03-28,VAN,DAL,1,3,,nhl-api
nhl,2023/24,2024-03-28,WPG,VGK,1,4,,nhl-api
nhl,2023/24,2024-03-29,BUF,NJD,5,2,,nhl-api
nhl,2023/24,2024-03-30,ARI,NYR,5,8,,nhl-api
nhl,2023/24,2024-03-30,BUF,TOR,0,3,,nhl-api
nhl,2023/24,2024-03-30,CBJ,PIT,3,3,,nhl-api
nhl,2023/24,2024-03-30,CGY,LAK,4,2,,nhl-api
nhl,2023/24,2024-03-30,COL,NSH,7,4,,nhl-api
nhl,2023/24,2024-03-30,EDM,ANA,6,1,,nhl-api
nhl,2023/24,2024-03-30,FLA,DET,2,2,,nhl-api
nhl,2023/24,2024-03-30,MIN,VGK,1,2,,nhl-api
nhl,2023/24,2024-03-30,MTL,CAR,0,3,,nhl-api
nhl,2023/24,2024-03-30,PHI,CHI,1,5,,nhl-api
nhl,2023/24,2024-03-30,SEA,DAL,0,3,,nhl-api
nhl,2023/24,2024-03-30,STL,SJS,0,4,,nhl-api
nhl,2023/24,2024-03-30,TBL,NYI,4,1,,nhl-api
nhl,2023/24,2024-03-30,WPG,OTT,2,3,,nhl-api
nhl,2023/24,2024-03-30,WSH,BOS,2,2,,nhl-api
nhl,2023/24,2024-03-31,VAN,ANA,3,2,,nhl-api
nhl,2023/24,2024-04-01,CBJ,COL,4,1,,nhl-api
nhl,2023/24,2024-04-01,NYR,PIT,2,5,,nhl-api
nhl,2023/24,2024-04-01,PHI,NYI,3,4,,nhl-api
nhl,2023/24,2024-04-01,SJS,SEA,2,4,,nhl-api
nhl,2023/24,2024-04-01,STL,EDM,3,2,,nhl-api
nhl,2023/24,2024-04-01,TBL,DET,2,4,,nhl-api
nhl,2023/24,2024-04-01,TOR,FLA,6,4,,nhl-api
nhl,2023/24,2024-04-01,WPG,LAK,4,3,,nhl-api
nhl,2023/24,2024-04-02,BUF,WSH,6,2,,nhl-api
nhl,2023/24,2024-04-02,CGY,ANA,3,5,,nhl-api
nhl,2023/24,2024-04-02,MIN,OTT,3,2,,nhl-api
nhl,2023/24,2024-04-02,MTL,FLA,5,3,,nhl-api
nhl,2023/24,2024-04-02,NJD,PIT,3,6,,nhl-api
nhl,2023/24,2024-04-02,NSH,BOS,0,3,,nhl-api
nhl,2023/24,2024-04-02,NYI,CHI,2,1,,nhl-api
nhl,2023/24,2024-04-02,VGK,VAN,6,3,,nhl-api
nhl,2023/24,2024-04-03,ARI,VAN,1,2,,nhl-api
nhl,2023/24,2024-04-03,DAL,EDM,5,0,,nhl-api
nhl,2023/24,2024-04-03,LAK,SEA,5,2,,nhl-api
nhl,2023/24,2024-04-03,NYR,NJD,4,3,,nhl-api
nhl,2023/24,2024-04-03,TOR,TBL,1,4,,nhl-api
nhl,2023/24,2024-04-04,CAR,BOS,1,4,,nhl-api
nhl,2023/24,2024-04-04,CBJ,NYI,2,4,,nhl-api
nhl,2023/24,2024-04-04,MIN,COL,2,5,,nhl-api
nhl,2023/24,2024-04-04,MTL,TBL,4,7,,nhl-api
nhl,2023/24,2024-04-04,NSH,STL,6,3,,nhl-api
nhl,2023/24,2024-04-04,OTT,FLA,0,6,,nhl-api
nhl,2023/24,2024-04-04,SJS,LAK,1,2,,nhl-api
nhl,2023/24,2024-04-04,WPG,CGY,5,2,,nhl-api
nhl,2023/24,2024-04-04,WSH,PIT,1,4,,nhl-api
nhl,2023/24,2024-04-05,ANA,SEA,1,3,,nhl-api
nhl,2023/24,2024-04-05,ARI,VGK,7,4,,nhl-api
nhl,2023/24,2024-04-05,BUF,PHI,4,2,,nhl-api
nhl,2023/24,2024-04-05,CAR,WSH,4,2,,nhl-api
nhl,2023/24,2024-04-05,DET,NYR,3,4,,nhl-api
nhl,2023/24,2024-04-05,EDM,COL,6,2,,nhl-api
nhl,2023/24,2024-04-06,BOS,FLA,3,2,,nhl-api
nhl,2023/24,2024-04-06,CBJ,PHI,6,2,,nhl-api
nhl,2023/24,2024-04-06,CGY,EDM,2,4,,nhl-api
nhl,2023/24,2024-04-06,CHI,DAL,3,2,,nhl-api
nhl,2023/24,2024-04-06,LAK,VAN,6,3,,nhl-api
nhl,2023/24,2024-04-06,MIN,WPG,2,4,,nhl-api
nhl,2023/24,2024-04-06,MTL,TOR,2,4,,nhl-api
nhl,2023/24,2024-04-06,NYI,NSH,2,0,,nhl-api
nhl,2023/24,2024-04-06,OTT,NJD,3,4,,nhl-api
nhl,2023/24,2024-04-06,PIT,TBL,5,4,,nhl-api
nhl,2023/24,2024-04-06,SJS,STL,3,2,,nhl-api
nhl,2023/24,2024-04-07,ANA,STL,5,5,,nhl-api
nhl,2023/24,2024-04-07,CAR,CBJ,3,0,,nhl-api
nhl,2023/24,2024-04-07,CHI,MIN,0,4,,nhl-api
nhl,2023/24,2024-04-07,COL,DAL,4,7,,nhl-api
nhl,2023/24,2024-04-07,DET,BUF,3,1,,nhl-api
nhl,2023/24,2024-04-07,NJD,NSH,2,2,,nhl-api
nhl,2023/24,2024-04-07,NYR,MTL,5,2,,nhl-api
nhl,2023/24,2024-04-07,SJS,ARI,2,5,,nhl-api
nhl,2023/24,2024-04-07,WSH,OTT,2,3,,nhl-api
nhl,2023/24,2024-04-08,TOR,PIT,3,2,,nhl-api
nhl,2023/24,2024-04-08,VAN,VGK,4,3,,nhl-api
nhl,2023/24,2024-04-09,ANA,LAK,3,1,,nhl-api
nhl,2023/24,2024-04-09,BOS,CAR,1,4,,nhl-api
nhl,2023/24,2024-04-09,COL,MIN,5,2,,nhl-api
nhl,2023/24,2024-04-09,DAL,BUF,3,2,,nhl-api
nhl,2023/24,2024-04-09,DET,WSH,1,2,,nhl-api
nhl,2023/24,2024-04-09,FLA,OTT,2,0,,nhl-api
nhl,2023/24,2024-04-09,MTL,PHI,9,3,,nhl-api
nhl,2023/24,2024-04-09,NJD,TOR,2,5,,nhl-api
nhl,2023/24,2024-04-09,NSH,WPG,3,4,,nhl-api
nhl,2023/24,2024-04-09,NYI,NYR,4,2,,nhl-api
nhl,2023/24,2024-04-09,SEA,ARI,5,0,,nhl-api
nhl,2023/24,2024-04-09,SJS,CGY,2,3,,nhl-api
nhl,2023/24,2024-04-09,TBL,CBJ,5,2,,nhl-api
nhl,2023/24,2024-04-10,EDM,VGK,5,1,,nhl-api
nhl,2023/24,2024-04-10,STL,CHI,5,2,,nhl-api
nhl,2023/24,2024-04-10,VAN,ARI,3,4,,nhl-api
nhl,2023/24,2024-04-11,BUF,WSH,4,2,,nhl-api
nhl,2023/24,2024-04-11,DAL,WPG,0,3,,nhl-api
nhl,2023/24,2024-04-11,FLA,CBJ,4,0,,nhl-api
nhl,2023/24,2024-04-11,LAK,CGY,4,1,,nhl-api
nhl,2023/24,2024-04-11,NYI,MTL,3,2,,nhl-api
nhl,2023/24,2024-04-11,NYR,PHI,1,4,,nhl-api
nhl,2023/24,2024-04-11,PIT,DET,6,5,,nhl-api
nhl,2023/24,2024-04-11,SEA,SJS,1,3,,nhl-api
nhl,2023/24,2024-04-11,TBL,OTT,2,2,,nhl-api
nhl,2023/24,2024-04-11,TOR,NJD,5,6,,nhl-api
nhl,2023/24,2024-04-12,ANA,CGY,3,6,,nhl-api
nhl,2023/24,2024-04-12,CHI,NSH,1,5,,nhl-api
nhl,2023/24,2024-04-12,EDM,ARI,2,3,,nhl-api
nhl,2023/24,2024-04-12,STL,CAR,2,5,,nhl-api
nhl,2023/24,2024-04-12,VGK,MIN,7,2,,nhl-api
nhl,2023/24,2024-04-13,COL,WPG,0,7,,nhl-api
nhl,2023/24,2024-04-13,DAL,SEA,3,1,,nhl-api
nhl,2023/24,2024-04-13,EDM,VAN,1,3,,nhl-api
nhl,2023/24,2024-04-13,FLA,BUF,3,2,,nhl-api
nhl,2023/24,2024-04-13,LAK,ANA,3,1,,nhl-api
nhl,2023/24,2024-04-13,NSH,CBJ,6,4,,nhl-api
nhl,2023/24,2024-04-13,NYR,NYI,2,2,,nhl-api
nhl,2023/24,2024-04-13,OTT,MTL,4,4,,nhl-api
nhl,2023/24,2024-04-13,PHI,NJD,1,0,,nhl-api
nhl,2023/24,2024-04-13,PIT,BOS,4,6,,nhl-api
nhl,2023/24,2024-04-13,SJS,MIN,2,6,,nhl-api
nhl,2023/24,2024-04-13,TOR,DET,4,5,,nhl-api
nhl,2023/24,2024-04-13,WSH,TBL,4,2,,nhl-api
nhl,2023/24,2024-04-14,CGY,ARI,6,5,,nhl-api
nhl,2023/24,2024-04-14,CHI,CAR,2,4,,nhl-api
nhl,2023/24,2024-04-14,STL,SEA,4,1,,nhl-api
nhl,2023/24,2024-04-14,VGK,COL,4,3,,nhl-api
nhl,2023/24,2024-04-15,DET,MTL,5,4,,nhl-api
nhl,2023/24,2024-04-15,EDM,SJS,9,2,,nhl-api
nhl,2023/24,2024-04-15,LAK,MIN,1,3,,nhl-api
nhl,2023/24,2024-04-15,NJD,NYI,1,4,,nhl-api
nhl,2023/24,2024-04-15,NYR,OTT,4,0,,nhl-api
nhl,2023/24,2024-04-15,PIT,NSH,4,2,,nhl-api
nhl,2023/24,2024-04-15,TBL,BUF,2,4,,nhl-api
nhl,2023/24,2024-04-15,WSH,BOS,2,0,,nhl-api
nhl,2023/24,2024-04-16,BOS,OTT,1,3,,nhl-api
nhl,2023/24,2024-04-16,CBJ,CAR,6,3,,nhl-api
nhl,2023/24,2024-04-16,FLA,TOR,5,2,,nhl-api
nhl,2023/24,2024-04-16,MTL,DET,4,4,,nhl-api
nhl,2023/24,2024-04-16,PHI,WSH,1,2,,nhl-api
nhl,2023/24,2024-04-16,VAN,CGY,4,1,,nhl-api
nhl,2023/24,2024-04-16,VGK,CHI,3,1,,nhl-api
nhl,2023/24,2024-04-16,WPG,SEA,4,3,,nhl-api
nhl,2023/24,2024-04-17,ARI,EDM,5,2,,nhl-api
nhl,2023/24,2024-04-17,DAL,STL,1,1,,nhl-api
nhl,2023/24,2024-04-17,NYI,PIT,5,4,,nhl-api
nhl,2023/24,2024-04-17,TBL,TOR,6,4,,nhl-api
nhl,2023/24,2024-04-18,CGY,SJS,5,1,,nhl-api
nhl,2023/24,2024-04-18,COL,EDM,5,1,,nhl-api
nhl,2023/24,2024-04-18,LAK,CHI,5,4,,nhl-api
nhl,2023/24,2024-04-18,MIN,SEA,3,4,,nhl-api
nhl,2023/24,2024-04-18,VGK,ANA,1,4,,nhl-api
nhl,2023/24,2024-04-18,WPG,VAN,4,2,,nhl-api
nhl,2024/25,2024-10-04,BUF,NJD,1,4,,nhl-api
nhl,2024/25,2024-10-05,NJD,BUF,3,1,,nhl-api
nhl,2024/25,2024-10-08,FLA,BOS,6,4,,nhl-api
nhl,2024/25,2024-10-08,SEA,STL,2,3,,nhl-api
nhl,2024/25,2024-10-08,UTA,CHI,5,2,,nhl-api
nhl,2024/25,2024-10-09,EDM,WPG,0,6,,nhl-api
nhl,2024/25,2024-10-09,MTL,TOR,1,0,,nhl-api
nhl,2024/25,2024-10-09,PIT,NYR,0,6,,nhl-api
nhl,2024/25,2024-10-09,VAN,CGY,5,6,,nhl-api
nhl,2024/25,2024-10-09,VGK,COL,8,4,,nhl-api
nhl,2024/25,2024-10-10,BOS,MTL,6,4,,nhl-api
nhl,2024/25,2024-10-10,BUF,LAK,1,3,,nhl-api
nhl,2024/25,2024-10-10,DET,PIT,3,6,,nhl-api
nhl,2024/25,2024-10-10,MIN,CBJ,3,2,,nhl-api
nhl,2024/25,2024-10-10,NJD,TOR,2,4,,nhl-api
nhl,2024/25,2024-10-10,NSH,DAL,3,4,,nhl-api
nhl,2024/25,2024-10-10,NYI,UTA,4,5,,nhl-api
nhl,2024/25,2024-10-10,OTT,FLA,3,1,,nhl-api
nhl,2024/25,2024-10-10,SJS,STL,4,5,,nhl-api
nhl,2024/25,2024-10-11,CAR,TBL,1,4,,nhl-api
nhl,2024/25,2024-10-11,VAN,PHI,2,2,,nhl-api
nhl,2024/25,2024-10-11,VGK,STL,4,3,,nhl-api
nhl,2024/25,2024-10-11,WPG,CHI,2,1,,nhl-api
nhl,2024/25,2024-10-12,BOS,LAK,2,1,,nhl-api
nhl,2024/25,2024-10-12,BUF,FLA,5,2,,nhl-api
nhl,2024/25,2024-10-12,CGY,PHI,6,3,,nhl-api
nhl,2024/25,2024-10-12,COL,CBJ,4,6,,nhl-api
nhl,2024/25,2024-10-12,DAL,NYI,3,0,,nhl-api
nhl,2024/25,2024-10-12,DET,NSH,3,0,,nhl-api
nhl,2024/25,2024-10-12,EDM,CHI,2,5,,nhl-api
nhl,2024/25,2024-10-12,MIN,SEA,4,4,,nhl-api
nhl,2024/25,2024-10-12,MTL,OTT,4,1,,nhl-api
nhl,2024/25,2024-10-12,NYR,UTA,5,6,,nhl-api
nhl,2024/25,2024-10-12,SJS,ANA,0,2,,nhl-api
nhl,2024/25,2024-10-12,TOR,PIT,4,2,,nhl-api
nhl,2024/25,2024-10-12,WSH,NJD,3,5,,nhl-api
nhl,2024/25,2024-10-13,DAL,SEA,2,0,,nhl-api
nhl,2024/25,2024-10-13,EDM,CGY,1,4,,nhl-api
nhl,2024/25,2024-10-13,VGK,ANA,3,1,,nhl-api
nhl,2024/25,2024-10-13,WPG,MIN,2,1,,nhl-api
nhl,2024/25,2024-10-14,BOS,FLA,3,4,,nhl-api
nhl,2024/25,2024-10-14,COL,NYI,2,6,,nhl-api
nhl,2024/25,2024-10-14,MTL,PIT,3,6,,nhl-api
nhl,2024/25,2024-10-14,NJD,UTA,3,0,,nhl-api
nhl,2024/25,2024-10-14,NYR,DET,4,1,,nhl-api
nhl,2024/25,2024-10-14,OTT,LAK,8,7,,nhl-api
nhl,2024/25,2024-10-15,CAR,NJD,4,2,,nhl-api
nhl,2024/25,2024-10-15,CBJ,FLA,3,4,,nhl-api
nhl,2024/25,2024-10-15,CGY,CHI,3,1,,nhl-api
nhl,2024/25,2024-10-15,DAL,SJS,2,2,,nhl-api
nhl,2024/25,2024-10-15,EDM,PHI,4,3,,nhl-api
nhl,2024/25,2024-10-15,NSH,SEA,3,7,,nhl-api
nhl,2024/25,2024-10-15,STL,MIN,1,4,,nhl-api
nhl,2024/25,2024-10-15,TBL,VAN,4,1,,nhl-api
nhl,2024/25,2024-10-15,WSH,VGK,4,2,,nhl-api
nhl,2024/25,2024-10-16,ANA,UTA,5,4,,nhl-api
nhl,2024/25,2024-10-16,COL,BOS,3,5,,nhl-api
nhl,2024/25,2024-10-16,PIT,BUF,6,5,,nhl-api
nhl,2024/25,2024-10-16,TOR,LAK,6,2,,nhl-api
nhl,2024/25,2024-10-17,CBJ,BUF,6,4,,nhl-api
nhl,2024/25,2024-10-17,CHI,SJS,4,2,,nhl-api
nhl,2024/25,2024-10-17,DET,NYR,2,5,,nhl-api
nhl,2024/25,2024-10-17,FLA,VAN,2,3,,nhl-api
nhl,2024/25,2024-10-17,MTL,LAK,1,4,,nhl-api
nhl,2024/25,2024-10-17,NSH,EDM,2,4,,nhl-api
nhl,2024/25,2024-10-17,OTT,NJD,1,3,,nhl-api
nhl,2024/25,2024-10-17,SEA,PHI,6,4,,nhl-api
nhl,2024/25,2024-10-17,STL,NYI,1,0,,nhl-api
nhl,2024/25,2024-10-17,TBL,VGK,4,3,,nhl-api
nhl,2024/25,2024-10-17,WSH,DAL,3,2,,nhl-api
nhl,2024/25,2024-10-18,COL,ANA,4,3,,nhl-api
nhl,2024/25,2024-10-18,PIT,CAR,1,4,,nhl-api
nhl,2024/25,2024-10-18,WPG,SJS,8,3,,nhl-api
nhl,2024/25,2024-10-19,CBJ,MIN,1,3,,nhl-api
nhl,2024/25,2024-10-19,CHI,BUF,2,4,,nhl-api
nhl,2024/25,2024-10-19,DAL,EDM,4,1,,nhl-api
nhl,2024/25,2024-10-19,FLA,VGK,4,3,,nhl-api
nhl,2024/25,2024-10-19,NJD,WSH,5,6,,nhl-api
nhl,2024/25,2024-10-19,NSH,DET,2,5,,nhl-api
nhl,2024/25,2024-10-19,NYI,MTL,3,3,,nhl-api
nhl,2024/25,2024-10-19,OTT,TBL,5,4,,nhl-api
nhl,2024/25,2024-10-19,PHI,VAN,0,3,,nhl-api
nhl,2024/25,2024-10-19,SEA,CGY,2,1,,nhl-api
nhl,2024/25,2024-10-19,STL,CAR,4,3,,nhl-api
nhl,2024/25,2024-10-19,TOR,NYR,1,4,,nhl-api
nhl,2024/25,2024-10-19,UTA,BOS,2,1,,nhl-api
nhl,2024/25,2024-10-20,ANA,LAK,1,4,,nhl-api
nhl,2024/25,2024-10-20,SJS,COL,1,4,,nhl-api
nhl,2024/25,2024-10-20,WPG,PIT,6,3,,nhl-api
nhl,2024/25,2024-10-21,TOR,TBL,5,2,,nhl-api
nhl,2024/25,2024-10-22,ANA,SJS,3,1,,nhl-api
nhl,2024/25,2024-10-22,BUF,DAL,4,2,,nhl-api
nhl,2024/25,2024-10-22,CBJ,TOR,6,2,,nhl-api
nhl,2024/25,2024-10-22,CGY,PIT,3,3,,nhl-api
nhl,2024/25,2024-10-22,CHI,VAN,3,6,,nhl-api
nhl,2024/25,2024-10-22,EDM,CAR,2,3,,nhl-api
nhl,2024/25,2024-10-22,FLA,MIN,1,5,,nhl-api
nhl,2024/25,2024-10-22,MTL,NYR,2,7,,nhl-api
nhl,2024/25,2024-10-22,NJD,TBL,5,8,,nhl-api
nhl,2024/25,2024-10-22,NSH,BOS,4,0,,nhl-api
nhl,2024/25,2024-10-22,NYI,DET,0,1,,nhl-api
nhl,2024/25,2024-10-22,PHI,WSH,1,4,,nhl-api
nhl,2024/25,2024-10-22,SEA,COL,2,3,,nhl-api
nhl,2024/25,2024-10-22,STL,WPG,2,3,,nhl-api
nhl,2024/25,2024-10-22,UTA,OTT,0,4,,nhl-api
nhl,2024/25,2024-10-22,VGK,LAK,6,1,,nhl-api
nhl,2024/25,2024-10-23,WSH,PHI,6,3,,nhl-api
nhl,2024/25,2024-10-24,BOS,DAL,2,5,,nhl-api
nhl,2024/25,2024-10-24,CGY,CAR,2,4,,nhl-api
nhl,2024/25,2024-10-24,DET,NJD,5,3,,nhl-api
nhl,2024/25,2024-10-24,LAK,SJS,3,2,,nhl-api
nhl,2024/25,2024-10-24,NYR,FLA,1,3,,nhl-api
nhl,2024/25,2024-10-24,SEA,WPG,3,4,,nhl-api
nhl,2024/25,2024-10-24,TBL,MIN,2,4,,nhl-api
nhl,2024/25,2024-10-24,TOR,STL,1,5,,nhl-api
nhl,2024/25,2024-10-24,UTA,COL,1,5,,nhl-api
nhl,2024/25,2024-10-25,CHI,NSH,2,3,,nhl-api
nhl,2024/25,2024-10-25,EDM,PIT,4,0,,nhl-api
nhl,2024/25,2024-10-25,NJD,NYI,3,4,,nhl-api
nhl,2024/25,2024-10-25,VGK,OTT,6,4,,nhl-api
nhl,2024/25,2024-10-26,BOS,TOR,4,3,,nhl-api
nhl,2024/25,2024-10-26,BUF,DET,5,3,,nhl-api
nhl,2024/25,2024-10-26,CGY,WPG,3,5,,nhl-api
nhl,2024/25,2024-10-26,DAL,CHI,4,2,,nhl-api
nhl,2024/25,2024-10-26,LAK,UTA,3,2,,nhl-api
nhl,2024/25,2024-10-26,MTL,STL,5,2,,nhl-api
nhl,2024/25,2024-10-26,NSH,CBJ,4,3,,nhl-api
nhl,2024/25,2024-10-26,NYI,FLA,3,6,,nhl-api
nhl,2024/25,2024-10-26,NYR,ANA,2,1,,nhl-api
nhl,2024/25,2024-10-26,PHI,MIN,7,5,,nhl-api
nhl,2024/25,2024-10-26,SEA,CAR,1,4,,nhl-api
nhl,2024/25,2024-10-26,TBL,WSH,3,0,,nhl-api
nhl,2024/25,2024-10-26,VAN,PIT,4,3,,nhl-api
nhl,2024/25,2024-10-26,VGK,SJS,7,3,,nhl-api
nhl,2024/25,2024-10-27,COL,OTT,5,4,,nhl-api
nhl,2024/25,2024-10-27,DET,EDM,2,3,,nhl-api
nhl,2024/25,2024-10-27,NJD,ANA,6,2,,nhl-api
nhl,2024/25,2024-10-27,PHI,MTL,3,4,,nhl-api
nhl,2024/25,2024-10-28,BUF,FLA,2,5,,nhl-api
nhl,2024/25,2024-10-28,CBJ,EDM,6,1,,nhl-api
nhl,2024/25,2024-10-28,COL,CHI,2,5,,nhl-api
nhl,2024/25,2024-10-28,TBL,NSH,3,2,,nhl-api
nhl,2024/25,2024-10-28,UTA,SJS,4,5,,nhl-api
nhl,2024/25,2024-10-28,VAN,CAR,3,4,,nhl-api
nhl,2024/25,2024-10-28,VGK,CGY,5,0,,nhl-api
nhl,2024/25,2024-10-28,WPG,TOR,4,6,,nhl-api
nhl,2024/25,2024-10-29,BOS,PHI,0,2,,nhl-api
nhl,2024/25,2024-10-29,MTL,SEA,2,8,,nhl-api
nhl,2024/25,2024-10-29,NYI,ANA,1,3,,nhl-api
nhl,2024/25,2024-10-29,OTT,STL,8,1,,nhl-api
nhl,2024/25,2024-10-29,PIT,MIN,3,5,,nhl-api
nhl,2024/25,2024-10-29,SJS,LAK,4,2,,nhl-api
nhl,2024/25,2024-10-29,WSH,NYR,5,3,,nhl-api
nhl,2024/25,2024-10-30,CBJ,NYI,2,0,,nhl-api
nhl,2024/25,2024-10-30,COL,TBL,2,5,,nhl-api
nhl,2024/25,2024-10-30,DET,WPG,2,6,,nhl-api
nhl,2024/25,2024-10-30,LAK,VGK,6,3,,nhl-api
nhl,2024/25,2024-10-30,UTA,CGY,5,1,,nhl-api
nhl,2024/25,2024-10-30,VAN,NJD,0,6,,nhl-api
nhl,2024/25,2024-10-31,CAR,BOS,8,2,,nhl-api
nhl,2024/25,2024-10-31,NSH,EDM,1,5,,nhl-api
nhl,2024/25,2024-10-31,PHI,STL,2,1,,nhl-api
nhl,2024/25,2024-10-31,PIT,ANA,2,1,,nhl-api
nhl,2024/25,2024-10-31,SJS,CHI,3,2,,nhl-api
nhl,2024/25,2024-10-31,TOR,SEA,4,1,,nhl-api
nhl,2024/25,2024-10-31,WSH,MTL,6,3,,nhl-api
nhl,2024/25,2024-11-01,BUF,NYI,3,4,,nhl-api
nhl,2024/25,2024-11-01,CBJ,WPG,2,6,,nhl-api
nhl,2024/25,2024-11-01,CGY,NJD,3,0,,nhl-api
nhl,2024/25,2024-11-01,DAL,FLA,4,6,,nhl-api
nhl,2024/25,2024-11-01,MIN,TBL,5,3,,nhl-api
nhl,2024/25,2024-11-01,NYR,OTT,2,1,,nhl-api
nhl,2024/25,2024-11-02,DET,BUF,2,1,,nhl-api
nhl,2024/25,2024-11-02,FLA,DAL,4,2,,nhl-api
nhl,2024/25,2024-11-02,LAK,CHI,3,3,,nhl-api
nhl,2024/25,2024-11-02,NSH,COL,5,2,,nhl-api
nhl,2024/25,2024-11-02,OTT,SEA,3,0,,nhl-api
nhl,2024/25,2024-11-02,PHI,BOS,0,3,,nhl-api
nhl,2024/25,2024-11-02,PIT,MTL,3,1,,nhl-api
nhl,2024/25,2024-11-02,SJS,VAN,2,3,,nhl-api
nhl,2024/25,2024-11-02,STL,TOR,4,2,,nhl-api
nhl,2024/25,2024-11-02,VGK,UTA,4,3,,nhl-api
nhl,2024/25,2024-11-02,WSH,CBJ,7,2,,nhl-api
nhl,2024/25,2024-11-03,ANA,CHI,2,4,,nhl-api
nhl,2024/25,2024-11-03,BOS,SEA,2,0,,nhl-api
nhl,2024/25,2024-11-03,CAR,WSH,4,2,,nhl-api
nhl,2024/25,2024-11-03,CGY,EDM,2,4,,nhl-api
nhl,2024/25,2024-11-03,MIN,TOR,2,1,,nhl-api
nhl,2024/25,2024-11-03,NYR,NYI,5,2,,nhl-api
nhl,2024/25,2024-11-03,WPG,TBL,7,4,,nhl-api
nhl,2024/25,2024-11-04,EDM,NJD,0,3,,nhl-api
nhl,2024/25,2024-11-04,NSH,LAK,0,3,,nhl-api
nhl,2024/25,2024-11-05,ANA,VAN,1,5,,nhl-api
nhl,2024/25,2024-11-05,BUF,OTT,5,1,,nhl-api
nhl,2024/25,2024-11-05,CAR,PHI,6,4,,nhl-api
nhl,2024/25,2024-11-05,COL,SEA,6,3,,nhl-api
nhl,2024/25,2024-11-05,MIN,LAK,1,5,,nhl-api
nhl,2024/25,2024-11-05,MTL,CGY,2,3,,nhl-api
nhl,2024/25,2024-11-05,NYI,PIT,3,3,,nhl-api
nhl,2024/25,2024-11-05,SJS,CBJ,2,1,,nhl-api
nhl,2024/25,2024-11-05,STL,TBL,3,2,,nhl-api
nhl,2024/25,2024-11-05,TOR,BOS,4,0,,nhl-api
nhl,2024/25,2024-11-05,WPG,UTA,3,0,,nhl-api
nhl,2024/25,2024-11-06,CHI,DET,1,4,,nhl-api
nhl,2024/25,2024-11-06,EDM,VGK,2,4,,nhl-api
nhl,2024/25,2024-11-06,WSH,NSH,3,2,,nhl-api
nhl,2024/25,2024-11-07,BOS,CGY,4,3,,nhl-api
nhl,2024/25,2024-11-07,CAR,PIT,5,1,,nhl-api
nhl,2024/25,2024-11-07,DAL,CHI,3,1,,nhl-api
nhl,2024/25,2024-11-07,FLA,NSH,6,2,,nhl-api
nhl,2024/25,2024-11-07,LAK,VAN,2,4,,nhl-api
nhl,2024/25,2024-11-07,NJD,MTL,5,3,,nhl-api
nhl,2024/25,2024-11-07,NYR,BUF,1,6,,nhl-api
nhl,2024/25,2024-11-07,OTT,NYI,2,4,,nhl-api
nhl,2024/25,2024-11-07,SJS,MIN,2,5,,nhl-api
nhl,2024/25,2024-11-07,STL,UTA,2,4,,nhl-api
nhl,2024/25,2024-11-07,TBL,PHI,1,1,,nhl-api
nhl,2024/25,2024-11-07,WPG,COL,1,0,,nhl-api
nhl,2024/25,2024-11-08,ANA,MIN,2,5,,nhl-api
nhl,2024/25,2024-11-08,SEA,VGK,4,3,,nhl-api
nhl,2024/25,2024-11-08,TOR,DET,3,1,,nhl-api
nhl,2024/25,2024-11-08,WSH,PIT,2,4,,nhl-api
nhl,2024/25,2024-11-09,BOS,OTT,2,3,,nhl-api
nhl,2024/25,2024-11-09,BUF,CGY,2,2,,nhl-api
nhl,2024/25,2024-11-09,COL,CAR,6,4,,nhl-api
nhl,2024/25,2024-11-09,DET,NYR,0,4,,nhl-api
nhl,2024/25,2024-11-09,FLA,PHI,3,3,,nhl-api
nhl,2024/25,2024-11-09,LAK,CBJ,5,2,,nhl-api
nhl,2024/25,2024-11-09,NSH,UTA,4,0,,nhl-api
nhl,2024/25,2024-11-09,NYI,NJD,3,4,,nhl-api
nhl,2024/25,2024-11-09,STL,WSH,1,8,,nhl-api
nhl,2024/25,2024-11-09,TOR,MTL,4,1,,nhl-api
nhl,2024/25,2024-11-09,VAN,EDM,3,7,,nhl-api
nhl,2024/25,2024-11-09,WPG,DAL,4,1,,nhl-api
nhl,2024/25,2024-11-10,ANA,CBJ,4,2,,nhl-api
nhl,2024/25,2024-11-10,CHI,MIN,2,1,,nhl-api
nhl,2024/25,2024-11-10,NJD,SJS,0,1,,nhl-api
nhl,2024/25,2024-11-11,BUF,MTL,5,7,,nhl-api
nhl,2024/25,2024-11-11,CGY,LAK,3,1,,nhl-api
nhl,2024/25,2024-11-11,COL,NSH,3,2,,nhl-api
nhl,2024/25,2024-11-11,PHI,SJS,3,3,,nhl-api
nhl,2024/25,2024-11-11,PIT,DAL,1,7,,nhl-api
nhl,2024/25,2024-11-11,VGK,CAR,2,5,,nhl-api
nhl,2024/25,2024-11-12,EDM,NYI,4,3,,nhl-api
nhl,2024/25,2024-11-12,FLA,NJD,1,4,,nhl-api
nhl,2024/25,2024-11-12,NYR,WPG,3,6,,nhl-api
nhl,2024/25,2024-11-12,SEA,CBJ,5,2,,nhl-api
nhl,2024/25,2024-11-12,STL,BOS,2,3,,nhl-api
nhl,2024/25,2024-11-12,TOR,OTT,0,3,,nhl-api
nhl,2024/25,2024-11-12,VAN,CGY,3,1,,nhl-api
nhl,2024/25,2024-11-13,ANA,VGK,2,3,,nhl-api
nhl,2024/25,2024-11-13,COL,LAK,4,2,,nhl-api
nhl,2024/25,2024-11-13,PIT,DET,2,3,,nhl-api
nhl,2024/25,2024-11-13,UTA,CAR,4,1,,nhl-api
nhl,2024/25,2024-11-13,WSH,TOR,3,4,,nhl-api
nhl,2024/25,2024-11-14,BUF,STL,4,3,,nhl-api
nhl,2024/25,2024-11-14,DAL,BOS,7,2,,nhl-api
nhl,2024/25,2024-11-14,EDM,NSH,3,2,,nhl-api
nhl,2024/25,2024-11-14,FLA,NJD,2,6,,nhl-api
nhl,2024/25,2024-11-14,MIN,MTL,3,0,,nhl-api
nhl,2024/25,2024-11-14,NYR,SJS,3,2,,nhl-api
nhl,2024/25,2024-11-14,OTT,PHI,4,5,,nhl-api
nhl,2024/25,2024-11-14,SEA,CHI,3,1,,nhl-api
nhl,2024/25,2024-11-14,TBL,WPG,4,1,,nhl-api
nhl,2024/25,2024-11-14,VAN,NYI,2,5,,nhl-api
nhl,2024/25,2024-11-15,ANA,DET,6,4,,nhl-api
nhl,2024/25,2024-11-15,CBJ,PIT,6,2,,nhl-api
nhl,2024/25,2024-11-15,CGY,NSH,2,0,,nhl-api
nhl,2024/25,2024-11-15,COL,WSH,2,5,,nhl-api
nhl,2024/25,2024-11-15,UTA,VGK,2,4,,nhl-api
nhl,2024/25,2024-11-16,BOS,STL,2,3,,nhl-api
nhl,2024/25,2024-11-16,CAR,OTT,4,0,,nhl-api
nhl,2024/25,2024-11-16,FLA,WPG,5,0,,nhl-api
nhl,2024/25,2024-11-16,LAK,DET,4,1,,nhl-api
nhl,2024/25,2024-11-16,MIN,DAL,1,2,,nhl-api
nhl,2024/25,2024-11-16,MTL,CBJ,5,1,,nhl-api
nhl,2024/25,2024-11-16,PHI,BUF,5,2,,nhl-api
nhl,2024/25,2024-11-16,PIT,SJS,3,3,,nhl-api
nhl,2024/25,2024-11-16,SEA,NYI,3,2,,nhl-api
nhl,2024/25,2024-11-16,TBL,NJD,4,0,,nhl-api
nhl,2024/25,2024-11-16,TOR,EDM,4,3,,nhl-api
nhl,2024/25,2024-11-16,VAN,CHI,4,1,,nhl-api
nhl,2024/25,2024-11-17,CAR,STL,4,1,,nhl-api
nhl,2024/25,2024-11-17,SEA,NYR,0,2,,nhl-api
nhl,2024/25,2024-11-17,VAN,NSH,3,5,,nhl-api
nhl,2024/25,2024-11-17,VGK,WSH,2,5,,nhl-api
nhl,2024/25,2024-11-18,BOS,CBJ,1,5,,nhl-api
nhl,2024/25,2024-11-18,DAL,ANA,2,4,,nhl-api
nhl,2024/25,2024-11-18,MTL,EDM,3,0,,nhl-api
nhl,2024/25,2024-11-18,PHI,COL,2,3,,nhl-api
nhl,2024/25,2024-11-18,SJS,DET,5,4,,nhl-api
nhl,2024/25,2024-11-18,UTA,WSH,2,6,,nhl-api
nhl,2024/25,2024-11-19,CGY,NYI,1,1,,nhl-api
nhl,2024/25,2024-11-19,CHI,ANA,2,3,,nhl-api
nhl,2024/25,2024-11-19,OTT,EDM,2,5,,nhl-api
nhl,2024/25,2024-11-19,PIT,TBL,2,3,,nhl-api
nhl,2024/25,2024-11-19,STL,MIN,2,4,,nhl-api
nhl,2024/25,2024-11-19,VAN,NYR,3,4,,nhl-api
nhl,2024/25,2024-11-19,WPG,FLA,6,3,,nhl-api
nhl,2024/25,2024-11-20,DAL,SJS,5,2,,nhl-api
nhl,2024/25,2024-11-20,LAK,BUF,0,1,,nhl-api
nhl,2024/25,2024-11-20,PHI,CAR,1,4,,nhl-api
nhl,2024/25,2024-11-20,SEA,NSH,3,0,,nhl-api
nhl,2024/25,2024-11-20,TOR,VGK,3,0,,nhl-api
nhl,2024/25,2024-11-21,BOS,UTA,1,0,,nhl-api
nhl,2024/25,2024-11-21,CBJ,TBL,7,6,,nhl-api
nhl,2024/25,2024-11-21,CGY,NYR,3,2,,nhl-api
nhl,2024/25,2024-11-21,CHI,FLA,3,1,,nhl-api
nhl,2024/25,2024-11-21,DET,NYI,2,1,,nhl-api
nhl,2024/25,2024-11-21,EDM,MIN,3,5,,nhl-api
nhl,2024/25,2024-11-21,NJD,CAR,4,2,,nhl-api
nhl,2024/25,2024-11-21,OTT,VGK,2,3,,nhl-api
nhl,2024/25,2024-11-21,STL,SJS,2,2,,nhl-api
nhl,2024/25,2024-11-21,WSH,COL,1,2,,nhl-api
nhl,2024/25,2024-11-22,ANA,BUF,2,3,,nhl-api
nhl,2024/25,2024-11-22,PIT,WPG,1,4,,nhl-api
nhl,2024/25,2024-11-23,CBJ,CAR,4,4,,nhl-api
nhl,2024/25,2024-11-23,CGY,MIN,3,3,,nhl-api
nhl,2024/25,2024-11-23,DET,BOS,1,2,,nhl-api
nhl,2024/25,2024-11-23,EDM,NYR,6,2,,nhl-api
nhl,2024/25,2024-11-23,FLA,COL,4,7,,nhl-api
nhl,2024/25,2024-11-23,LAK,SEA,2,1,,nhl-api
nhl,2024/25,2024-11-23,MTL,VGK,2,6,,nhl-api
nhl,2024/25,2024-11-23,NSH,WPG,4,1,,nhl-api
nhl,2024/25,2024-11-23,NYI,STL,3,1,,nhl-api
nhl,2024/25,2024-11-23,OTT,VAN,3,4,,nhl-api
nhl,2024/25,2024-11-23,PHI,CHI,3,2,,nhl-api
nhl,2024/25,2024-11-23,PIT,UTA,1,6,,nhl-api
nhl,2024/25,2024-11-23,SJS,BUF,2,4,,nhl-api
nhl,2024/25,2024-11-23,TBL,DAL,2,4,,nhl-api
nhl,2024/25,2024-11-23,WSH,NJD,2,3,,nhl-api
nhl,2024/25,2024-11-24,TOR,UTA,3,2,,nhl-api
nhl,2024/25,2024-11-25,ANA,SEA,2,3,,nhl-api
nhl,2024/25,2024-11-25,CAR,DAL,6,4,,nhl-api
nhl,2024/25,2024-11-25,FLA,WSH,1,4,,nhl-api
nhl,2024/25,2024-11-25,MIN,WPG,1,4,,nhl-api
nhl,2024/25,2024-11-25,NJD,NSH,5,2,,nhl-api
nhl,2024/25,2024-11-25,NYI,DET,2,4,,nhl-api
nhl,2024/25,2024-11-25,NYR,STL,2,5,,nhl-api
nhl,2024/25,2024-11-25,OTT,CGY,4,3,,nhl-api
nhl,2024/25,2024-11-25,PHI,VGK,4,4,,nhl-api
nhl,2024/25,2024-11-25,SJS,LAK,7,2,,nhl-api
nhl,2024/25,2024-11-25,TBL,COL,8,2,,nhl-api
nhl,2024/25,2024-11-26,BOS,VAN,0,2,,nhl-api
nhl,2024/25,2024-11-26,MTL,UTA,2,3,,nhl-api
nhl,2024/25,2024-11-27,BUF,MIN,0,1,,nhl-api
nhl,2024/25,2024-11-27,CAR,NYR,4,3,,nhl-api
nhl,2024/25,2024-11-27,CBJ,MTL,3,4,,nhl-api
nhl,2024/25,2024-11-27,CHI,DAL,6,2,,nhl-api
nhl,2024/25,2024-11-27,COL,VGK,1,1,,nhl-api
nhl,2024/25,2024-11-27,DET,CGY,2,1,,nhl-api
nhl,2024/25,2024-11-27,FLA,TOR,5,1,,nhl-api
nhl,2024/25,2024-11-27,LAK,WPG,4,1,,nhl-api
nhl,2024/25,2024-11-27,NJD,STL,0,3,,nhl-api
nhl,2024/25,2024-11-27,NSH,PHI,2,3,,nhl-api
nhl,2024/25,2024-11-27,NYI,BOS,3,6,,nhl-api
nhl,2024/25,2024-11-27,PIT,VAN,5,4,,nhl-api
nhl,2024/25,2024-11-27,SEA,ANA,2,5,,nhl-api
nhl,2024/25,2024-11-27,SJS,OTT,3,4,,nhl-api
nhl,2024/25,2024-11-27,TBL,WSH,4,5,,nhl-api
nhl,2024/25,2024-11-29,ANA,LAK,1,2,,nhl-api
nhl,2024/25,2024-11-29,BOS,PIT,1,2,,nhl-api
nhl,2024/25,2024-11-29,BUF,VAN,3,4,,nhl-api
nhl,2024/25,2024-11-29,CAR,FLA,3,6,,nhl-api
nhl,2024/25,2024-11-29,CBJ,CGY,5,2,,nhl-api
nhl,2024/25,2024-11-29,DAL,COL,5,3,,nhl-api
nhl,2024/25,2024-11-29,DET,NJD,4,5,,nhl-api
nhl,2024/25,2024-11-29,MIN,CHI,3,2,,nhl-api
nhl,2024/25,2024-11-29,NSH,TBL,2,3,,nhl-api
nhl,2024/25,2024-11-29,PHI,NYR,3,1,,nhl-api
nhl,2024/25,2024-11-29,SJS,SEA,8,5,,nhl-api
nhl,2024/25,2024-11-29,UTA,EDM,3,4,,nhl-api
nhl,2024/25,2024-11-29,VGK,WPG,4,3,,nhl-api
nhl,2024/25,2024-11-29,WSH,NYI,5,4,,nhl-api
nhl,2024/25,2024-11-30,COL,EDM,1,4,,nhl-api
nhl,2024/25,2024-11-30,FLA,CAR,6,0,,nhl-api
nhl,2024/25,2024-11-30,LAK,OTT,5,2,,nhl-api
nhl,2024/25,2024-11-30,MIN,NSH,3,2,,nhl-api
nhl,2024/25,2024-11-30,NJD,WSH,5,6,,nhl-api
nhl,2024/25,2024-11-30,NYI,BUF,3,0,,nhl-api
nhl,2024/25,2024-11-30,NYR,MTL,4,3,,nhl-api
nhl,2024/25,2024-11-30,PIT,CGY,6,2,,nhl-api
nhl,2024/25,2024-11-30,SEA,SJS,2,4,,nhl-api
nhl,2024/25,2024-11-30,STL,PHI,2,3,,nhl-api
nhl,2024/25,2024-11-30,TBL,TOR,3,5,,nhl-api
nhl,2024/25,2024-11-30,VGK,UTA,0,6,,nhl-api
nhl,2024/25,2024-12-01,ANA,OTT,3,3,,nhl-api
nhl,2024/25,2024-12-01,BOS,MTL,6,3,,nhl-api
nhl,2024/25,2024-12-01,CHI,CBJ,3,6,,nhl-api
nhl,2024/25,2024-12-01,DAL,WPG,3,1,,nhl-api
nhl,2024/25,2024-12-01,DET,VAN,4,5,,nhl-api
nhl,2024/25,2024-12-02,NYR,NJD,1,5,,nhl-api
nhl,2024/25,2024-12-02,TOR,CHI,4,1,,nhl-api
nhl,2024/25,2024-12-02,UTA,DAL,1,2,,nhl-api
nhl,2024/25,2024-12-03,BOS,DET,3,2,,nhl-api
nhl,2024/25,2024-12-03,BUF,COL,4,5,,nhl-api
nhl,2024/25,2024-12-03,CAR,SEA,2,4,,nhl-api
nhl,2024/25,2024-12-03,CGY,CBJ,3,0,,nhl-api
nhl,2024/25,2024-12-03,MIN,VAN,3,2,,nhl-api
nhl,2024/25,2024-12-03,MTL,NYI,2,1,,nhl-api
nhl,2024/25,2024-12-03,PIT,FLA,5,4,,nhl-api
nhl,2024/25,2024-12-03,VGK,EDM,1,0,,nhl-api
nhl,2024/25,2024-12-03,WPG,STL,1,4,,nhl-api
nhl,2024/25,2024-12-03,WSH,SJS,1,2,,nhl-api
nhl,2024/25,2024-12-04,ANA,VGK,1,4,,nhl-api
nhl,2024/25,2024-12-04,CHI,BOS,2,4,,nhl-api
nhl,2024/25,2024-12-04,LAK,DAL,3,2,,nhl-api
nhl,2024/25,2024-12-04,TOR,NSH,3,2,,nhl-api
nhl,2024/25,2024-12-05,BUF,WPG,2,3,,nhl-api
nhl,2024/25,2024-12-05,CAR,COL,5,3,,nhl-api
nhl,2024/25,2024-12-05,CGY,STL,3,4,,nhl-api
nhl,2024/25,2024-12-05,EDM,CBJ,6,3,,nhl-api
nhl,2024/25,2024-12-05,MTL,NSH,3,0,,nhl-api
nhl,2024/25,2024-12-05,NYI,SEA,2,5,,nhl-api
nhl,2024/25,2024-12-05,OTT,DET,2,1,,nhl-api
nhl,2024/25,2024-12-05,PHI,FLA,5,7,,nhl-api
nhl,2024/25,2024-12-05,TBL,SJS,8,1,,nhl-api
nhl,2024/25,2024-12-06,ANA,MIN,1,5,,nhl-api
nhl,2024/25,2024-12-06,NJD,SEA,3,2,,nhl-api
nhl,2024/25,2024-12-06,NYR,PIT,4,2,,nhl-api
nhl,2024/25,2024-12-06,TOR,WSH,1,3,,nhl-api
nhl,2024/25,2024-12-06,VAN,CBJ,5,2,,nhl-api
nhl,2024/25,2024-12-06,VGK,DAL,3,2,,nhl-api
nhl,2024/25,2024-12-07,BOS,PHI,4,3,,nhl-api
nhl,2024/25,2024-12-07,BUF,UTA,2,5,,nhl-api
nhl,2024/25,2024-12-07,CHI,WPG,2,4,,nhl-api
nhl,2024/25,2024-12-07,DET,COL,1,2,,nhl-api
nhl,2024/25,2024-12-07,EDM,STL,4,2,,nhl-api
nhl,2024/25,2024-12-07,FLA,SJS,3,1,,nhl-api
nhl,2024/25,2024-12-07,LAK,MIN,4,1,,nhl-api
nhl,2024/25,2024-12-07,MTL,WSH,2,4,,nhl-api
nhl,2024/25,2024-12-07,NYI,CAR,4,3,,nhl-api
nhl,2024/25,2024-12-07,OTT,NSH,3,1,,nhl-api
nhl,2024/25,2024-12-07,PIT,TOR,5,2,,nhl-api
nhl,2024/25,2024-12-08,DAL,CGY,6,2,,nhl-api
nhl,2024/25,2024-12-08,NJD,COL,0,4,,nhl-api
nhl,2024/25,2024-12-08,NYR,SEA,5,7,,nhl-api
nhl,2024/25,2024-12-08,OTT,NYI,2,4,,nhl-api
nhl,2024/25,2024-12-08,PHI,UTA,2,4,,nhl-api
nhl,2024/25,2024-12-08,VAN,TBL,2,4,,nhl-api
nhl,2024/25,2024-12-08,WPG,CBJ,1,4,,nhl-api
nhl,2024/25,2024-12-09,BUF,DET,5,5,,nhl-api
nhl,2024/25,2024-12-09,MTL,ANA,2,2,,nhl-api
nhl,2024/25,2024-12-09,NYR,CHI,1,2,,nhl-api
nhl,2024/25,2024-12-10,CAR,SJS,3,2,,nhl-api
nhl,2024/25,2024-12-10,CBJ,PHI,3,5,,nhl-api
nhl,2024/25,2024-12-10,EDM,TBL,2,1,,nhl-api
nhl,2024/25,2024-12-10,NJD,TOR,1,2,,nhl-api
nhl,2024/25,2024-12-10,NSH,CGY,3,4,,nhl-api
nhl,2024/25,2024-12-10,NYI,LAK,1,3,,nhl-api
nhl,2024/25,2024-12-10,PIT,COL,2,6,,nhl-api
nhl,2024/25,2024-12-10,SEA,FLA,1,1,,nhl-api
nhl,2024/25,2024-12-10,UTA,MIN,4,4,,nhl-api
nhl,2024/25,2024-12-10,VAN,STL,3,4,,nhl-api
nhl,2024/25,2024-12-10,WPG,BOS,8,1,,nhl-api
nhl,2024/25,2024-12-11,BUF,NYR,2,3,,nhl-api
nhl,2024/25,2024-12-11,OTT,ANA,5,1,,nhl-api
nhl,2024/25,2024-12-12,CBJ,WSH,1,2,,nhl-api
nhl,2024/25,2024-12-12,CGY,TBL,3,8,,nhl-api
nhl,2024/25,2024-12-12,COL,UTA,1,4,,nhl-api
nhl,2024/25,2024-12-12,DAL,NSH,1,4,,nhl-api
nhl,2024/25,2024-12-12,MIN,EDM,1,7,,nhl-api
nhl,2024/25,2024-12-12,MTL,PIT,2,9,,nhl-api
nhl,2024/25,2024-12-12,NJD,LAK,3,1,,nhl-api
nhl,2024/25,2024-12-12,NYI,CHI,5,4,,nhl-api
nhl,2024/25,2024-12-12,PHI,DET,4,1,,nhl-api
nhl,2024/25,2024-12-12,SEA,BOS,5,1,,nhl-api
nhl,2024/25,2024-12-12,STL,SJS,3,4,,nhl-api
nhl,2024/25,2024-12-12,TOR,ANA,3,2,,nhl-api
nhl,2024/25,2024-12-12,VAN,FLA,4,0,,nhl-api
nhl,2024/25,2024-12-12,WPG,VGK,2,3,,nhl-api
nhl,2024/25,2024-12-13,CAR,OTT,0,3,,nhl-api
nhl,2024/25,2024-12-14,CBJ,ANA,3,4,,nhl-api
nhl,2024/25,2024-12-14,CGY,FLA,3,0,,nhl-api
nhl,2024/25,2024-12-14,COL,NSH,5,2,,nhl-api
nhl,2024/25,2024-12-14,DAL,STL,2,1,,nhl-api
nhl,2024/25,2024-12-14,DET,TOR,4,2,,nhl-api
nhl,2024/25,2024-12-14,EDM,VGK,6,3,,nhl-api
nhl,2024/25,2024-12-14,MIN,PHI,4,1,,nhl-api
nhl,2024/25,2024-12-14,NJD,CHI,4,1,,nhl-api
nhl,2024/25,2024-12-14,NYR,LAK,1,5,,nhl-api
nhl,2024/25,2024-12-14,OTT,PIT,3,2,,nhl-api
nhl,2024/25,2024-12-14,SEA,TBL,1,5,,nhl-api
nhl,2024/25,2024-12-14,SJS,UTA,3,4,,nhl-api
nhl,2024/25,2024-12-14,VAN,BOS,1,5,,nhl-api
nhl,2024/25,2024-12-14,WPG,MTL,4,2,,nhl-api
nhl,2024/25,2024-12-14,WSH,BUF,4,2,,nhl-api
nhl,2024/25,2024-12-15,CAR,CBJ,4,1,,nhl-api
nhl,2024/25,2024-12-15,CHI,NYI,5,3,,nhl-api
nhl,2024/25,2024-12-15,MIN,VGK,2,3,,nhl-api
nhl,2024/25,2024-12-15,STL,NYR,3,2,,nhl-api
nhl,2024/25,2024-12-15,TOR,BUF,5,3,,nhl-api
nhl,2024/25,2024-12-16,DAL,WSH,3,1,,nhl-api
nhl,2024/25,2024-12-16,EDM,FLA,5,6,,nhl-api
nhl,2024/25,2024-12-16,VAN,COL,3,1,,nhl-api
nhl,2024/25,2024-12-17,CAR,NYI,4,0,,nhl-api
nhl,2024/25,2024-12-17,CGY,BOS,3,4,,nhl-api
nhl,2024/25,2024-12-17,CHI,WSH,3,2,,nhl-api
nhl,2024/25,2024-12-17,MTL,BUF,6,1,,nhl-api
nhl,2024/25,2024-12-17,NSH,NYR,2,0,,nhl-api
nhl,2024/25,2024-12-17,PIT,LAK,3,2,,nhl-api
nhl,2024/25,2024-12-17,SEA,OTT,0,3,,nhl-api
nhl,2024/25,2024-12-17,SJS,WPG,3,4,,nhl-api
nhl,2024/25,2024-12-17,STL,NJD,1,4,,nhl-api
nhl,2024/25,2024-12-17,TBL,CBJ,5,3,,nhl-api
nhl,2024/25,2024-12-18,ANA,WPG,3,2,,nhl-api
nhl,2024/25,2024-12-18,DAL,TOR,3,5,,nhl-api
nhl,2024/25,2024-12-18,DET,PHI,6,4,,nhl-api
nhl,2024/25,2024-12-18,MIN,FLA,1,6,,nhl-api
nhl,2024/25,2024-12-18,UTA,VAN,3,2,,nhl-api
nhl,2024/25,2024-12-19,CBJ,NJD,4,2,,nhl-api
nhl,2024/25,2024-12-19,CGY,OTT,2,3,,nhl-api
nhl,2024/25,2024-12-19,CHI,SEA,3,1,,nhl-api
nhl,2024/25,2024-12-19,EDM,BOS,3,2,,nhl-api
nhl,2024/25,2024-12-19,NSH,PIT,4,5,,nhl-api
nhl,2024/25,2024-12-19,PHI,LAK,3,7,,nhl-api
nhl,2024/25,2024-12-19,SJS,COL,2,4,,nhl-api
nhl,2024/25,2024-12-19,TBL,STL,3,1,,nhl-api
nhl,2024/25,2024-12-19,VGK,VAN,3,1,,nhl-api
nhl,2024/25,2024-12-20,ANA,COL,2,4,,nhl-api
nhl,2024/25,2024-12-20,BUF,TOR,3,6,,nhl-api
nhl,2024/25,2024-12-20,DAL,NYR,1,3,,nhl-api
nhl,2024/25,2024-12-20,DET,MTL,3,4,,nhl-api
nhl,2024/25,2024-12-20,FLA,STL,2,1,,nhl-api
nhl,2024/25,2024-12-20,MIN,UTA,1,2,,nhl-api
nhl,2024/25,2024-12-20,WSH,CAR,3,1,,nhl-api
nhl,2024/25,2024-12-21,BOS,BUF,3,1,,nhl-api
nhl,2024/25,2024-12-21,CGY,CHI,6,4,,nhl-api
nhl,2024/25,2024-12-21,EDM,SJS,3,2,,nhl-api
nhl,2024/25,2024-12-21,MTL,DET,5,1,,nhl-api
nhl,2024/25,2024-12-21,NJD,PIT,3,0,,nhl-api
nhl,2024/25,2024-12-21,NSH,LAK,3,2,,nhl-api
nhl,2024/25,2024-12-21,PHI,CBJ,5,4,,nhl-api
nhl,2024/25,2024-12-21,TOR,NYI,3,6,,nhl-api
nhl,2024/25,2024-12-21,VAN,OTT,4,5,,nhl-api
nhl,2024/25,2024-12-21,VGK,SEA,6,2,,nhl-api
nhl,2024/25,2024-12-21,WPG,MIN,5,0,,nhl-api
nhl,2024/25,2024-12-22,COL,SEA,5,2,,nhl-api
nhl,2024/25,2024-12-22,EDM,OTT,3,1,,nhl-api
nhl,2024/25,2024-12-22,NYR,CAR,1,3,,nhl-api
nhl,2024/25,2024-12-22,TBL,FLA,2,4,,nhl-api
nhl,2024/25,2024-12-22,UTA,ANA,4,4,,nhl-api
nhl,2024/25,2024-12-22,WSH,LAK,3,1,,nhl-api
nhl,2024/25,2024-12-23,BOS,WSH,4,1,,nhl-api
nhl,2024/25,2024-12-23,CBJ,MTL,5,4,,nhl-api
nhl,2024/25,2024-12-23,DET,STL,0,4,,nhl-api
nhl,2024/25,2024-12-23,FLA,TBL,0,4,,nhl-api
nhl,2024/25,2024-12-23,MIN,CHI,4,3,,nhl-api
nhl,2024/25,2024-12-23,NJD,NYR,5,0,,nhl-api
nhl,2024/25,2024-12-23,NSH,CAR,5,2,,nhl-api
nhl,2024/25,2024-12-23,NYI,BUF,1,7,,nhl-api
nhl,2024/25,2024-12-23,PIT,PHI,7,3,,nhl-api
nhl,2024/25,2024-12-23,TOR,WPG,2,5,,nhl-api
nhl,2024/25,2024-12-23,UTA,DAL,2,3,,nhl-api
nhl,2024/25,2024-12-23,VAN,SJS,4,3,,nhl-api
nhl,2024/25,2024-12-23,VGK,ANA,3,1,,nhl-api
nhl,2024/25,2024-12-27,BUF,CHI,6,2,,nhl-api
nhl,2024/25,2024-12-27,CBJ,BOS,6,2,,nhl-api
nhl,2024/25,2024-12-27,DAL,MIN,2,3,,nhl-api
nhl,2024/25,2024-12-27,DET,TOR,2,5,,nhl-api
nhl,2024/25,2024-12-27,NJD,CAR,4,2,,nhl-api
nhl,2024/25,2024-12-27,SJS,VGK,3,6,,nhl-api
nhl,2024/25,2024-12-27,STL,NSH,7,4,,nhl-api
nhl,2024/25,2024-12-27,UTA,COL,1,4,,nhl-api
nhl,2024/25,2024-12-28,ANA,PHI,1,3,,nhl-api
nhl,2024/25,2024-12-28,BOS,CBJ,4,0,,nhl-api
nhl,2024/25,2024-12-28,CAR,NJD,5,2,,nhl-api
nhl,2024/25,2024-12-28,FLA,MTL,0,4,,nhl-api
nhl,2024/25,2024-12-28,LAK,EDM,4,3,,nhl-api
nhl,2024/25,2024-12-28,NYI,PIT,6,3,,nhl-api
nhl,2024/25,2024-12-28,SJS,CGY,1,3,,nhl-api
nhl,2024/25,2024-12-28,TBL,NYR,6,2,,nhl-api
nhl,2024/25,2024-12-28,TOR,WSH,2,5,,nhl-api
nhl,2024/25,2024-12-28,VAN,SEA,4,5,,nhl-api
nhl,2024/25,2024-12-28,WPG,OTT,4,2,,nhl-api
nhl,2024/25,2024-12-29,ANA,EDM,5,3,,nhl-api
nhl,2024/25,2024-12-29,CHI,DAL,1,5,,nhl-api
nhl,2024/25,2024-12-29,DET,WSH,4,2,,nhl-api
nhl,2024/25,2024-12-29,LAK,PHI,5,4,,nhl-api
nhl,2024/25,2024-12-29,MIN,OTT,1,3,,nhl-api
nhl,2024/25,2024-12-29,PIT,NYI,3,2,,nhl-api
nhl,2024/25,2024-12-29,STL,BUF,2,4,,nhl-api
nhl,2024/25,2024-12-29,TBL,MTL,2,5,,nhl-api
nhl,2024/25,2024-12-29,VGK,CGY,3,0,,nhl-api
nhl,2024/25,2024-12-30,FLA,NYR,5,3,,nhl-api
nhl,2024/25,2024-12-30,SEA,UTA,5,2,,nhl-api
nhl,2024/25,2024-12-30,WPG,NSH,3,0,,nhl-api
nhl,2024/25,2024-12-31,ANA,NJD,3,2,,nhl-api
nhl,2024/25,2024-12-31,CBJ,CAR,3,3,,nhl-api
nhl,2024/25,2024-12-31,CGY,VAN,3,1,,nhl-api
nhl,2024/25,2024-12-31,CHI,STL,2,6,,nhl-api
nhl,2024/25,2024-12-31,COL,WPG,5,2,,nhl-api
nhl,2024/25,2024-12-31,DAL,BUF,4,2,,nhl-api
nhl,2024/25,2024-12-31,DET,PIT,4,2,,nhl-api
nhl,2024/25,2024-12-31,EDM,UTA,4,1,,nhl-api
nhl,2024/25,2024-12-31,MIN,NSH,5,3,,nhl-api
nhl,2024/25,2024-12-31,SJS,PHI,0,4,,nhl-api
nhl,2024/25,2024-12-31,TOR,NYI,3,1,,nhl-api
nhl,2024/25,2024-12-31,VGK,MTL,2,3,,nhl-api
nhl,2024/25,2024-12-31,WSH,BOS,3,1,,nhl-api
nhl,2024/25,2025-01-01,LAK,NJD,3,0,,nhl-api
nhl,2024/25,2025-01-02,CBJ,DET,4,5,,nhl-api
nhl,2024/25,2025-01-02,CGY,UTA,3,5,,nhl-api
nhl,2024/25,2025-01-02,COL,BUF,6,5,,nhl-api
nhl,2024/25,2025-01-02,DAL,OTT,4,2,,nhl-api
nhl,2024/25,2025-01-02,FLA,CAR,1,3,,nhl-api
nhl,2024/25,2025-01-02,NYI,TOR,1,2,,nhl-api
nhl,2024/25,2025-01-02,NYR,BOS,2,1,,nhl-api
nhl,2024/25,2025-01-02,SEA,VAN,3,3,,nhl-api
nhl,2024/25,2025-01-02,SJS,TBL,2,1,,nhl-api
nhl,2024/25,2025-01-02,VGK,PHI,5,2,,nhl-api
nhl,2024/25,2025-01-02,WPG,ANA,3,4,,nhl-api
nhl,2024/25,2025-01-02,WSH,MIN,3,3,,nhl-api
nhl,2024/25,2025-01-03,CHI,MTL,4,2,,nhl-api
nhl,2024/25,2025-01-03,EDM,ANA,3,2,,nhl-api
nhl,2024/25,2025-01-03,FLA,PIT,2,2,,nhl-api
nhl,2024/25,2025-01-03,STL,OTT,4,0,,nhl-api
nhl,2024/25,2025-01-03,VAN,NSH,0,3,,nhl-api
nhl,2024/25,2025-01-04,CAR,MIN,0,4,,nhl-api
nhl,2024/25,2025-01-04,CBJ,STL,6,4,,nhl-api
nhl,2024/25,2025-01-04,CGY,NSH,1,4,,nhl-api
nhl,2024/25,2025-01-04,COL,MTL,1,1,,nhl-api
nhl,2024/25,2025-01-04,DAL,UTA,3,2,,nhl-api
nhl,2024/25,2025-01-04,LAK,TBL,2,1,,nhl-api
nhl,2024/25,2025-01-04,SEA,EDM,2,4,,nhl-api
nhl,2024/25,2025-01-04,SJS,NJD,3,2,,nhl-api
nhl,2024/25,2025-01-04,TOR,BOS,6,4,,nhl-api
nhl,2024/25,2025-01-04,VGK,BUF,3,1,,nhl-api
nhl,2024/25,2025-01-04,WPG,DET,2,4,,nhl-api
nhl,2024/25,2025-01-04,WSH,NYR,7,4,,nhl-api
nhl,2024/25,2025-01-05,ANA,TBL,4,1,,nhl-api
nhl,2024/25,2025-01-05,BOS,NYI,4,5,,nhl-api
nhl,2024/25,2025-01-05,CAR,PIT,4,3,,nhl-api
nhl,2024/25,2025-01-05,CHI,NYR,2,6,,nhl-api
nhl,2024/25,2025-01-05,TOR,PHI,3,2,,nhl-api
nhl,2024/25,2025-01-06,BUF,WSH,3,3,,nhl-api
nhl,2024/25,2025-01-06,COL,FLA,3,1,,nhl-api
nhl,2024/25,2025-01-06,MTL,VAN,5,4,,nhl-api
nhl,2024/25,2025-01-06,SEA,NJD,2,3,,nhl-api
nhl,2024/25,2025-01-07,ANA,CGY,2,3,,nhl-api
nhl,2024/25,2025-01-07,BOS,EDM,0,4,,nhl-api
nhl,2024/25,2025-01-07,DET,OTT,3,2,,nhl-api
nhl,2024/25,2025-01-07,MIN,STL,6,4,,nhl-api
nhl,2024/25,2025-01-07,NYR,DAL,4,5,,nhl-api
nhl,2024/25,2025-01-07,PHI,TOR,2,3,,nhl-api
nhl,2024/25,2025-01-07,PIT,CBJ,3,3,,nhl-api
nhl,2024/25,2025-01-07,SJS,VGK,2,4,,nhl-api
nhl,2024/25,2025-01-07,TBL,CAR,3,2,,nhl-api
nhl,2024/25,2025-01-07,WPG,NSH,5,2,,nhl-api
nhl,2024/25,2025-01-08,CHI,COL,3,1,,nhl-api
nhl,2024/25,2025-01-08,UTA,FLA,1,4,,nhl-api
nhl,2024/25,2025-01-08,WSH,VAN,2,1,,nhl-api
nhl,2024/25,2025-01-09,CAR,TOR,6,3,,nhl-api
nhl,2024/25,2025-01-09,CBJ,SEA,6,2,,nhl-api
nhl,2024/25,2025-01-09,MIN,COL,1,6,,nhl-api
nhl,2024/25,2025-01-09,NYR,NJD,3,2,,nhl-api
nhl,2024/25,2025-01-09,OTT,BUF,0,4,,nhl-api
nhl,2024/25,2025-01-09,PHI,DAL,1,4,,nhl-api
nhl,2024/25,2025-01-09,PIT,EDM,5,3,,nhl-api
nhl,2024/25,2025-01-09,STL,ANA,6,2,,nhl-api
nhl,2024/25,2025-01-09,TBL,BOS,4,1,,nhl-api
nhl,2024/25,2025-01-09,VGK,NYI,0,4,,nhl-api
nhl,2024/25,2025-01-10,CAR,VAN,2,0,,nhl-api
nhl,2024/25,2025-01-10,DET,CHI,5,3,,nhl-api
nhl,2024/25,2025-01-10,UTA,SJS,2,1,,nhl-api
nhl,2024/25,2025-01-10,WPG,LAK,1,2,,nhl-api
nhl,2024/25,2025-01-10,WSH,MTL,2,3,,nhl-api
nhl,2024/25,2025-01-11,BUF,SEA,2,6,,nhl-api
nhl,2024/25,2025-01-11,CGY,LAK,2,1,,nhl-api
nhl,2024/25,2025-01-11,CHI,EDM,3,4,,nhl-api
nhl,2024/25,2025-01-11,FLA,BOS,3,4,,nhl-api
nhl,2024/25,2025-01-11,MTL,DAL,1,1,,nhl-api
nhl,2024/25,2025-01-11,NJD,TBL,3,2,,nhl-api
nhl,2024/25,2025-01-11,NSH,WSH,1,4,,nhl-api
nhl,2024/25,2025-01-11,PHI,ANA,6,0,,nhl-api
nhl,2024/25,2025-01-11,PIT,OTT,0,5,,nhl-api
nhl,2024/25,2025-01-11,SJS,MIN,1,3,,nhl-api
nhl,2024/25,2025-01-11,STL,CBJ,1,2,,nhl-api
nhl,2024/25,2025-01-11,TOR,VAN,0,3,,nhl-api
nhl,2024/25,2025-01-11,UTA,NYI,1,2,,nhl-api
nhl,2024/25,2025-01-11,VGK,NYR,1,2,,nhl-api
nhl,2024/25,2025-01-11,WPG,COL,3,0,,nhl-api
nhl,2024/25,2025-01-12,CAR,ANA,2,3,,nhl-api
nhl,2024/25,2025-01-12,DET,SEA,6,2,,nhl-api
nhl,2024/25,2025-01-12,OTT,DAL,3,2,,nhl-api
nhl,2024/25,2025-01-12,PIT,TBL,2,5,,nhl-api
nhl,2024/25,2025-01-12,VGK,MIN,4,1,,nhl-api
nhl,2024/25,2025-01-13,CHI,CGY,2,5,,nhl-api
nhl,2024/25,2025-01-13,EDM,LAK,1,0,,nhl-api
nhl,2024/25,2025-01-13,PHI,FLA,4,3,,nhl-api
nhl,2024/25,2025-01-14,BOS,TBL,6,2,,nhl-api
nhl,2024/25,2025-01-14,CBJ,PHI,2,2,,nhl-api
nhl,2024/25,2025-01-14,COL,NYR,3,2,,nhl-api
nhl,2024/25,2025-01-14,DET,SJS,3,6,,nhl-api
nhl,2024/25,2025-01-14,NJD,FLA,1,1,,nhl-api
nhl,2024/25,2025-01-14,NSH,VGK,5,3,,nhl-api
nhl,2024/25,2025-01-14,NYI,OTT,0,2,,nhl-api
nhl,2024/25,2025-01-14,PIT,SEA,2,4,,nhl-api
nhl,2024/25,2025-01-14,STL,CGY,2,1,,nhl-api
nhl,2024/25,2025-01-14,TOR,DAL,1,4,,nhl-api
nhl,2024/25,2025-01-14,UTA,MTL,3,5,,nhl-api
nhl,2024/25,2025-01-14,WPG,VAN,6,1,,nhl-api
nhl,2024/25,2025-01-14,WSH,ANA,3,0,,nhl-api
nhl,2024/25,2025-01-15,BUF,CAR,4,2,,nhl-api
nhl,2024/25,2025-01-15,MIN,EDM,3,5,,nhl-api
nhl,2024/25,2025-01-16,CBJ,SJS,4,1,,nhl-api
nhl,2024/25,2025-01-16,COL,EDM,3,4,,nhl-api
nhl,2024/25,2025-01-16,DAL,MTL,1,3,,nhl-api
nhl,2024/25,2025-01-16,FLA,DET,2,5,,nhl-api
nhl,2024/25,2025-01-16,NSH,CHI,2,2,,nhl-api
nhl,2024/25,2025-01-16,NYI,PHI,3,5,,nhl-api
nhl,2024/25,2025-01-16,OTT,WSH,0,1,,nhl-api
nhl,2024/25,2025-01-16,STL,CGY,4,1,,nhl-api
nhl,2024/25,2025-01-16,TBL,ANA,3,3,,nhl-api
nhl,2024/25,2025-01-16,TOR,NJD,4,3,,nhl-api
nhl,2024/25,2025-01-16,UTA,NYR,3,5,,nhl-api
nhl,2024/25,2025-01-16,VAN,LAK,1,5,,nhl-api
nhl,2024/25,2025-01-16,WPG,SEA,2,1,,nhl-api
nhl,2024/25,2025-01-17,BUF,PIT,2,5,,nhl-api
nhl,2024/25,2025-01-17,CAR,VGK,3,2,,nhl-api
nhl,2024/25,2025-01-18,CHI,VGK,5,3,,nhl-api
nhl,2024/25,2025-01-18,COL,DAL,6,3,,nhl-api
nhl,2024/25,2025-01-18,FLA,ANA,3,0,,nhl-api
nhl,2024/25,2025-01-18,MTL,TOR,3,7,,nhl-api
nhl,2024/25,2025-01-18,NJD,PHI,1,3,,nhl-api
nhl,2024/25,2025-01-18,NSH,MIN,6,2,,nhl-api
nhl,2024/25,2025-01-18,NYI,SJS,4,1,,nhl-api
nhl,2024/25,2025-01-18,NYR,CBJ,0,0,,nhl-api
nhl,2024/25,2025-01-18,OTT,BOS,5,5,,nhl-api
nhl,2024/25,2025-01-18,SEA,LAK,4,2,,nhl-api
nhl,2024/25,2025-01-18,TBL,DET,5,1,,nhl-api
nhl,2024/25,2025-01-18,UTA,STL,4,2,,nhl-api
nhl,2024/25,2025-01-18,VAN,EDM,3,2,,nhl-api
nhl,2024/25,2025-01-18,WPG,CGY,1,3,,nhl-api
nhl,2024/25,2025-01-18,WSH,PIT,4,1,,nhl-api
nhl,2024/25,2025-01-19,DAL,DET,4,1,,nhl-api
nhl,2024/25,2025-01-19,MTL,NYR,5,4,,nhl-api
nhl,2024/25,2025-01-19,NJD,OTT,1,2,,nhl-api
nhl,2024/25,2025-01-20,BOS,SJS,6,3,,nhl-api
nhl,2024/25,2025-01-20,CHI,CAR,3,4,,nhl-api
nhl,2024/25,2025-01-20,COL,MIN,1,3,,nhl-api
nhl,2024/25,2025-01-20,LAK,PIT,1,5,,nhl-api
nhl,2024/25,2025-01-20,NYI,CBJ,3,1,,nhl-api
nhl,2024/25,2025-01-20,SEA,BUF,6,4,,nhl-api
nhl,2024/25,2025-01-20,TOR,TBL,5,3,,nhl-api
nhl,2024/25,2025-01-20,UTA,WPG,5,2,,nhl-api
nhl,2024/25,2025-01-20,VGK,STL,4,4,,nhl-api
nhl,2024/25,2025-01-21,ANA,FLA,2,5,,nhl-api
nhl,2024/25,2025-01-21,DAL,CAR,1,2,,nhl-api
nhl,2024/25,2025-01-21,EDM,WSH,2,3,,nhl-api
nhl,2024/25,2025-01-21,MTL,TBL,3,2,,nhl-api
nhl,2024/25,2025-01-21,NSH,SJS,7,5,,nhl-api
nhl,2024/25,2025-01-21,NYR,OTT,5,0,,nhl-api
nhl,2024/25,2025-01-21,PHI,DET,2,1,,nhl-api
nhl,2024/25,2025-01-21,VAN,BUF,2,3,,nhl-api
nhl,2024/25,2025-01-22,COL,WPG,2,3,,nhl-api
nhl,2024/25,2025-01-22,LAK,FLA,2,1,,nhl-api
nhl,2024/25,2025-01-22,NJD,BOS,5,1,,nhl-api
nhl,2024/25,2025-01-22,TOR,CBJ,1,5,,nhl-api
nhl,2024/25,2025-01-23,ANA,PIT,5,1,,nhl-api
nhl,2024/25,2025-01-23,BOS,OTT,2,0,,nhl-api
nhl,2024/25,2025-01-23,CAR,CBJ,7,4,,nhl-api
nhl,2024/25,2025-01-23,CGY,BUF,5,2,,nhl-api
nhl,2024/25,2025-01-23,DET,MTL,4,2,,nhl-api
nhl,2024/25,2025-01-23,EDM,VAN,6,2,,nhl-api
nhl,2024/25,2025-01-23,MIN,UTA,0,4,,nhl-api
nhl,2024/25,2025-01-23,NYR,PHI,6,1,,nhl-api
nhl,2024/25,2025-01-23,SEA,WSH,0,3,,nhl-api
nhl,2024/25,2025-01-23,SJS,NSH,5,6,,nhl-api
nhl,2024/25,2025-01-23,STL,VGK,2,4,,nhl-api
nhl,2024/25,2025-01-24,CHI,TBL,3,4,,nhl-api
nhl,2024/25,2025-01-24,DAL,VGK,4,3,,nhl-api
nhl,2024/25,2025-01-24,NYI,PHI,3,1,,nhl-api
nhl,2024/25,2025-01-24,WPG,UTA,5,2,,nhl-api
nhl,2024/25,2025-01-25,ANA,NSH,5,2,,nhl-api
nhl,2024/25,2025-01-25,BOS,COL,3,1,,nhl-api
nhl,2024/25,2025-01-25,CBJ,LAK,3,2,,nhl-api
nhl,2024/25,2025-01-25,DET,TBL,2,0,,nhl-api
nhl,2024/25,2025-01-25,EDM,BUF,3,2,,nhl-api
nhl,2024/25,2025-01-25,MIN,CGY,4,5,,nhl-api
nhl,2024/25,2025-01-25,MTL,NJD,3,4,,nhl-api
nhl,2024/25,2025-01-25,NYI,CAR,3,2,,nhl-api
nhl,2024/25,2025-01-25,OTT,TOR,2,1,,nhl-api
nhl,2024/25,2025-01-25,SEA,PIT,4,1,,nhl-api
nhl,2024/25,2025-01-25,SJS,FLA,2,7,,nhl-api
nhl,2024/25,2025-01-25,STL,DAL,0,2,,nhl-api
nhl,2024/25,2025-01-25,VAN,WSH,2,1,,nhl-api
nhl,2024/25,2025-01-26,CHI,MIN,2,4,,nhl-api
nhl,2024/25,2025-01-26,NYR,COL,4,5,,nhl-api
nhl,2024/25,2025-01-26,OTT,UTA,3,1,,nhl-api
nhl,2024/25,2025-01-26,VGK,FLA,4,1,,nhl-api
nhl,2024/25,2025-01-26,WPG,CGY,5,2,,nhl-api
nhl,2024/25,2025-01-27,DET,LAK,5,2,,nhl-api
nhl,2024/25,2025-01-27,EDM,SEA,4,2,,nhl-api
nhl,2024/25,2025-01-27,PHI,NJD,4,2,,nhl-api
nhl,2024/25,2025-01-27,SJS,PIT,2,1,,nhl-api
nhl,2024/25,2025-01-27,STL,VAN,2,5,,nhl-api
nhl,2024/25,2025-01-28,BUF,BOS,7,2,,nhl-api
nhl,2024/25,2025-01-28,CGY,WSH,1,3,,nhl-api
nhl,2024/25,2025-01-28,MTL,WPG,1,4,,nhl-api
nhl,2024/25,2025-01-28,NYI,COL,5,2,,nhl-api
nhl,2024/25,2025-01-28,NYR,CAR,0,4,,nhl-api
nhl,2024/25,2025-01-28,SEA,ANA,4,6,,nhl-api
nhl,2024/25,2025-01-28,TBL,CHI,1,4,,nhl-api
nhl,2024/25,2025-01-28,VGK,DAL,3,4,,nhl-api
nhl,2024/25,2025-01-29,FLA,LAK,3,0,,nhl-api
nhl,2024/25,2025-01-29,NJD,PHI,5,0,,nhl-api
nhl,2024/25,2025-01-29,NSH,VAN,1,3,,nhl-api
nhl,2024/25,2025-01-29,TOR,MIN,1,3,,nhl-api
nhl,2024/25,2025-01-29,UTA,PIT,2,3,,nhl-api
nhl,2024/25,2025-01-30,BOS,WPG,2,6,,nhl-api
nhl,2024/25,2025-01-30,CAR,CHI,3,2,,nhl-api
nhl,2024/25,2025-01-30,CGY,ANA,4,1,,nhl-api
nhl,2024/25,2025-01-30,EDM,DET,2,2,,nhl-api
nhl,2024/25,2025-01-30,MTL,MIN,0,4,,nhl-api
nhl,2024/25,2025-01-30,OTT,WSH,5,4,,nhl-api
nhl,2024/25,2025-01-30,PHI,NYI,0,3,,nhl-api
nhl,2024/25,2025-01-30,SEA,SJS,6,2,,nhl-api
nhl,2024/25,2025-01-30,TBL,LAK,3,0,,nhl-api
nhl,2024/25,2025-01-30,VGK,CBJ,1,2,,nhl-api
nhl,2024/25,2025-01-31,BUF,NSH,4,3,,nhl-api
nhl,2024/25,2025-01-31,COL,STL,5,0,,nhl-api
nhl,2024/25,2025-01-31,DAL,VAN,5,3,,nhl-api
nhl,2024/25,2025-01-31,UTA,CBJ,2,3,,nhl-api
nhl,2024/25,2025-02-01,BOS,NYR,6,3,,nhl-api
nhl,2024/25,2025-02-01,CAR,LAK,2,4,,nhl-api
nhl,2024/25,2025-02-01,CGY,DET,1,3,,nhl-api
nhl,2024/25,2025-02-01,EDM,TOR,3,4,,nhl-api
nhl,2024/25,2025-02-01,FLA,CHI,5,1,,nhl-api
nhl,2024/25,2025-02-01,OTT,MIN,6,0,,nhl-api
nhl,2024/25,2025-02-01,PIT,NSH,3,0,,nhl-api
nhl,2024/25,2025-02-01,TBL,NYI,2,3,,nhl-api
nhl,2024/25,2025-02-01,WSH,WPG,4,5,,nhl-api
nhl,2024/25,2025-02-02,ANA,MTL,3,2,,nhl-api
nhl,2024/25,2025-02-02,BUF,NJD,4,3,,nhl-api
nhl,2024/25,2025-02-02,COL,PHI,2,0,,nhl-api
nhl,2024/25,2025-02-02,DAL,CBJ,5,3,,nhl-api
nhl,2024/25,2025-02-02,FLA,NYI,6,3,,nhl-api
nhl,2024/25,2025-02-02,NYR,VGK,4,2,,nhl-api
nhl,2024/25,2025-02-02,SEA,CGY,2,3,,nhl-api
nhl,2024/25,2025-02-02,UTA,STL,1,2,,nhl-api
nhl,2024/25,2025-02-02,VAN,DET,2,3,,nhl-api
nhl,2024/25,2025-02-03,NSH,OTT,2,5,,nhl-api
nhl,2024/25,2025-02-04,ANA,DAL,2,1,,nhl-api
nhl,2024/25,2025-02-04,BOS,MIN,3,0,,nhl-api
nhl,2024/25,2025-02-04,BUF,CBJ,3,2,,nhl-api
nhl,2024/25,2025-02-04,CGY,TOR,3,6,,nhl-api
nhl,2024/25,2025-02-04,NYI,VGK,2,1,,nhl-api
nhl,2024/25,2025-02-04,PIT,NJD,2,2,,nhl-api
nhl,2024/25,2025-02-04,SEA,DET,4,4,,nhl-api
nhl,2024/25,2025-02-04,SJS,MTL,3,4,,nhl-api
nhl,2024/25,2025-02-04,STL,EDM,2,3,,nhl-api
nhl,2024/25,2025-02-04,TBL,OTT,4,3,,nhl-api
nhl,2024/25,2025-02-04,UTA,PHI,3,2,,nhl-api
nhl,2024/25,2025-02-04,VAN,COL,3,0,,nhl-api
nhl,2024/25,2025-02-04,WPG,CAR,3,0,,nhl-api
nhl,2024/25,2025-02-04,WSH,FLA,6,3,,nhl-api
nhl,2024/25,2025-02-05,CHI,EDM,3,4,,nhl-api
nhl,2024/25,2025-02-05,LAK,MTL,6,3,,nhl-api
nhl,2024/25,2025-02-05,NYR,BOS,3,2,,nhl-api
nhl,2024/25,2025-02-06,CBJ,UTA,2,3,,nhl-api
nhl,2024/25,2025-02-06,CGY,COL,2,4,,nhl-api
nhl,2024/25,2025-02-06,MIN,CAR,2,1,,nhl-api
nhl,2024/25,2025-02-06,NJD,VGK,1,3,,nhl-api
nhl,2024/25,2025-02-06,PHI,WSH,3,4,,nhl-api
nhl,2024/25,2025-02-06,SEA,TOR,1,3,,nhl-api
nhl,2024/25,2025-02-06,SJS,VAN,1,2,,nhl-api
nhl,2024/25,2025-02-06,STL,FLA,2,3,,nhl-api
nhl,2024/25,2025-02-06,TBL,OTT,5,1,,nhl-api
nhl,2024/25,2025-02-07,CHI,NSH,6,2,,nhl-api
nhl,2024/25,2025-02-07,EDM,COL,4,5,,nhl-api
nhl,2024/25,2025-02-07,LAK,DAL,4,4,,nhl-api
nhl,2024/25,2025-02-07,NYR,PIT,2,3,,nhl-api
nhl,2024/25,2025-02-07,WPG,NYI,4,3,,nhl-api
nhl,2024/25,2025-02-08,BOS,VGK,3,4,,nhl-api
nhl,2024/25,2025-02-08,CAR,UTA,7,3,,nhl-api
nhl,2024/25,2025-02-08,CBJ,NYR,3,4,,nhl-api
nhl,2024/25,2025-02-08,CGY,SEA,2,3,,nhl-api
nhl,2024/25,2025-02-08,DET,TBL,3,6,,nhl-api
nhl,2024/25,2025-02-08,FLA,OTT,5,1,,nhl-api
nhl,2024/25,2025-02-08,LAK,ANA,1,1,,nhl-api
nhl,2024/25,2025-02-08,MIN,NYI,6,3,,nhl-api
nhl,2024/25,2025-02-08,MTL,NJD,0,4,,nhl-api
nhl,2024/25,2025-02-08,NSH,BUF,6,4,,nhl-api
nhl,2024/25,2025-02-08,PHI,PIT,3,2,,nhl-api
nhl,2024/25,2025-02-08,SJS,DAL,3,8,,nhl-api
nhl,2024/25,2025-02-08,STL,CHI,5,5,,nhl-api
nhl,2024/25,2025-02-08,VAN,TOR,2,1,,nhl-api
nhl,2024/25,2025-02-09,MTL,TBL,3,5,,nhl-api
nhl,2024/25,2025-02-09,WSH,UTA,4,4,,nhl-api
nhl,2024/25,2025-02-22,BOS,ANA,2,3,,nhl-api
nhl,2024/25,2025-02-22,BUF,NYR,8,2,,nhl-api
nhl,2024/25,2025-02-22,CBJ,CHI,5,1,,nhl-api
nhl,2024/25,2025-02-22,DET,MIN,3,4,,nhl-api
nhl,2024/25,2025-02-22,FLA,SEA,1,2,,nhl-api
nhl,2024/25,2025-02-22,LAK,UTA,5,3,,nhl-api
nhl,2024/25,2025-02-22,NJD,DAL,2,4,,nhl-api
nhl,2024/25,2025-02-22,NSH,COL,2,1,,nhl-api
nhl,2024/25,2025-02-22,OTT,MTL,2,5,,nhl-api
nhl,2024/25,2025-02-22,PHI,EDM,6,3,,nhl-api
nhl,2024/25,2025-02-22,PIT,WSH,3,8,,nhl-api
nhl,2024/25,2025-02-22,STL,WPG,3,3,,nhl-api
nhl,2024/25,2025-02-22,TOR,CAR,6,3,,nhl-api
nhl,2024/25,2025-02-22,VGK,VAN,3,1,,nhl-api
nhl,2024/25,2025-02-23,CGY,SJS,3,2,,nhl-api
nhl,2024/25,2025-02-23,CHI,TOR,2,5,,nhl-api
nhl,2024/25,2025-02-23,DET,ANA,5,4,,nhl-api
nhl,2024/25,2025-02-23,NSH,NJD,0,5,,nhl-api
nhl,2024/25,2025-02-23,NYI,DAL,3,4,,nhl-api
nhl,2024/25,2025-02-23,PIT,NYR,3,5,,nhl-api
nhl,2024/25,2025-02-23,STL,COL,3,1,,nhl-api
nhl,2024/25,2025-02-23,TBL,SEA,4,1,,nhl-api
nhl,2024/25,2025-02-23,UTA,VAN,2,1,,nhl-api
nhl,2024/25,2025-02-23,WSH,EDM,7,3,,nhl-api
nhl,2024/25,2025-02-24,LAK,VGK,5,2,,nhl-api
nhl,2024/25,2025-02-24,WPG,SJS,2,1,,nhl-api
nhl,2024/25,2025-02-25,BOS,TOR,4,5,,nhl-api
nhl,2024/25,2025-02-25,BUF,ANA,3,2,,nhl-api
nhl,2024/25,2025-02-25,CBJ,DAL,6,4,,nhl-api
nhl,2024/25,2025-02-25,MIN,DET,2,3,,nhl-api
nhl,2024/25,2025-02-25,MTL,CAR,4,0,,nhl-api
nhl,2024/25,2025-02-25,NSH,FLA,1,4,,nhl-api
nhl,2024/25,2025-02-25,NYI,NYR,1,5,,nhl-api
nhl,2024/25,2025-02-25,PHI,PIT,6,1,,nhl-api
nhl,2024/25,2025-02-25,STL,SEA,7,2,,nhl-api
nhl,2024/25,2025-02-25,TBL,EDM,4,1,,nhl-api
nhl,2024/25,2025-02-25,UTA,CHI,2,1,,nhl-api
nhl,2024/25,2025-02-25,WSH,CGY,1,3,,nhl-api
nhl,2024/25,2025-02-26,COL,NJD,5,1,,nhl-api
nhl,2024/25,2025-02-26,LAK,VAN,2,3,,nhl-api
nhl,2024/25,2025-02-26,OTT,WPG,1,4,,nhl-api
nhl,2024/25,2025-02-27,ANA,VAN,5,2,,nhl-api
nhl,2024/25,2025-02-27,BOS,NYI,1,2,,nhl-api
nhl,2024/25,2025-02-27,CAR,BUF,5,2,,nhl-api
nhl,2024/25,2025-02-27,DET,CBJ,2,5,,nhl-api
nhl,2024/25,2025-02-27,FLA,EDM,4,3,,nhl-api
nhl,2024/25,2025-02-27,MTL,SJS,4,3,,nhl-api
nhl,2024/25,2025-02-27,NSH,WPG,2,1,,nhl-api
nhl,2024/25,2025-02-27,PIT,PHI,5,4,,nhl-api
nhl,2024/25,2025-02-27,TBL,CGY,3,0,,nhl-api
nhl,2024/25,2025-02-27,UTA,MIN,6,1,,nhl-api
nhl,2024/25,2025-02-27,VGK,CHI,7,5,,nhl-api
nhl,2024/25,2025-02-27,WSH,STL,2,5,,nhl-api
nhl,2024/25,2025-02-28,COL,MIN,5,2,,nhl-api
nhl,2024/25,2025-02-28,DAL,LAK,6,2,,nhl-api
nhl,2024/25,2025-02-28,NYR,TOR,2,3,,nhl-api
nhl,2024/25,2025-03-01,ANA,CHI,3,6,,nhl-api
nhl,2024/25,2025-03-01,BUF,MTL,2,4,,nhl-api
nhl,2024/25,2025-03-01,CAR,EDM,1,3,,nhl-api
nhl,2024/25,2025-03-01,CBJ,DET,5,3,,nhl-api
nhl,2024/25,2025-03-01,FLA,CGY,3,0,,nhl-api
nhl,2024/25,2025-03-01,NYI,NSH,7,4,,nhl-api
nhl,2024/25,2025-03-01,OTT,SJS,5,3,,nhl-api
nhl,2024/25,2025-03-01,PIT,BOS,2,3,,nhl-api
nhl,2024/25,2025-03-01,SEA,VAN,6,3,,nhl-api
nhl,2024/25,2025-03-01,STL,LAK,4,1,,nhl-api
nhl,2024/25,2025-03-01,UTA,NJD,1,3,,nhl-api
nhl,2024/25,2025-03-01,WPG,PHI,1,1,,nhl-api
nhl,2024/25,2025-03-01,WSH,TBL,1,3,,nhl-api
nhl,2024/25,2025-03-02,CAR,CGY,2,1,,nhl-api
nhl,2024/25,2025-03-02,DAL,STL,6,3,,nhl-api
nhl,2024/25,2025-03-02,MIN,BOS,1,0,,nhl-api
nhl,2024/25,2025-03-02,NYR,NSH,4,0,,nhl-api
nhl,2024/25,2025-03-02,PIT,TOR,5,6,,nhl-api
nhl,2024/25,2025-03-02,VGK,NJD,2,0,,nhl-api
nhl,2024/25,2025-03-03,CHI,LAK,5,1,,nhl-api
nhl,2024/25,2025-03-03,FLA,TBL,2,1,,nhl-api
nhl,2024/25,2025-03-03,MTL,BUF,4,3,,nhl-api
nhl,2024/25,2025-03-03,NYR,NYI,4,0,,nhl-api
nhl,2024/25,2025-03-03,TOR,SJS,2,2,,nhl-api
nhl,2024/25,2025-03-03,WSH,OTT,4,4,,nhl-api
nhl,2024/25,2025-03-04,BOS,NSH,3,6,,nhl-api
nhl,2024/25,2025-03-04,BUF,SJS,2,6,,nhl-api
nhl,2024/25,2025-03-04,COL,PIT,4,1,,nhl-api
nhl,2024/25,2025-03-04,DAL,NJD,4,3,,nhl-api
nhl,2024/25,2025-03-04,DET,CAR,1,2,,nhl-api
nhl,2024/25,2025-03-04,EDM,ANA,2,6,,nhl-api
nhl,2024/25,2025-03-04,NYI,WPG,3,2,,nhl-api
nhl,2024/25,2025-03-04,PHI,CGY,3,6,,nhl-api
nhl,2024/25,2025-03-04,SEA,MIN,3,4,,nhl-api
nhl,2024/25,2025-03-04,TBL,CBJ,6,2,,nhl-api
nhl,2024/25,2025-03-05,CHI,OTT,3,4,,nhl-api
nhl,2024/25,2025-03-05,LAK,STL,2,2,,nhl-api
nhl,2024/25,2025-03-05,NYR,WSH,2,3,,nhl-api
nhl,2024/25,2025-03-05,VAN,ANA,3,2,,nhl-api
nhl,2024/25,2025-03-05,VGK,TOR,5,2,,nhl-api
nhl,2024/25,2025-03-06,CAR,BOS,3,2,,nhl-api
nhl,2024/25,2025-03-06,COL,SJS,7,3,,nhl-api
nhl,2024/25,2025-03-06,DAL,CGY,3,2,,nhl-api
nhl,2024/25,2025-03-06,DET,UTA,2,4,,nhl-api
nhl,2024/25,2025-03-06,EDM,MTL,3,2,,nhl-api
nhl,2024/25,2025-03-06,FLA,CBJ,3,0,,nhl-api
nhl,2024/25,2025-03-06,NSH,SEA,5,3,,nhl-api
nhl,2024/25,2025-03-06,PHI,WPG,1,4,,nhl-api
nhl,2024/25,2025-03-06,TBL,BUF,6,5,,nhl-api
nhl,2024/25,2025-03-07,ANA,STL,3,4,,nhl-api
nhl,2024/25,2025-03-07,CHI,UTA,4,3,,nhl-api
nhl,2024/25,2025-03-07,NJD,WPG,1,6,,nhl-api
nhl,2024/25,2025-03-07,VAN,MIN,3,1,,nhl-api
nhl,2024/25,2025-03-07,VGK,PIT,4,0,,nhl-api
nhl,2024/25,2025-03-07,WSH,DET,5,2,,nhl-api
nhl,2024/25,2025-03-08,CGY,MTL,1,0,,nhl-api
nhl,2024/25,2025-03-08,COL,TOR,7,4,,nhl-api
nhl,2024/25,2025-03-08,EDM,DAL,5,4,,nhl-api
nhl,2024/25,2025-03-08,FLA,BUF,4,0,,nhl-api
nhl,2024/25,2025-03-08,LAK,STL,2,1,,nhl-api
nhl,2024/25,2025-03-08,NSH,CHI,3,2,,nhl-api
nhl,2024/25,2025-03-08,OTT,NYR,4,3,,nhl-api
nhl,2024/25,2025-03-08,PHI,SEA,1,4,,nhl-api
nhl,2024/25,2025-03-08,SJS,NYI,2,4,,nhl-api
nhl,2024/25,2025-03-08,TBL,BOS,0,4,,nhl-api
nhl,2024/25,2025-03-09,ANA,NYI,4,1,,nhl-api
nhl,2024/25,2025-03-09,CAR,WPG,4,2,,nhl-api
nhl,2024/25,2025-03-09,MIN,PIT,1,3,,nhl-api
nhl,2024/25,2025-03-09,NYR,CBJ,3,7,,nhl-api
nhl,2024/25,2025-03-09,PHI,NJD,1,3,,nhl-api
nhl,2024/25,2025-03-09,VAN,DAL,1,4,,nhl-api
nhl,2024/25,2025-03-09,VGK,LAK,5,6,,nhl-api
nhl,2024/25,2025-03-09,WSH,SEA,4,2,,nhl-api
nhl,2024/25,2025-03-10,BUF,EDM,3,2,,nhl-api
nhl,2024/25,2025-03-10,COL,CHI,3,0,,nhl-api
nhl,2024/25,2025-03-10,OTT,DET,2,1,,nhl-api
nhl,2024/25,2025-03-10,UTA,TOR,3,3,,nhl-api
nhl,2024/25,2025-03-11,ANA,WSH,4,7,,nhl-api
nhl,2024/25,2025-03-11,BOS,FLA,3,2,,nhl-api
nhl,2024/25,2025-03-11,CAR,TBL,4,1,,nhl-api
nhl,2024/25,2025-03-11,LAK,NYI,4,1,,nhl-api
nhl,2024/25,2025-03-11,MIN,COL,1,1,,nhl-api
nhl,2024/25,2025-03-11,NJD,CBJ,5,3,,nhl-api
nhl,2024/25,2025-03-11,PHI,OTT,2,5,,nhl-api
nhl,2024/25,2025-03-11,PIT,VGK,3,2,,nhl-api
nhl,2024/25,2025-03-11,SJS,NSH,2,3,,nhl-api
nhl,2024/25,2025-03-11,VAN,MTL,2,4,,nhl-api
nhl,2024/25,2025-03-11,WPG,NYR,2,1,,nhl-api
nhl,2024/25,2025-03-12,CGY,VAN,3,3,,nhl-api
nhl,2024/25,2025-03-12,DET,BUF,7,3,,nhl-api
nhl,2024/25,2025-03-12,SEA,MTL,5,4,,nhl-api
nhl,2024/25,2025-03-12,UTA,ANA,3,2,,nhl-api
nhl,2024/25,2025-03-13,CBJ,VGK,0,4,,nhl-api
nhl,2024/25,2025-03-13,LAK,WSH,3,0,,nhl-api
nhl,2024/25,2025-03-13,MIN,NYR,2,3,,nhl-api
nhl,2024/25,2025-03-13,NJD,EDM,3,2,,nhl-api
nhl,2024/25,2025-03-13,OTT,BOS,6,3,,nhl-api
nhl,2024/25,2025-03-13,PHI,TBL,3,3,,nhl-api
nhl,2024/25,2025-03-13,PIT,STL,5,3,,nhl-api
nhl,2024/25,2025-03-13,SJS,CHI,4,2,,nhl-api
nhl,2024/25,2025-03-13,TOR,FLA,2,3,,nhl-api
nhl,2024/25,2025-03-14,ANA,NSH,2,1,,nhl-api
nhl,2024/25,2025-03-14,CAR,DET,4,2,,nhl-api
nhl,2024/25,2025-03-14,CGY,COL,2,4,,nhl-api
nhl,2024/25,2025-03-14,NYI,EDM,1,2,,nhl-api
nhl,2024/25,2025-03-14,SEA,UTA,4,2,,nhl-api
nhl,2024/25,2025-03-14,WPG,DAL,4,1,,nhl-api
nhl,2024/25,2025-03-15,BOS,TBL,2,6,,nhl-api
nhl,2024/25,2025-03-15,BUF,VGK,3,3,,nhl-api
nhl,2024/25,2025-03-15,CBJ,NYR,0,4,,nhl-api
nhl,2024/25,2025-03-15,LAK,NSH,1,0,,nhl-api
nhl,2024/25,2025-03-15,MIN,STL,1,5,,nhl-api
nhl,2024/25,2025-03-15,MTL,FLA,3,1,,nhl-api
nhl,2024/25,2025-03-15,PHI,CAR,0,5,,nhl-api
nhl,2024/25,2025-03-15,PIT,NJD,7,3,,nhl-api
nhl,2024/25,2025-03-15,SJS,WSH,1,5,,nhl-api
nhl,2024/25,2025-03-15,TOR,OTT,2,4,,nhl-api
nhl,2024/25,2025-03-15,VAN,CHI,6,2,,nhl-api
nhl,2024/25,2025-03-16,COL,DAL,4,3,,nhl-api
nhl,2024/25,2025-03-16,DET,VGK,3,0,,nhl-api
nhl,2024/25,2025-03-16,NYI,FLA,4,2,,nhl-api
nhl,2024/25,2025-03-16,NYR,EDM,1,3,,nhl-api
nhl,2024/25,2025-03-16,SEA,WPG,2,3,,nhl-api
nhl,2024/25,2025-03-16,STL,ANA,7,2,,nhl-api
nhl,2024/25,2025-03-16,VAN,UTA,1,3,,nhl-api
nhl,2024/25,2025-03-17,BOS,BUF,2,3,,nhl-api
nhl,2024/25,2025-03-17,CBJ,NJD,1,2,,nhl-api
nhl,2024/25,2025-03-17,MIN,LAK,3,1,,nhl-api
nhl,2024/25,2025-03-17,TBL,PHI,2,0,,nhl-api
nhl,2024/25,2025-03-17,TOR,CGY,6,2,,nhl-api
nhl,2024/25,2025-03-18,CHI,SEA,2,6,,nhl-api
nhl,2024/25,2025-03-18,DAL,ANA,4,3,,nhl-api
nhl,2024/25,2025-03-18,EDM,UTA,7,1,,nhl-api
nhl,2024/25,2025-03-18,MTL,OTT,6,3,,nhl-api
nhl,2024/25,2025-03-18,NSH,STL,1,4,,nhl-api
nhl,2024/25,2025-03-18,NYR,CGY,1,2,,nhl-api
nhl,2024/25,2025-03-18,PIT,NYI,2,4,,nhl-api
nhl,2024/25,2025-03-18,VAN,WPG,6,2,,nhl-api
nhl,2024/25,2025-03-18,WSH,DET,4,1,,nhl-api
nhl,2024/25,2025-03-19,MIN,SEA,4,0,,nhl-api
nhl,2024/25,2025-03-19,TOR,COL,2,1,,nhl-api
nhl,2024/25,2025-03-20,CBJ,FLA,0,1,,nhl-api
nhl,2024/25,2025-03-20,CHI,LAK,1,3,,nhl-api
nhl,2024/25,2025-03-20,DAL,TBL,2,2,,nhl-api
nhl,2024/25,2025-03-20,EDM,WPG,3,4,,nhl-api
nhl,2024/25,2025-03-20,NJD,CGY,3,5,,nhl-api
nhl,2024/25,2025-03-20,NSH,ANA,1,4,,nhl-api
nhl,2024/25,2025-03-20,NYI,MTL,4,3,,nhl-api
nhl,2024/25,2025-03-20,NYR,TOR,3,4,,nhl-api
nhl,2024/25,2025-03-20,OTT,COL,1,5,,nhl-api
nhl,2024/25,2025-03-20,SJS,CAR,1,3,,nhl-api
nhl,2024/25,2025-03-20,STL,VAN,4,3,,nhl-api
nhl,2024/25,2025-03-20,UTA,BUF,5,2,,nhl-api
nhl,2024/25,2025-03-20,VGK,BOS,5,1,,nhl-api
nhl,2024/25,2025-03-20,WSH,PHI,3,2,,nhl-api
nhl,2024/25,2025-03-21,PIT,CBJ,6,3,,nhl-api
nhl,2024/25,2025-03-22,DAL,PHI,3,2,,nhl-api
nhl,2024/25,2025-03-22,EDM,SEA,5,4,,nhl-api
nhl,2024/25,2025-03-22,LAK,CAR,7,2,,nhl-api
nhl,2024/25,2025-03-22,MIN,BUF,4,1,,nhl-api
nhl,2024/25,2025-03-22,MTL,COL,4,4,,nhl-api
nhl,2024/25,2025-03-22,NJD,OTT,2,3,,nhl-api
nhl,2024/25,2025-03-22,NSH,TOR,5,2,,nhl-api
nhl,2024/25,2025-03-22,NYI,CGY,3,4,,nhl-api
nhl,2024/25,2025-03-22,NYR,VAN,5,3,,nhl-api
nhl,2024/25,2025-03-22,SJS,BOS,3,1,,nhl-api
nhl,2024/25,2025-03-22,STL,CHI,4,1,,nhl-api
nhl,2024/25,2025-03-22,UTA,TBL,6,4,,nhl-api
nhl,2024/25,2025-03-22,VGK,DET,6,3,,nhl-api
nhl,2024/25,2025-03-22,WSH,FLA,6,3,,nhl-api
nhl,2024/25,2025-03-23,ANA,CAR,2,5,,nhl-api
nhl,2024/25,2025-03-23,CHI,PHI,7,4,,nhl-api
nhl,2024/25,2025-03-23,FLA,PIT,3,3,,nhl-api
nhl,2024/25,2025-03-23,LAK,BOS,7,2,,nhl-api
nhl,2024/25,2025-03-23,STL,NSH,4,1,,nhl-api
nhl,2024/25,2025-03-23,VGK,TBL,4,2,,nhl-api
nhl,2024/25,2025-03-23,WPG,BUF,3,5,,nhl-api
nhl,2024/25,2025-03-24,DAL,MIN,3,0,,nhl-api
nhl,2024/25,2025-03-24,NJD,VAN,3,3,,nhl-api
nhl,2024/25,2025-03-24,NYI,CBJ,3,3,,nhl-api
nhl,2024/25,2025-03-24,UTA,DET,1,5,,nhl-api
nhl,2024/25,2025-03-25,BUF,OTT,3,2,,nhl-api
nhl,2024/25,2025-03-25,CAR,NSH,1,3,,nhl-api
nhl,2024/25,2025-03-25,CGY,SEA,4,3,,nhl-api
nhl,2024/25,2025-03-25,COL,DET,5,2,,nhl-api
nhl,2024/25,2025-03-25,LAK,NYR,3,1,,nhl-api
nhl,2024/25,2025-03-25,MIN,VGK,1,5,,nhl-api
nhl,2024/25,2025-03-25,STL,MTL,6,1,,nhl-api
nhl,2024/25,2025-03-25,TBL,PIT,6,1,,nhl-api
nhl,2024/25,2025-03-25,TOR,PHI,7,2,,nhl-api
nhl,2024/25,2025-03-25,WPG,WSH,3,2,,nhl-api
nhl,2024/25,2025-03-26,ANA,BOS,6,2,,nhl-api
nhl,2024/25,2025-03-26,CHI,NJD,3,5,,nhl-api
nhl,2024/25,2025-03-26,EDM,DAL,3,4,,nhl-api
nhl,2024/25,2025-03-26,NYI,VAN,2,5,,nhl-api
nhl,2024/25,2025-03-27,BUF,PIT,7,3,,nhl-api
nhl,2024/25,2025-03-27,CGY,DAL,2,5,,nhl-api
nhl,2024/25,2025-03-27,COL,LAK,4,0,,nhl-api
nhl,2024/25,2025-03-27,DET,OTT,3,4,,nhl-api
nhl,2024/25,2025-03-27,MIN,WSH,4,2,,nhl-api
nhl,2024/25,2025-03-27,NSH,STL,2,3,,nhl-api
nhl,2024/25,2025-03-27,PHI,MTL,6,4,,nhl-api
nhl,2024/25,2025-03-27,SEA,EDM,6,1,,nhl-api
nhl,2024/25,2025-03-27,SJS,TOR,5,5,,nhl-api
nhl,2024/25,2025-03-27,TBL,UTA,8,0,,nhl-api
nhl,2024/25,2025-03-28,ANA,NYR,5,4,,nhl-api
nhl,2024/25,2025-03-28,CAR,MTL,4,1,,nhl-api
nhl,2024/25,2025-03-28,CBJ,VAN,6,6,,nhl-api
nhl,2024/25,2025-03-28,CHI,VGK,3,5,,nhl-api
nhl,2024/25,2025-03-28,FLA,UTA,2,1,,nhl-api
nhl,2024/25,2025-03-28,WPG,NJD,4,0,,nhl-api
nhl,2024/25,2025-03-29,COL,STL,1,2,,nhl-api
nhl,2024/25,2025-03-29,DET,BOS,2,1,,nhl-api
nhl,2024/25,2025-03-29,EDM,CGY,3,2,,nhl-api
nhl,2024/25,2025-03-29,LAK,TOR,1,3,,nhl-api
nhl,2024/25,2025-03-29,MIN,NJD,2,5,,nhl-api
nhl,2024/25,2025-03-29,NSH,VGK,1,3,,nhl-api
nhl,2024/25,2025-03-29,OTT,CBJ,3,2,,nhl-api
nhl,2024/25,2025-03-29,PHI,BUF,7,4,,nhl-api
nhl,2024/25,2025-03-29,SEA,DAL,1,5,,nhl-api
nhl,2024/25,2025-03-29,SJS,NYR,1,6,,nhl-api
nhl,2024/25,2025-03-29,TBL,NYI,5,3,,nhl-api
nhl,2024/25,2025-03-30,ANA,TOR,2,3,,nhl-api
nhl,2024/25,2025-03-30,CAR,NYI,6,4,,nhl-api
nhl,2024/25,2025-03-30,CHI,UTA,2,5,,nhl-api
nhl,2024/25,2025-03-30,FLA,MTL,2,4,,nhl-api
nhl,2024/25,2025-03-30,LAK,SJS,8,1,,nhl-api
nhl,2024/25,2025-03-30,PIT,OTT,1,0,,nhl-api
nhl,2024/25,2025-03-30,WPG,VAN,3,1,,nhl-api
nhl,2024/25,2025-03-30,WSH,BUF,5,8,,nhl-api
nhl,2024/25,2025-03-31,COL,CGY,2,2,,nhl-api
nhl,2024/25,2025-03-31,NJD,MIN,2,2,,nhl-api
nhl,2024/25,2025-03-31,PHI,NSH,2,1,,nhl-api
nhl,2024/25,2025-03-31,SEA,DAL,1,3,,nhl-api
nhl,2024/25,2025-04-01,ANA,SJS,3,3,,nhl-api
nhl,2024/25,2025-04-01,BOS,WSH,3,4,,nhl-api
nhl,2024/25,2025-04-01,CBJ,NSH,8,4,,nhl-api
nhl,2024/25,2025-04-01,LAK,WPG,4,1,,nhl-api
nhl,2024/25,2025-04-01,MTL,FLA,3,2,,nhl-api
nhl,2024/25,2025-04-01,NYI,TBL,1,4,,nhl-api
nhl,2024/25,2025-04-01,OTT,BUF,2,5,,nhl-api
nhl,2024/25,2025-04-01,STL,DET,2,1,,nhl-api
nhl,2024/25,2025-04-01,UTA,CGY,3,1,,nhl-api
nhl,2024/25,2025-04-01,VGK,EDM,2,3,,nhl-api
nhl,2024/25,2025-04-02,CAR,WSH,5,1,,nhl-api
nhl,2024/25,2025-04-02,CHI,COL,2,2,,nhl-api
nhl,2024/25,2025-04-02,NYR,MIN,5,4,,nhl-api
nhl,2024/25,2025-04-02,TOR,FLA,3,2,,nhl-api
nhl,2024/25,2025-04-02,VAN,SEA,0,5,,nhl-api
nhl,2024/25,2025-04-03,CBJ,COL,3,7,,nhl-api
nhl,2024/25,2025-04-03,CGY,ANA,4,1,,nhl-api
nhl,2024/25,2025-04-03,DAL,NSH,5,1,,nhl-api
nhl,2024/25,2025-04-03,MTL,BOS,4,1,,nhl-api
nhl,2024/25,2025-04-03,OTT,TBL,2,1,,nhl-api
nhl,2024/25,2025-04-03,SJS,EDM,2,3,,nhl-api
nhl,2024/25,2025-04-03,STL,PIT,5,4,,nhl-api
nhl,2024/25,2025-04-03,UTA,LAK,2,4,,nhl-api
nhl,2024/25,2025-04-03,VGK,WPG,0,4,,nhl-api
nhl,2024/25,2025-04-04,DET,CAR,5,3,,nhl-api
nhl,2024/25,2025-04-04,NYI,MIN,3,1,,nhl-api
nhl,2024/25,2025-04-04,WSH,CHI,5,3,,nhl-api
nhl,2024/25,2025-04-05,BOS,CAR,5,1,,nhl-api
nhl,2024/25,2025-04-05,BUF,TBL,2,2,,nhl-api
nhl,2024/25,2025-04-05,CGY,VGK,2,3,,nhl-api
nhl,2024/25,2025-04-05,DAL,PIT,3,5,,nhl-api
nhl,2024/25,2025-04-05,LAK,EDM,3,0,,nhl-api
nhl,2024/25,2025-04-05,MTL,PHI,3,2,,nhl-api
nhl,2024/25,2025-04-05,NJD,NYR,4,0,,nhl-api
nhl,2024/25,2025-04-05,OTT,FLA,3,0,,nhl-api
nhl,2024/25,2025-04-05,SJS,SEA,1,5,,nhl-api
nhl,2024/25,2025-04-05,STL,COL,5,4,,nhl-api
nhl,2024/25,2025-04-05,TOR,CBJ,5,0,,nhl-api
nhl,2024/25,2025-04-05,UTA,WPG,4,1,,nhl-api
nhl,2024/25,2025-04-05,VAN,ANA,6,2,,nhl-api
nhl,2024/25,2025-04-06,BUF,BOS,6,3,,nhl-api
nhl,2024/25,2025-04-06,CHI,PIT,3,1,,nhl-api
nhl,2024/25,2025-04-06,DET,FLA,2,1,,nhl-api
nhl,2024/25,2025-04-06,MIN,DAL,3,2,,nhl-api
nhl,2024/25,2025-04-06,NSH,MTL,1,2,,nhl-api
nhl,2024/25,2025-04-06,NYI,WSH,4,1,,nhl-api
nhl,2024/25,2025-04-06,OTT,CBJ,4,0,,nhl-api
nhl,2024/25,2025-04-06,VAN,VGK,2,3,,nhl-api
nhl,2024/25,2025-04-07,ANA,EDM,3,2,,nhl-api
nhl,2024/25,2025-04-07,LAK,SEA,1,2,,nhl-api
nhl,2024/25,2025-04-07,NYR,TBL,1,5,,nhl-api
nhl,2024/25,2025-04-07,SJS,CGY,2,3,,nhl-api
nhl,2024/25,2025-04-07,WPG,STL,3,1,,nhl-api
nhl,2024/25,2025-04-08,BUF,CAR,3,0,,nhl-api
nhl,2024/25,2025-04-08,CBJ,OTT,5,2,,nhl-api
nhl,2024/25,2025-04-08,COL,VGK,2,2,,nhl-api
nhl,2024/25,2025-04-08,DAL,VAN,5,6,,nhl-api
nhl,2024/25,2025-04-08,FLA,TOR,3,1,,nhl-api
nhl,2024/25,2025-04-08,MTL,DET,4,1,,nhl-api
nhl,2024/25,2025-04-08,NJD,BOS,2,7,,nhl-api
nhl,2024/25,2025-04-08,NSH,NYI,7,6,,nhl-api
nhl,2024/25,2025-04-08,PIT,CHI,5,0,,nhl-api
nhl,2024/25,2025-04-08,UTA,SEA,7,1,,nhl-api
nhl,2024/25,2025-04-09,ANA,CGY,4,3,,nhl-api
nhl,2024/25,2025-04-09,EDM,STL,4,3,,nhl-api
nhl,2024/25,2025-04-09,MIN,SJS,8,7,,nhl-api
nhl,2024/25,2025-04-09,NYR,PHI,5,8,,nhl-api
nhl,2024/25,2025-04-09,TBL,TOR,3,4,,nhl-api
nhl,2024/25,2025-04-10,BOS,CHI,2,5,,nhl-api
nhl,2024/25,2025-04-10,CBJ,BUF,3,2,,nhl-api
nhl,2024/25,2025-04-10,COL,VAN,1,4,,nhl-api
nhl,2024/25,2025-04-10,DAL,WPG,0,4,,nhl-api
nhl,2024/25,2025-04-10,FLA,DET,4,1,,nhl-api
nhl,2024/25,2025-04-10,LAK,ANA,6,1,,nhl-api
nhl,2024/25,2025-04-10,NYI,NYR,2,9,,nhl-api
nhl,2024/25,2025-04-10,UTA,NSH,3,3,,nhl-api
nhl,2024/25,2025-04-10,VGK,SEA,2,1,,nhl-api
nhl,2024/25,2025-04-10,WSH,CAR,4,4,,nhl-api
nhl,2024/25,2025-04-11,CGY,MIN,4,2,,nhl-api
nhl,2024/25,2025-04-11,EDM,SJS,4,2,,nhl-api
nhl,2024/25,2025-04-11,NJD,PIT,2,4,,nhl-api
nhl,2024/25,2025-04-11,OTT,MTL,5,2,,nhl-api
nhl,2024/25,2025-04-11,TBL,DET,3,4,,nhl-api
nhl,2024/25,2025-04-12,CAR,NYR,7,3,,nhl-api
nhl,2024/25,2025-04-12,CBJ,WSH,7,0,,nhl-api
nhl,2024/25,2025-04-12,CHI,WPG,4,4,,nhl-api
nhl,2024/25,2025-04-12,DAL,UTA,3,5,,nhl-api
nhl,2024/25,2025-04-12,FLA,BUF,2,2,,nhl-api
nhl,2024/25,2025-04-12,LAK,COL,5,4,,nhl-api
nhl,2024/25,2025-04-12,PHI,NYI,3,3,,nhl-api
nhl,2024/25,2025-04-12,SEA,STL,3,3,,nhl-api
nhl,2024/25,2025-04-12,TOR,MTL,1,0,,nhl-api
nhl,2024/25,2025-04-12,VAN,MIN,2,3,,nhl-api
nhl,2024/25,2025-04-12,VGK,NSH,5,3,,nhl-api
nhl,2024/25,2025-04-13,ANA,COL,2,4,,nhl-api
nhl,2024/25,2025-04-13,CAR,TOR,1,4,,nhl-api
nhl,2024/25,2025-04-13,CGY,SJS,5,2,,nhl-api
nhl,2024/25,2025-04-13,NJD,NYI,0,1,,nhl-api
nhl,2024/25,2025-04-13,OTT,PHI,4,3,,nhl-api
nhl,2024/25,2025-04-13,PIT,BOS,1,4,,nhl-api
nhl,2024/25,2025-04-13,TBL,BUF,7,4,,nhl-api
nhl,2024/25,2025-04-13,WPG,EDM,1,4,,nhl-api
nhl,2024/25,2025-04-13,WSH,CBJ,1,4,,nhl-api
nhl,2024/25,2025-04-14,DET,DAL,6,4,,nhl-api
nhl,2024/25,2025-04-14,EDM,LAK,0,5,,nhl-api
nhl,2024/25,2025-04-14,FLA,NYR,3,5,,nhl-api
nhl,2024/25,2025-04-14,MTL,CHI,3,3,,nhl-api
nhl,2024/25,2025-04-14,NSH,UTA,3,7,,nhl-api
nhl,2024/25,2025-04-14,VAN,SJS,2,1,,nhl-api
nhl,2024/25,2025-04-15,BOS,NJD,4,5,,nhl-api
nhl,2024/25,2025-04-15,BUF,TOR,0,4,,nhl-api
nhl,2024/25,2025-04-15,CGY,VGK,4,4,,nhl-api
nhl,2024/25,2025-04-15,MIN,ANA,3,2,,nhl-api
nhl,2024/25,2025-04-15,NYI,WSH,1,3,,nhl-api
nhl,2024/25,2025-04-15,OTT,CHI,3,4,,nhl-api
nhl,2024/25,2025-04-15,PHI,CBJ,0,3,,nhl-api
nhl,2024/25,2025-04-15,SEA,LAK,5,6,,nhl-api
nhl,2024/25,2025-04-15,STL,UTA,6,1,,nhl-api
nhl,2024/25,2025-04-15,TBL,FLA,5,1,,nhl-api
nhl,2024/25,2025-04-16,MTL,CAR,4,2,,nhl-api
nhl,2024/25,2025-04-16,NJD,DET,2,5,,nhl-api
nhl,2024/25,2025-04-16,NSH,DAL,5,1,,nhl-api
nhl,2024/25,2025-04-16,SJS,EDM,0,3,,nhl-api
nhl,2024/25,2025-04-16,VAN,VGK,1,4,,nhl-api
nhl,2024/25,2025-04-16,WPG,ANA,2,1,,nhl-api
nhl,2024/25,2025-04-17,BUF,PHI,5,4,,nhl-api
nhl,2024/25,2025-04-17,CBJ,NYI,6,1,,nhl-api
nhl,2024/25,2025-04-17,LAK,CGY,1,5,,nhl-api
nhl,2024/25,2025-04-17,NYR,TBL,4,0,,nhl-api
nhl,2024/25,2025-04-17,OTT,CAR,7,5,,nhl-api
nhl,2024/25,2025-04-17,PIT,WSH,5,2,,nhl-api
nhl,2024/25,2025-04-17,TOR,DET,4,3,,nhl-api
nhl,2025/26,2025-10-07,FLA,CHI,3,2,,nhl-api
nhl,2025/26,2025-10-07,LAK,COL,1,4,,nhl-api
nhl,2025/26,2025-10-07,NYR,PIT,0,3,,nhl-api
nhl,2025/26,2025-10-08,EDM,CGY,3,3,,nhl-api
nhl,2025/26,2025-10-08,TOR,MTL,5,2,,nhl-api
nhl,2025/26,2025-10-08,VGK,LAK,5,5,,nhl-api
nhl,2025/26,2025-10-08,WSH,BOS,1,3,,nhl-api
nhl,2025/26,2025-10-09,BOS,CHI,4,3,,nhl-api
nhl,2025/26,2025-10-09,BUF,NYR,0,4,,nhl-api
nhl,2025/26,2025-10-09,CAR,NJD,6,3,,nhl-api
nhl,2025/26,2025-10-09,COL,UTA,2,1,,nhl-api
nhl,2025/26,2025-10-09,DET,MTL,1,5,,nhl-api
nhl,2025/26,2025-10-09,FLA,PHI,2,1,,nhl-api
nhl,2025/26,2025-10-09,NSH,CBJ,2,1,,nhl-api
nhl,2025/26,2025-10-09,PIT,NYI,4,3,,nhl-api
nhl,2025/26,2025-10-09,SEA,ANA,3,1,,nhl-api
nhl,2025/26,2025-10-09,SJS,VGK,3,4,,nhl-api
nhl,2025/26,2025-10-09,STL,MIN,0,5,,nhl-api
nhl,2025/26,2025-10-09,TBL,OTT,4,5,,nhl-api
nhl,2025/26,2025-10-09,VAN,CGY,5,1,,nhl-api
nhl,2025/26,2025-10-09,WPG,DAL,4,5,,nhl-api
nhl,2025/26,2025-10-11,BOS,BUF,3,1,,nhl-api
nhl,2025/26,2025-10-11,CAR,PHI,4,3,,nhl-api
nhl,2025/26,2025-10-11,CGY,STL,2,4,,nhl-api
nhl,2025/26,2025-10-11,CHI,MTL,2,3,,nhl-api
nhl,2025/26,2025-10-11,COL,DAL,4,4,,nhl-api
nhl,2025/26,2025-10-11,DET,TOR,6,3,,nhl-api
nhl,2025/26,2025-10-11,EDM,VAN,3,1,,nhl-api
nhl,2025/26,2025-10-11,FLA,OTT,6,2,,nhl-api
nhl,2025/26,2025-10-11,MIN,CBJ,4,7,,nhl-api
nhl,2025/26,2025-10-11,NSH,UTA,2,3,,nhl-api
nhl,2025/26,2025-10-11,NYI,WSH,2,4,,nhl-api
nhl,2025/26,2025-10-11,PIT,NYR,1,6,,nhl-api
nhl,2025/26,2025-10-11,SEA,VGK,2,1,,nhl-api
nhl,2025/26,2025-10-11,SJS,ANA,6,7,,nhl-api
nhl,2025/26,2025-10-11,TBL,NJD,3,5,,nhl-api
nhl,2025/26,2025-10-11,WPG,LAK,3,2,,nhl-api
nhl,2025/26,2025-10-12,NYR,WSH,0,1,,nhl-api
nhl,2025/26,2025-10-13,BOS,TBL,3,4,,nhl-api
nhl,2025/26,2025-10-13,BUF,COL,1,3,,nhl-api
nhl,2025/26,2025-10-13,CBJ,NJD,2,3,,nhl-api
nhl,2025/26,2025-10-13,CHI,UTA,3,1,,nhl-api
nhl,2025/26,2025-10-13,MIN,LAK,3,3,,nhl-api
nhl,2025/26,2025-10-13,NYI,WPG,2,5,,nhl-api
nhl,2025/26,2025-10-13,OTT,NSH,1,4,,nhl-api
nhl,2025/26,2025-10-13,PHI,FLA,5,2,,nhl-api
nhl,2025/26,2025-10-13,TOR,DET,2,3,,nhl-api
nhl,2025/26,2025-10-13,VAN,STL,2,5,,nhl-api
nhl,2025/26,2025-10-14,ANA,PIT,4,3,,nhl-api
nhl,2025/26,2025-10-14,CGY,VGK,2,4,,nhl-api
nhl,2025/26,2025-10-14,DAL,MIN,5,2,,nhl-api
nhl,2025/26,2025-10-14,MTL,SEA,5,4,,nhl-api
nhl,2025/26,2025-10-14,NYR,EDM,0,2,,nhl-api
nhl,2025/26,2025-10-14,SJS,CAR,1,5,,nhl-api
nhl,2025/26,2025-10-14,TOR,NSH,7,4,,nhl-api
nhl,2025/26,2025-10-14,WSH,TBL,3,2,,nhl-api
nhl,2025/26,2025-10-15,BUF,OTT,8,4,,nhl-api
nhl,2025/26,2025-10-15,DET,FLA,4,1,,nhl-api
nhl,2025/26,2025-10-15,STL,CHI,3,8,,nhl-api
nhl,2025/26,2025-10-15,UTA,CGY,3,1,,nhl-api
nhl,2025/26,2025-10-16,ANA,CAR,1,4,,nhl-api
nhl,2025/26,2025-10-16,CBJ,COL,1,4,,nhl-api
nhl,2025/26,2025-10-16,DAL,VAN,3,5,,nhl-api
nhl,2025/26,2025-10-16,LAK,PIT,2,4,,nhl-api
nhl,2025/26,2025-10-16,MTL,NSH,3,2,,nhl-api
nhl,2025/26,2025-10-16,NJD,FLA,3,1,,nhl-api
nhl,2025/26,2025-10-16,NYI,EDM,4,2,,nhl-api
nhl,2025/26,2025-10-16,OTT,SEA,3,3,,nhl-api
nhl,2025/26,2025-10-16,PHI,WPG,2,5,,nhl-api
nhl,2025/26,2025-10-16,TOR,NYR,2,1,,nhl-api
nhl,2025/26,2025-10-16,VGK,BOS,6,5,,nhl-api
nhl,2025/26,2025-10-17,CHI,VAN,2,2,,nhl-api
nhl,2025/26,2025-10-17,DET,TBL,2,1,,nhl-api
nhl,2025/26,2025-10-17,UTA,SJS,6,3,,nhl-api
nhl,2025/26,2025-10-17,WSH,MIN,5,1,,nhl-api
nhl,2025/26,2025-10-18,BUF,FLA,3,0,,nhl-api
nhl,2025/26,2025-10-18,CBJ,TBL,3,2,,nhl-api
nhl,2025/26,2025-10-18,COL,BOS,4,1,,nhl-api
nhl,2025/26,2025-10-18,LAK,CAR,3,4,,nhl-api
nhl,2025/26,2025-10-18,MTL,NYR,3,4,,nhl-api
nhl,2025/26,2025-10-18,NJD,EDM,5,3,,nhl-api
nhl,2025/26,2025-10-18,OTT,NYI,4,5,,nhl-api
nhl,2025/26,2025-10-18,PHI,MIN,2,1,,nhl-api
nhl,2025/26,2025-10-18,SJS,PIT,0,3,,nhl-api
nhl,2025/26,2025-10-18,STL,DAL,3,1,,nhl-api
nhl,2025/26,2025-10-18,TOR,SEA,3,4,,nhl-api
nhl,2025/26,2025-10-18,VGK,CGY,6,1,,nhl-api
nhl,2025/26,2025-10-18,WPG,NSH,4,1,,nhl-api
nhl,2025/26,2025-10-19,CHI,ANA,2,1,,nhl-api
nhl,2025/26,2025-10-19,DET,EDM,4,2,,nhl-api
nhl,2025/26,2025-10-19,UTA,BOS,3,2,,nhl-api
nhl,2025/26,2025-10-19,WSH,VAN,3,4,,nhl-api
nhl,2025/26,2025-10-20,CGY,WPG,1,2,,nhl-api
nhl,2025/26,2025-10-20,MTL,BUF,4,2,,nhl-api
nhl,2025/26,2025-10-20,NYR,MIN,1,3,,nhl-api
nhl,2025/26,2025-10-20,PHI,SEA,5,2,,nhl-api
nhl,2025/26,2025-10-20,VGK,CAR,4,1,,nhl-api
nhl,2025/26,2025-10-21,BOS,FLA,3,4,,nhl-api
nhl,2025/26,2025-10-21,DAL,CBJ,1,5,,nhl-api
nhl,2025/26,2025-10-21,NSH,ANA,2,5,,nhl-api
nhl,2025/26,2025-10-21,NYI,SJS,4,3,,nhl-api
nhl,2025/26,2025-10-21,OTT,EDM,2,3,,nhl-api
nhl,2025/26,2025-10-21,PIT,VAN,5,1,,nhl-api
nhl,2025/26,2025-10-21,STL,LAK,1,2,,nhl-api
nhl,2025/26,2025-10-21,TOR,NJD,2,5,,nhl-api
nhl,2025/26,2025-10-21,UTA,COL,4,3,,nhl-api
nhl,2025/26,2025-10-21,WSH,SEA,4,1,,nhl-api
nhl,2025/26,2025-10-22,BUF,DET,4,2,,nhl-api
nhl,2025/26,2025-10-22,CGY,MTL,1,2,,nhl-api
nhl,2025/26,2025-10-22,NJD,MIN,4,1,,nhl-api
nhl,2025/26,2025-10-23,BOS,ANA,5,7,,nhl-api
nhl,2025/26,2025-10-23,COL,CAR,4,4,,nhl-api
nhl,2025/26,2025-10-23,DAL,LAK,2,3,,nhl-api
nhl,2025/26,2025-10-23,EDM,MTL,6,5,,nhl-api
nhl,2025/26,2025-10-23,FLA,PIT,3,5,,nhl-api
nhl,2025/26,2025-10-23,NSH,VAN,2,1,,nhl-api
nhl,2025/26,2025-10-23,NYI,DET,7,2,,nhl-api
nhl,2025/26,2025-10-23,NYR,SJS,5,6,,nhl-api
nhl,2025/26,2025-10-23,OTT,PHI,2,1,,nhl-api
nhl,2025/26,2025-10-23,STL,UTA,4,7,,nhl-api
nhl,2025/26,2025-10-23,TBL,CHI,2,3,,nhl-api
nhl,2025/26,2025-10-23,WPG,SEA,0,3,,nhl-api
nhl,2025/26,2025-10-24,BUF,TOR,5,3,,nhl-api
nhl,2025/26,2025-10-24,CBJ,WSH,1,5,,nhl-api
nhl,2025/26,2025-10-24,NJD,SJS,3,1,,nhl-api
nhl,2025/26,2025-10-24,WPG,CGY,5,3,,nhl-api
nhl,2025/26,2025-10-25,BOS,COL,3,2,,nhl-api
nhl,2025/26,2025-10-25,DAL,CAR,3,2,,nhl-api
nhl,2025/26,2025-10-25,DET,STL,6,4,,nhl-api
nhl,2025/26,2025-10-25,FLA,VGK,3,0,,nhl-api
nhl,2025/26,2025-10-25,MIN,UTA,2,6,,nhl-api
nhl,2025/26,2025-10-25,NSH,LAK,4,4,,nhl-api
nhl,2025/26,2025-10-25,PHI,NYI,3,3,,nhl-api
nhl,2025/26,2025-10-25,PIT,CBJ,4,4,,nhl-api
nhl,2025/26,2025-10-25,SEA,EDM,3,2,,nhl-api
nhl,2025/26,2025-10-25,TBL,ANA,4,3,,nhl-api
nhl,2025/26,2025-10-25,TOR,BUF,4,3,,nhl-api
nhl,2025/26,2025-10-25,VAN,MTL,3,4,,nhl-api
nhl,2025/26,2025-10-25,WSH,OTT,1,7,,nhl-api
nhl,2025/26,2025-10-26,CGY,NYR,5,1,,nhl-api
nhl,2025/26,2025-10-26,CHI,LAK,1,3,,nhl-api
nhl,2025/26,2025-10-26,MIN,SJS,5,6,,nhl-api
nhl,2025/26,2025-10-26,NJD,COL,4,3,,nhl-api
nhl,2025/26,2025-10-26,NSH,DAL,2,3,,nhl-api
nhl,2025/26,2025-10-26,TBL,VGK,2,1,,nhl-api
nhl,2025/26,2025-10-26,VAN,EDM,4,3,,nhl-api
nhl,2025/26,2025-10-26,WPG,UTA,2,3,,nhl-api
nhl,2025/26,2025-10-27,OTT,BOS,7,2,,nhl-api
nhl,2025/26,2025-10-27,PIT,STL,6,3,,nhl-api
nhl,2025/26,2025-10-28,BOS,NYI,5,2,,nhl-api
nhl,2025/26,2025-10-28,BUF,CBJ,3,4,,nhl-api
nhl,2025/26,2025-10-28,CAR,VGK,3,6,,nhl-api
nhl,2025/26,2025-10-28,CHI,OTT,7,3,,nhl-api
nhl,2025/26,2025-10-28,COL,NJD,8,4,,nhl-api
nhl,2025/26,2025-10-28,DAL,WSH,1,0,,nhl-api
nhl,2025/26,2025-10-28,EDM,UTA,6,3,,nhl-api
nhl,2025/26,2025-10-28,FLA,ANA,2,2,,nhl-api
nhl,2025/26,2025-10-28,MIN,WPG,3,4,,nhl-api
nhl,2025/26,2025-10-28,NSH,TBL,2,5,,nhl-api
nhl,2025/26,2025-10-28,PHI,PIT,2,2,,nhl-api
nhl,2025/26,2025-10-28,SEA,MTL,3,4,,nhl-api
nhl,2025/26,2025-10-28,SJS,LAK,3,4,,nhl-api
nhl,2025/26,2025-10-28,STL,DET,2,5,,nhl-api
nhl,2025/26,2025-10-28,TOR,CGY,4,3,,nhl-api
nhl,2025/26,2025-10-28,VAN,NYR,0,2,,nhl-api
nhl,2025/26,2025-10-29,CBJ,TOR,6,3,,nhl-api
nhl,2025/26,2025-10-30,BOS,BUF,4,3,,nhl-api
nhl,2025/26,2025-10-30,CAR,NYI,6,2,,nhl-api
nhl,2025/26,2025-10-30,EDM,NYR,3,4,,nhl-api
nhl,2025/26,2025-10-30,LAK,DET,3,3,,nhl-api
nhl,2025/26,2025-10-30,MIN,PIT,1,4,,nhl-api
nhl,2025/26,2025-10-30,OTT,CGY,3,3,,nhl-api
nhl,2025/26,2025-10-30,PHI,NSH,4,1,,nhl-api
nhl,2025/26,2025-10-30,SJS,NJD,5,2,,nhl-api
nhl,2025/26,2025-10-30,STL,VAN,3,3,,nhl-api
nhl,2025/26,2025-10-30,TBL,DAL,2,1,,nhl-api
nhl,2025/26,2025-10-30,WPG,CHI,6,3,,nhl-api
nhl,2025/26,2025-10-31,ANA,DET,5,2,,nhl-api
nhl,2025/26,2025-10-31,VGK,COL,2,4,,nhl-api
nhl,2025/26,2025-10-31,WSH,NYI,1,3,,nhl-api
nhl,2025/26,2025-11-01,BOS,CAR,2,1,,nhl-api
nhl,2025/26,2025-11-01,BUF,WSH,3,3,,nhl-api
nhl,2025/26,2025-11-01,CBJ,STL,3,2,,nhl-api
nhl,2025/26,2025-11-01,EDM,CHI,3,2,,nhl-api
nhl,2025/26,2025-11-01,FLA,DAL,3,3,,nhl-api
nhl,2025/26,2025-11-01,LAK,NJD,1,4,,nhl-api
nhl,2025/26,2025-11-01,MIN,VAN,5,2,,nhl-api
nhl,2025/26,2025-11-01,MTL,OTT,4,3,,nhl-api
nhl,2025/26,2025-11-01,NSH,CGY,4,2,,nhl-api
nhl,2025/26,2025-11-01,PHI,TOR,2,5,,nhl-api
nhl,2025/26,2025-11-01,SEA,NYR,2,3,,nhl-api
nhl,2025/26,2025-11-01,SJS,COL,3,2,,nhl-api
nhl,2025/26,2025-11-01,WPG,PIT,5,2,,nhl-api
nhl,2025/26,2025-11-02,ANA,NJD,4,1,,nhl-api
nhl,2025/26,2025-11-02,NYI,CBJ,3,2,,nhl-api
nhl,2025/26,2025-11-02,PHI,CGY,1,2,,nhl-api
nhl,2025/26,2025-11-02,SJS,DET,2,2,,nhl-api
nhl,2025/26,2025-11-02,UTA,TBL,2,4,,nhl-api
nhl,2025/26,2025-11-03,NSH,VAN,4,5,,nhl-api
nhl,2025/26,2025-11-03,SEA,CHI,3,1,,nhl-api
nhl,2025/26,2025-11-03,STL,EDM,3,2,,nhl-api
nhl,2025/26,2025-11-03,TOR,PIT,4,3,,nhl-api
nhl,2025/26,2025-11-04,ANA,FLA,7,3,,nhl-api
nhl,2025/26,2025-11-04,BUF,UTA,1,2,,nhl-api
nhl,2025/26,2025-11-04,COL,TBL,3,2,,nhl-api
nhl,2025/26,2025-11-04,DAL,EDM,3,3,,nhl-api
nhl,2025/26,2025-11-04,LAK,WPG,3,0,,nhl-api
nhl,2025/26,2025-11-04,MIN,NSH,3,2,,nhl-api
nhl,2025/26,2025-11-04,MTL,PHI,4,4,,nhl-api
nhl,2025/26,2025-11-04,NYI,BOS,3,3,,nhl-api
nhl,2025/26,2025-11-04,NYR,CAR,0,3,,nhl-api
nhl,2025/26,2025-11-04,VGK,DET,1,0,,nhl-api
nhl,2025/26,2025-11-05,CGY,CBJ,5,1,,nhl-api
nhl,2025/26,2025-11-05,SEA,SJS,1,6,,nhl-api
nhl,2025/26,2025-11-05,TOR,UTA,5,3,,nhl-api
nhl,2025/26,2025-11-05,VAN,CHI,2,5,,nhl-api
nhl,2025/26,2025-11-05,WSH,STL,6,1,,nhl-api
nhl,2025/26,2025-11-06,BOS,OTT,3,2,,nhl-api
nhl,2025/26,2025-11-06,BUF,STL,0,3,,nhl-api
nhl,2025/26,2025-11-06,CAR,MIN,4,3,,nhl-api
nhl,2025/26,2025-11-06,DAL,ANA,5,7,,nhl-api
nhl,2025/26,2025-11-06,LAK,FLA,2,5,,nhl-api
nhl,2025/26,2025-11-06,NJD,MTL,4,3,,nhl-api
nhl,2025/26,2025-11-06,NSH,PHI,1,3,,nhl-api
nhl,2025/26,2025-11-06,PIT,WSH,5,3,,nhl-api
nhl,2025/26,2025-11-06,VGK,TBL,3,6,,nhl-api
nhl,2025/26,2025-11-07,CGY,CHI,0,4,,nhl-api
nhl,2025/26,2025-11-07,DET,NYR,1,4,,nhl-api
nhl,2025/26,2025-11-07,NYI,MIN,2,5,,nhl-api
nhl,2025/26,2025-11-07,SJS,WPG,2,1,,nhl-api
nhl,2025/26,2025-11-08,CAR,BUF,6,3,,nhl-api
nhl,2025/26,2025-11-08,EDM,COL,1,9,,nhl-api
nhl,2025/26,2025-11-08,MTL,UTA,6,2,,nhl-api
nhl,2025/26,2025-11-08,NJD,PIT,1,1,,nhl-api
nhl,2025/26,2025-11-08,NSH,DAL,4,5,,nhl-api
nhl,2025/26,2025-11-08,NYR,NYI,0,5,,nhl-api
nhl,2025/26,2025-11-08,PHI,OTT,2,3,,nhl-api
nhl,2025/26,2025-11-08,SJS,FLA,3,1,,nhl-api
nhl,2025/26,2025-11-08,STL,SEA,3,4,,nhl-api
nhl,2025/26,2025-11-08,TBL,WSH,3,2,,nhl-api
nhl,2025/26,2025-11-08,TOR,BOS,3,5,,nhl-api
nhl,2025/26,2025-11-08,VAN,CBJ,4,3,,nhl-api
nhl,2025/26,2025-11-08,VGK,ANA,3,4,,nhl-api
nhl,2025/26,2025-11-09,ANA,WPG,4,1,,nhl-api
nhl,2025/26,2025-11-09,DAL,SEA,2,1,,nhl-api
nhl,2025/26,2025-11-09,DET,CHI,1,5,,nhl-api
nhl,2025/26,2025-11-09,MIN,CGY,2,0,,nhl-api
nhl,2025/26,2025-11-09,OTT,UTA,4,2,,nhl-api
nhl,2025/26,2025-11-09,PIT,LAK,2,3,,nhl-api
nhl,2025/26,2025-11-09,TOR,CAR,4,5,,nhl-api
nhl,2025/26,2025-11-09,VAN,COL,4,5,,nhl-api
nhl,2025/26,2025-11-10,EDM,CBJ,5,4,,nhl-api
nhl,2025/26,2025-11-10,NJD,NYI,2,3,,nhl-api
nhl,2025/26,2025-11-10,NYR,NSH,6,3,,nhl-api
nhl,2025/26,2025-11-10,VGK,FLA,2,3,,nhl-api
nhl,2025/26,2025-11-11,BOS,TOR,5,3,,nhl-api
nhl,2025/26,2025-11-11,CAR,WSH,1,4,,nhl-api
nhl,2025/26,2025-11-11,COL,ANA,4,1,,nhl-api
nhl,2025/26,2025-11-11,MIN,SJS,1,2,,nhl-api
nhl,2025/26,2025-11-11,MTL,LAK,1,5,,nhl-api
nhl,2025/26,2025-11-11,OTT,DAL,2,3,,nhl-api
nhl,2025/26,2025-11-11,SEA,CBJ,1,1,,nhl-api
nhl,2025/26,2025-11-11,STL,CGY,3,2,,nhl-api
nhl,2025/26,2025-11-11,VAN,WPG,3,5,,nhl-api
nhl,2025/26,2025-11-12,CHI,NJD,3,4,,nhl-api
nhl,2025/26,2025-11-12,PHI,EDM,1,2,,nhl-api
nhl,2025/26,2025-11-12,TBL,NYR,3,7,,nhl-api
nhl,2025/26,2025-11-12,UTA,BUF,5,2,,nhl-api
nhl,2025/26,2025-11-13,CBJ,EDM,5,4,,nhl-api
nhl,2025/26,2025-11-13,CGY,SJS,2,0,,nhl-api
nhl,2025/26,2025-11-13,COL,BUF,6,3,,nhl-api
nhl,2025/26,2025-11-13,DET,ANA,6,3,,nhl-api
nhl,2025/26,2025-11-13,FLA,WSH,6,3,,nhl-api
nhl,2025/26,2025-11-13,MTL,DAL,0,7,,nhl-api
nhl,2025/26,2025-11-13,OTT,BOS,5,3,,nhl-api
nhl,2025/26,2025-11-13,SEA,WPG,5,3,,nhl-api
nhl,2025/26,2025-11-13,TOR,LAK,3,4,,nhl-api
nhl,2025/26,2025-11-13,VGK,NYI,3,4,,nhl-api
nhl,2025/26,2025-11-14,CAR,VAN,4,3,,nhl-api
nhl,2025/26,2025-11-14,NSH,PIT,2,1,,nhl-api
nhl,2025/26,2025-11-14,STL,PHI,5,5,,nhl-api
nhl,2025/26,2025-11-14,UTA,NYI,2,3,,nhl-api
nhl,2025/26,2025-11-15,CAR,EDM,3,4,,nhl-api
nhl,2025/26,2025-11-15,CBJ,NYR,1,1,,nhl-api
nhl,2025/26,2025-11-15,CGY,WPG,3,3,,nhl-api
nhl,2025/26,2025-11-15,CHI,TOR,3,2,,nhl-api
nhl,2025/26,2025-11-15,DAL,PHI,5,1,,nhl-api
nhl,2025/26,2025-11-15,DET,BUF,4,5,,nhl-api
nhl,2025/26,2025-11-15,FLA,TBL,1,3,,nhl-api
nhl,2025/26,2025-11-15,MIN,ANA,2,0,,nhl-api
nhl,2025/26,2025-11-15,MTL,BOS,2,3,,nhl-api
nhl,2025/26,2025-11-15,OTT,LAK,0,1,,nhl-api
nhl,2025/26,2025-11-15,SEA,SJS,4,1,,nhl-api
nhl,2025/26,2025-11-15,STL,VGK,1,4,,nhl-api
nhl,2025/26,2025-11-15,WSH,NJD,2,2,,nhl-api
nhl,2025/26,2025-11-16,COL,NYI,4,1,,nhl-api
nhl,2025/26,2025-11-16,MIN,VGK,3,2,,nhl-api
nhl,2025/26,2025-11-16,NYR,DET,1,2,,nhl-api
nhl,2025/26,2025-11-16,PIT,NSH,4,0,,nhl-api
nhl,2025/26,2025-11-16,TBL,VAN,2,6,,nhl-api
nhl,2025/26,2025-11-17,ANA,UTA,3,2,,nhl-api
nhl,2025/26,2025-11-17,BOS,CAR,1,3,,nhl-api
nhl,2025/26,2025-11-17,BUF,EDM,5,1,,nhl-api
nhl,2025/26,2025-11-17,CBJ,MTL,3,3,,nhl-api
nhl,2025/26,2025-11-17,FLA,VAN,8,5,,nhl-api
nhl,2025/26,2025-11-17,WSH,LAK,2,1,,nhl-api
nhl,2025/26,2025-11-18,CHI,CGY,5,2,,nhl-api
nhl,2025/26,2025-11-18,DAL,NYI,2,3,,nhl-api
nhl,2025/26,2025-11-18,DET,SEA,4,2,,nhl-api
nhl,2025/26,2025-11-18,SJS,UTA,3,2,,nhl-api
nhl,2025/26,2025-11-18,TBL,NJD,5,1,,nhl-api
nhl,2025/26,2025-11-18,TOR,STL,3,2,,nhl-api
nhl,2025/26,2025-11-18,VGK,NYR,3,2,,nhl-api
nhl,2025/26,2025-11-18,WPG,CBJ,5,2,,nhl-api
nhl,2025/26,2025-11-19,ANA,BOS,4,3,,nhl-api
nhl,2025/26,2025-11-19,BUF,CGY,2,6,,nhl-api
nhl,2025/26,2025-11-19,MIN,CAR,3,3,,nhl-api
nhl,2025/26,2025-11-19,WSH,EDM,7,4,,nhl-api
nhl,2025/26,2025-11-20,ANA,OTT,2,3,,nhl-api
nhl,2025/26,2025-11-20,CHI,SEA,2,3,,nhl-api
nhl,2025/26,2025-11-20,COL,NYR,6,3,,nhl-api
nhl,2025/26,2025-11-20,DET,NYI,0,5,,nhl-api
nhl,2025/26,2025-11-20,FLA,NJD,1,0,,nhl-api
nhl,2025/26,2025-11-20,MTL,WSH,4,8,,nhl-api
nhl,2025/26,2025-11-20,PHI,STL,3,2,,nhl-api
nhl,2025/26,2025-11-20,SJS,LAK,3,3,,nhl-api
nhl,2025/26,2025-11-20,TBL,EDM,2,1,,nhl-api
nhl,2025/26,2025-11-20,TOR,CBJ,2,3,,nhl-api
nhl,2025/26,2025-11-20,UTA,VGK,1,4,,nhl-api
nhl,2025/26,2025-11-20,VAN,DAL,2,4,,nhl-api
nhl,2025/26,2025-11-21,BUF,CHI,9,3,,nhl-api
nhl,2025/26,2025-11-21,LAK,BOS,1,2,,nhl-api
nhl,2025/26,2025-11-21,PIT,MIN,0,5,,nhl-api
nhl,2025/26,2025-11-21,WPG,CAR,3,4,,nhl-api
nhl,2025/26,2025-11-22,ANA,VGK,4,3,,nhl-api
nhl,2025/26,2025-11-22,CGY,DAL,2,2,,nhl-api
nhl,2025/26,2025-11-22,DET,CBJ,4,3,,nhl-api
nhl,2025/26,2025-11-22,FLA,EDM,3,6,,nhl-api
nhl,2025/26,2025-11-22,MTL,TOR,5,2,,nhl-api
nhl,2025/26,2025-11-22,NSH,COL,0,3,,nhl-api
nhl,2025/26,2025-11-22,NYI,STL,1,2,,nhl-api
nhl,2025/26,2025-11-22,PHI,NJD,6,3,,nhl-api
nhl,2025/26,2025-11-22,PIT,SEA,2,3,,nhl-api
nhl,2025/26,2025-11-22,SJS,OTT,2,3,,nhl-api
nhl,2025/26,2025-11-22,UTA,NYR,3,2,,nhl-api
nhl,2025/26,2025-11-22,WSH,TBL,3,5,,nhl-api
nhl,2025/26,2025-11-23,BUF,CAR,4,1,,nhl-api
nhl,2025/26,2025-11-23,CHI,COL,0,1,,nhl-api
nhl,2025/26,2025-11-23,NYI,SEA,0,0,,nhl-api
nhl,2025/26,2025-11-23,SJS,BOS,3,1,,nhl-api
nhl,2025/26,2025-11-23,VAN,CGY,2,5,,nhl-api
nhl,2025/26,2025-11-23,WPG,MIN,0,3,,nhl-api
nhl,2025/26,2025-11-24,LAK,OTT,2,1,,nhl-api
nhl,2025/26,2025-11-24,NJD,DET,4,3,,nhl-api
nhl,2025/26,2025-11-24,NSH,FLA,3,8,,nhl-api
nhl,2025/26,2025-11-24,NYR,STL,3,2,,nhl-api
nhl,2025/26,2025-11-24,TBL,PHI,3,0,,nhl-api
nhl,2025/26,2025-11-24,UTA,VGK,5,1,,nhl-api
nhl,2025/26,2025-11-24,WSH,CBJ,5,1,,nhl-api
nhl,2025/26,2025-11-25,EDM,DAL,3,8,,nhl-api
nhl,2025/26,2025-11-26,ANA,VAN,4,5,,nhl-api
nhl,2025/26,2025-11-26,CAR,NYR,2,4,,nhl-api
nhl,2025/26,2025-11-26,CBJ,TOR,1,2,,nhl-api
nhl,2025/26,2025-11-26,CHI,MIN,3,4,,nhl-api
nhl,2025/26,2025-11-26,COL,SJS,6,0,,nhl-api
nhl,2025/26,2025-11-26,DET,NSH,3,6,,nhl-api
nhl,2025/26,2025-11-26,FLA,PHI,2,4,,nhl-api
nhl,2025/26,2025-11-26,NJD,STL,3,2,,nhl-api
nhl,2025/26,2025-11-26,NYI,BOS,1,3,,nhl-api
nhl,2025/26,2025-11-26,PIT,BUF,4,2,,nhl-api
nhl,2025/26,2025-11-26,SEA,DAL,2,3,,nhl-api
nhl,2025/26,2025-11-26,TBL,CGY,5,1,,nhl-api
nhl,2025/26,2025-11-26,UTA,MTL,3,4,,nhl-api
nhl,2025/26,2025-11-26,VGK,OTT,3,3,,nhl-api
nhl,2025/26,2025-11-26,WSH,WPG,4,3,,nhl-api
nhl,2025/26,2025-11-28,ANA,LAK,4,4,,nhl-api
nhl,2025/26,2025-11-28,BOS,NYR,2,6,,nhl-api
nhl,2025/26,2025-11-28,BUF,NJD,0,5,,nhl-api
nhl,2025/26,2025-11-28,CAR,WPG,5,1,,nhl-api
nhl,2025/26,2025-11-28,CBJ,PIT,3,4,,nhl-api
nhl,2025/26,2025-11-28,CHI,NSH,3,4,,nhl-api
nhl,2025/26,2025-11-28,DAL,UTA,4,3,,nhl-api
nhl,2025/26,2025-11-28,DET,TBL,3,6,,nhl-api
nhl,2025/26,2025-11-28,FLA,CGY,3,5,,nhl-api
nhl,2025/26,2025-11-28,MIN,COL,2,2,,nhl-api
nhl,2025/26,2025-11-28,NYI,PHI,3,3,,nhl-api
nhl,2025/26,2025-11-28,SJS,VAN,3,2,,nhl-api
nhl,2025/26,2025-11-28,STL,OTT,4,3,,nhl-api
nhl,2025/26,2025-11-28,VGK,MTL,1,4,,nhl-api
nhl,2025/26,2025-11-28,WSH,TOR,4,2,,nhl-api
nhl,2025/26,2025-11-29,BOS,DET,2,2,,nhl-api
nhl,2025/26,2025-11-29,COL,MTL,7,2,,nhl-api
nhl,2025/26,2025-11-29,LAK,VAN,2,1,,nhl-api
nhl,2025/26,2025-11-29,MIN,BUF,2,2,,nhl-api
nhl,2025/26,2025-11-29,NJD,PHI,3,5,,nhl-api
nhl,2025/26,2025-11-29,NSH,WPG,2,5,,nhl-api
nhl,2025/26,2025-11-29,NYR,TBL,1,4,,nhl-api
nhl,2025/26,2025-11-29,PIT,TOR,2,7,,nhl-api
nhl,2025/26,2025-11-29,SEA,EDM,0,4,,nhl-api
nhl,2025/26,2025-11-29,STL,UTA,1,0,,nhl-api
nhl,2025/26,2025-11-29,VGK,SJS,4,3,,nhl-api
nhl,2025/26,2025-11-30,CAR,CGY,1,0,,nhl-api
nhl,2025/26,2025-11-30,CHI,ANA,5,3,,nhl-api
nhl,2025/26,2025-11-30,DAL,OTT,6,1,,nhl-api
nhl,2025/26,2025-11-30,NYI,WSH,1,4,,nhl-api
nhl,2025/26,2025-12-01,BUF,WPG,5,1,,nhl-api
nhl,2025/26,2025-12-01,NJD,CBJ,3,5,,nhl-api
nhl,2025/26,2025-12-01,PHI,PIT,1,5,,nhl-api
nhl,2025/26,2025-12-01,SJS,UTA,6,3,,nhl-api
nhl,2025/26,2025-12-01,STL,ANA,1,4,,nhl-api
nhl,2025/26,2025-12-02,COL,VAN,3,1,,nhl-api
nhl,2025/26,2025-12-02,DET,BOS,5,4,,nhl-api
nhl,2025/26,2025-12-02,EDM,MIN,0,1,,nhl-api
nhl,2025/26,2025-12-02,FLA,TOR,1,4,,nhl-api
nhl,2025/26,2025-12-02,LAK,WSH,1,3,,nhl-api
nhl,2025/26,2025-12-02,MTL,OTT,2,5,,nhl-api
nhl,2025/26,2025-12-02,NSH,CGY,5,1,,nhl-api
nhl,2025/26,2025-12-02,NYI,TBL,2,1,,nhl-api
nhl,2025/26,2025-12-02,NYR,DAL,3,2,,nhl-api
nhl,2025/26,2025-12-02,VGK,CHI,3,3,,nhl-api
nhl,2025/26,2025-12-03,ANA,UTA,0,7,,nhl-api
nhl,2025/26,2025-12-03,MTL,WPG,2,2,,nhl-api
nhl,2025/26,2025-12-03,NJD,DAL,0,3,,nhl-api
nhl,2025/26,2025-12-03,PHI,BUF,5,2,,nhl-api
nhl,2025/26,2025-12-03,SJS,WSH,1,7,,nhl-api
nhl,2025/26,2025-12-04,BOS,STL,5,2,,nhl-api
nhl,2025/26,2025-12-04,CAR,TOR,1,5,,nhl-api
nhl,2025/26,2025-12-04,CBJ,DET,5,5,,nhl-api
nhl,2025/26,2025-12-04,CGY,MIN,4,1,,nhl-api
nhl,2025/26,2025-12-04,EDM,SEA,9,4,,nhl-api
nhl,2025/26,2025-12-04,FLA,NSH,1,2,,nhl-api
nhl,2025/26,2025-12-04,LAK,CHI,1,2,,nhl-api
nhl,2025/26,2025-12-04,NYI,COL,6,3,,nhl-api
nhl,2025/26,2025-12-04,OTT,NYR,2,4,,nhl-api
nhl,2025/26,2025-12-04,TBL,PIT,3,4,,nhl-api
nhl,2025/26,2025-12-05,ANA,WSH,3,3,,nhl-api
nhl,2025/26,2025-12-05,DAL,SJS,4,1,,nhl-api
nhl,2025/26,2025-12-05,NJD,VGK,0,3,,nhl-api
nhl,2025/26,2025-12-05,VAN,UTA,1,4,,nhl-api
nhl,2025/26,2025-12-05,WPG,BUF,4,1,,nhl-api
nhl,2025/26,2025-12-06,BOS,NJD,4,1,,nhl-api
nhl,2025/26,2025-12-06,CAR,NSH,6,3,,nhl-api
nhl,2025/26,2025-12-06,CGY,UTA,2,0,,nhl-api
nhl,2025/26,2025-12-06,EDM,WPG,6,2,,nhl-api
nhl,2025/26,2025-12-06,FLA,CBJ,7,6,,nhl-api
nhl,2025/26,2025-12-06,LAK,CHI,6,0,,nhl-api
nhl,2025/26,2025-12-06,NYR,COL,2,3,,nhl-api
nhl,2025/26,2025-12-06,OTT,STL,1,2,,nhl-api
nhl,2025/26,2025-12-06,SEA,DET,3,4,,nhl-api
nhl,2025/26,2025-12-06,TBL,NYI,0,2,,nhl-api
nhl,2025/26,2025-12-06,TOR,MTL,1,1,,nhl-api
nhl,2025/26,2025-12-06,VAN,MIN,4,2,,nhl-api
nhl,2025/26,2025-12-07,ANA,CHI,7,1,,nhl-api
nhl,2025/26,2025-12-07,CAR,SJS,1,4,,nhl-api
nhl,2025/26,2025-12-07,DAL,PIT,2,2,,nhl-api
nhl,2025/26,2025-12-07,FLA,NYI,4,1,,nhl-api
nhl,2025/26,2025-12-07,MTL,STL,3,4,,nhl-api
nhl,2025/26,2025-12-07,NYR,VGK,2,3,,nhl-api
nhl,2025/26,2025-12-07,PHI,COL,2,3,,nhl-api
nhl,2025/26,2025-12-07,WSH,CBJ,2,0,,nhl-api
nhl,2025/26,2025-12-08,CGY,BUF,7,4,,nhl-api
nhl,2025/26,2025-12-08,SEA,MIN,1,4,,nhl-api
nhl,2025/26,2025-12-08,TOR,TBL,2,0,,nhl-api
nhl,2025/26,2025-12-08,UTA,LAK,2,4,,nhl-api
nhl,2025/26,2025-12-08,VAN,DET,0,4,,nhl-api
nhl,2025/26,2025-12-09,CAR,CBJ,4,1,,nhl-api
nhl,2025/26,2025-12-09,EDM,BUF,3,4,,nhl-api
nhl,2025/26,2025-12-09,MTL,TBL,1,6,,nhl-api
nhl,2025/26,2025-12-09,NSH,COL,3,3,,nhl-api
nhl,2025/26,2025-12-09,NYI,VGK,4,4,,nhl-api
nhl,2025/26,2025-12-09,OTT,NJD,3,4,,nhl-api
nhl,2025/26,2025-12-09,PHI,SJS,4,1,,nhl-api
nhl,2025/26,2025-12-09,PIT,ANA,3,3,,nhl-api
nhl,2025/26,2025-12-09,STL,BOS,2,5,,nhl-api
nhl,2025/26,2025-12-09,WPG,DAL,3,4,,nhl-api
nhl,2025/26,2025-12-10,CGY,DET,3,4,,nhl-api
nhl,2025/26,2025-12-10,CHI,NYR,3,0,,nhl-api
nhl,2025/26,2025-12-10,SEA,LAK,3,2,,nhl-api
nhl,2025/26,2025-12-10,UTA,FLA,3,4,,nhl-api
nhl,2025/26,2025-12-11,CBJ,OTT,3,6,,nhl-api
nhl,2025/26,2025-12-11,COL,FLA,6,2,,nhl-api
nhl,2025/26,2025-12-11,EDM,DET,4,1,,nhl-api
nhl,2025/26,2025-12-11,MIN,DAL,5,2,,nhl-api
nhl,2025/26,2025-12-11,NJD,TBL,4,8,,nhl-api
nhl,2025/26,2025-12-11,NSH,STL,7,2,,nhl-api
nhl,2025/26,2025-12-11,NYI,ANA,5,2,,nhl-api
nhl,2025/26,2025-12-11,PHI,VGK,2,3,,nhl-api
nhl,2025/26,2025-12-11,PIT,MTL,2,4,,nhl-api
nhl,2025/26,2025-12-11,TOR,SJS,2,3,,nhl-api
nhl,2025/26,2025-12-11,VAN,BUF,2,3,,nhl-api
nhl,2025/26,2025-12-11,WPG,BOS,3,6,,nhl-api
nhl,2025/26,2025-12-11,WSH,CAR,2,2,,nhl-api
nhl,2025/26,2025-12-12,STL,CHI,3,2,,nhl-api
nhl,2025/26,2025-12-12,UTA,SEA,5,3,,nhl-api
nhl,2025/26,2025-12-13,CBJ,VGK,2,3,,nhl-api
nhl,2025/26,2025-12-13,CHI,DET,0,4,,nhl-api
nhl,2025/26,2025-12-13,COL,NSH,4,2,,nhl-api
nhl,2025/26,2025-12-13,DAL,FLA,0,4,,nhl-api
nhl,2025/26,2025-12-13,LAK,CGY,1,2,,nhl-api
nhl,2025/26,2025-12-13,MIN,OTT,3,2,,nhl-api
nhl,2025/26,2025-12-13,NJD,ANA,4,1,,nhl-api
nhl,2025/26,2025-12-13,NYI,TBL,2,2,,nhl-api
nhl,2025/26,2025-12-13,NYR,MTL,5,4,,nhl-api
nhl,2025/26,2025-12-13,PHI,CAR,3,3,,nhl-api
nhl,2025/26,2025-12-13,PIT,SJS,5,6,,nhl-api
nhl,2025/26,2025-12-13,TOR,EDM,3,6,,nhl-api
nhl,2025/26,2025-12-13,WPG,WSH,5,1,,nhl-api
nhl,2025/26,2025-12-14,CAR,PHI,2,2,,nhl-api
nhl,2025/26,2025-12-14,MIN,BOS,6,2,,nhl-api
nhl,2025/26,2025-12-14,MTL,EDM,4,1,,nhl-api
nhl,2025/26,2025-12-14,NJD,VAN,1,2,,nhl-api
nhl,2025/26,2025-12-14,PIT,UTA,4,5,,nhl-api
nhl,2025/26,2025-12-14,SEA,BUF,1,3,,nhl-api
nhl,2025/26,2025-12-15,DAL,LAK,4,1,,nhl-api
nhl,2025/26,2025-12-15,NYR,ANA,1,4,,nhl-api
nhl,2025/26,2025-12-15,STL,NSH,2,5,,nhl-api
nhl,2025/26,2025-12-15,TBL,FLA,2,5,,nhl-api
nhl,2025/26,2025-12-15,WPG,OTT,2,3,,nhl-api
nhl,2025/26,2025-12-16,BOS,UTA,4,1,,nhl-api
nhl,2025/26,2025-12-16,CBJ,ANA,4,3,,nhl-api
nhl,2025/26,2025-12-16,DET,NYI,3,2,,nhl-api
nhl,2025/26,2025-12-16,MIN,WSH,5,0,,nhl-api
nhl,2025/26,2025-12-16,MTL,PHI,1,4,,nhl-api
nhl,2025/26,2025-12-16,NYR,VAN,0,3,,nhl-api
nhl,2025/26,2025-12-16,PIT,EDM,4,6,,nhl-api
nhl,2025/26,2025-12-16,SEA,COL,3,5,,nhl-api
nhl,2025/26,2025-12-16,SJS,CGY,6,3,,nhl-api
nhl,2025/26,2025-12-16,TOR,CHI,3,2,,nhl-api
nhl,2025/26,2025-12-17,DET,UTA,1,4,,nhl-api
nhl,2025/26,2025-12-17,FLA,LAK,3,2,,nhl-api
nhl,2025/26,2025-12-17,NSH,CAR,1,4,,nhl-api
nhl,2025/26,2025-12-17,STL,WPG,1,0,,nhl-api
nhl,2025/26,2025-12-17,VGK,NJD,1,1,,nhl-api
nhl,2025/26,2025-12-18,BOS,EDM,1,3,,nhl-api
nhl,2025/26,2025-12-18,BUF,PHI,5,3,,nhl-api
nhl,2025/26,2025-12-18,CBJ,MIN,2,5,,nhl-api
nhl,2025/26,2025-12-18,CGY,SEA,4,2,,nhl-api
nhl,2025/26,2025-12-18,MTL,CHI,4,1,,nhl-api
nhl,2025/26,2025-12-18,OTT,PIT,4,0,,nhl-api
nhl,2025/26,2025-12-18,SJS,DAL,3,5,,nhl-api
nhl,2025/26,2025-12-18,STL,NYR,1,2,,nhl-api
nhl,2025/26,2025-12-18,TBL,LAK,1,2,,nhl-api
nhl,2025/26,2025-12-18,WSH,TOR,4,0,,nhl-api
nhl,2025/26,2025-12-19,ANA,DAL,3,8,,nhl-api
nhl,2025/26,2025-12-19,COL,WPG,3,2,,nhl-api
nhl,2025/26,2025-12-19,FLA,CAR,3,3,,nhl-api
nhl,2025/26,2025-12-19,NYI,VAN,1,4,,nhl-api
nhl,2025/26,2025-12-19,UTA,NJD,1,2,,nhl-api
nhl,2025/26,2025-12-20,ANA,CBJ,4,3,,nhl-api
nhl,2025/26,2025-12-20,BOS,VAN,4,4,,nhl-api
nhl,2025/26,2025-12-20,BUF,NYI,2,2,,nhl-api
nhl,2025/26,2025-12-20,CGY,VGK,6,3,,nhl-api
nhl,2025/26,2025-12-20,FLA,STL,2,6,,nhl-api
nhl,2025/26,2025-12-20,MIN,EDM,5,2,,nhl-api
nhl,2025/26,2025-12-20,MTL,PIT,4,0,,nhl-api
nhl,2025/26,2025-12-20,NSH,TOR,5,3,,nhl-api
nhl,2025/26,2025-12-20,NYR,PHI,4,4,,nhl-api
nhl,2025/26,2025-12-20,OTT,CHI,6,4,,nhl-api
nhl,2025/26,2025-12-20,SJS,SEA,2,4,,nhl-api
nhl,2025/26,2025-12-20,TBL,CAR,6,4,,nhl-api
nhl,2025/26,2025-12-20,WSH,DET,2,5,,nhl-api
nhl,2025/26,2025-12-21,BOS,OTT,2,6,,nhl-api
nhl,2025/26,2025-12-21,DAL,TOR,5,1,,nhl-api
nhl,2025/26,2025-12-21,DET,WSH,3,2,,nhl-api
nhl,2025/26,2025-12-21,EDM,VGK,4,3,,nhl-api
nhl,2025/26,2025-12-21,MIN,COL,1,5,,nhl-api
nhl,2025/26,2025-12-21,NJD,BUF,1,3,,nhl-api
nhl,2025/26,2025-12-21,NSH,NYR,2,1,,nhl-api
nhl,2025/26,2025-12-21,PIT,MTL,3,3,,nhl-api
nhl,2025/26,2025-12-21,UTA,WPG,4,3,,nhl-api
nhl,2025/26,2025-12-22,ANA,SEA,1,3,,nhl-api
nhl,2025/26,2025-12-22,LAK,CBJ,1,3,,nhl-api
nhl,2025/26,2025-12-22,PHI,VAN,5,2,,nhl-api
nhl,2025/26,2025-12-22,TBL,STL,4,1,,nhl-api
nhl,2025/26,2025-12-23,BOS,MTL,2,6,,nhl-api
nhl,2025/26,2025-12-23,CAR,FLA,2,5,,nhl-api
nhl,2025/26,2025-12-23,CHI,PHI,1,3,,nhl-api
nhl,2025/26,2025-12-23,COL,UTA,1,0,,nhl-api
nhl,2025/26,2025-12-23,DET,DAL,4,3,,nhl-api
nhl,2025/26,2025-12-23,EDM,CGY,5,1,,nhl-api
nhl,2025/26,2025-12-23,LAK,SEA,2,3,,nhl-api
nhl,2025/26,2025-12-23,MIN,NSH,2,3,,nhl-api
nhl,2025/26,2025-12-23,NYI,NJD,2,1,,nhl-api
nhl,2025/26,2025-12-23,OTT,BUF,2,3,,nhl-api
nhl,2025/26,2025-12-23,TOR,PIT,6,3,,nhl-api
nhl,2025/26,2025-12-23,VGK,SJS,7,2,,nhl-api
nhl,2025/26,2025-12-23,WSH,NYR,3,7,,nhl-api
nhl,2025/26,2025-12-27,BUF,BOS,4,1,,nhl-api
nhl,2025/26,2025-12-27,CAR,DET,5,2,,nhl-api
nhl,2025/26,2025-12-27,CGY,EDM,3,2,,nhl-api
nhl,2025/26,2025-12-27,DAL,CHI,3,3,,nhl-api
nhl,2025/26,2025-12-27,FLA,TBL,2,4,,nhl-api
nhl,2025/26,2025-12-27,LAK,ANA,6,1,,nhl-api
nhl,2025/26,2025-12-27,NJD,WSH,3,4,,nhl-api
nhl,2025/26,2025-12-27,NYI,NYR,2,0,,nhl-api
nhl,2025/26,2025-12-27,STL,NSH,3,2,,nhl-api
nhl,2025/26,2025-12-27,TOR,OTT,7,5,,nhl-api
nhl,2025/26,2025-12-27,VAN,SJS,3,6,,nhl-api
nhl,2025/26,2025-12-27,VGK,COL,5,5,,nhl-api
nhl,2025/26,2025-12-27,WPG,MIN,3,4,,nhl-api
nhl,2025/26,2025-12-28,CBJ,NYI,4,2,,nhl-api
nhl,2025/26,2025-12-28,CHI,PIT,3,7,,nhl-api
nhl,2025/26,2025-12-28,DET,TOR,3,2,,nhl-api
nhl,2025/26,2025-12-28,SEA,PHI,4,1,,nhl-api
nhl,2025/26,2025-12-28,TBL,MTL,4,4,,nhl-api
nhl,2025/26,2025-12-29,ANA,SJS,4,5,,nhl-api
nhl,2025/26,2025-12-29,CAR,NYR,3,2,,nhl-api
nhl,2025/26,2025-12-29,CGY,BOS,2,1,,nhl-api
nhl,2025/26,2025-12-29,COL,LAK,5,2,,nhl-api
nhl,2025/26,2025-12-29,FLA,WSH,5,3,,nhl-api
nhl,2025/26,2025-12-29,OTT,CBJ,1,4,,nhl-api
nhl,2025/26,2025-12-29,SEA,VAN,2,2,,nhl-api
nhl,2025/26,2025-12-29,STL,BUF,2,4,,nhl-api
nhl,2025/26,2025-12-29,UTA,NSH,3,4,,nhl-api
nhl,2025/26,2025-12-29,VGK,MIN,2,5,,nhl-api
nhl,2025/26,2025-12-29,WPG,EDM,1,3,,nhl-api
nhl,2025/26,2025-12-30,CHI,NYI,2,2,,nhl-api
nhl,2025/26,2025-12-30,FLA,MTL,2,3,,nhl-api
nhl,2025/26,2025-12-30,PIT,CAR,5,1,,nhl-api
nhl,2025/26,2025-12-30,TOR,NJD,4,0,,nhl-api
nhl,2025/26,2025-12-30,VAN,PHI,3,6,,nhl-api
nhl,2025/26,2025-12-31,ANA,TBL,3,4,,nhl-api
nhl,2025/26,2025-12-31,CBJ,NJD,2,3,,nhl-api
nhl,2025/26,2025-12-31,CGY,PHI,5,1,,nhl-api
nhl,2025/26,2025-12-31,COL,STL,6,1,,nhl-api
nhl,2025/26,2025-12-31,DAL,BUF,1,4,,nhl-api
nhl,2025/26,2025-12-31,DET,WPG,2,1,,nhl-api
nhl,2025/26,2025-12-31,EDM,BOS,2,6,,nhl-api
nhl,2025/26,2025-12-31,SJS,MIN,3,3,,nhl-api
nhl,2025/26,2025-12-31,VGK,NSH,2,4,,nhl-api
nhl,2025/26,2025-12-31,WSH,NYR,6,3,,nhl-api
nhl,2025/26,2026-01-01,CAR,MTL,5,7,,nhl-api
nhl,2025/26,2026-01-01,CHI,DAL,4,3,,nhl-api
nhl,2025/26,2026-01-01,LAK,TBL,3,5,,nhl-api
nhl,2025/26,2026-01-01,NYI,UTA,2,7,,nhl-api
nhl,2025/26,2026-01-01,OTT,WSH,4,3,,nhl-api
nhl,2025/26,2026-01-01,PIT,DET,4,3,,nhl-api
nhl,2025/26,2026-01-01,SEA,NSH,4,1,,nhl-api
nhl,2025/26,2026-01-01,TOR,WPG,6,5,,nhl-api
nhl,2025/26,2026-01-02,ANA,MIN,2,5,,nhl-api
nhl,2025/26,2026-01-02,FLA,NYR,1,5,,nhl-api
nhl,2025/26,2026-01-02,STL,VGK,4,3,,nhl-api
nhl,2025/26,2026-01-02,VAN,SEA,3,3,,nhl-api
nhl,2025/26,2026-01-03,CAR,COL,3,5,,nhl-api
nhl,2025/26,2026-01-03,CBJ,BUF,5,1,,nhl-api
nhl,2025/26,2026-01-03,CGY,NSH,3,4,,nhl-api
nhl,2025/26,2026-01-03,DET,PIT,1,4,,nhl-api
nhl,2025/26,2026-01-03,EDM,PHI,2,5,,nhl-api
nhl,2025/26,2026-01-03,LAK,MIN,4,4,,nhl-api
nhl,2025/26,2026-01-03,NJD,UTA,4,1,,nhl-api
nhl,2025/26,2026-01-03,NYI,TOR,4,3,,nhl-api
nhl,2025/26,2026-01-03,OTT,WPG,4,2,,nhl-api
nhl,2025/26,2026-01-03,SJS,TBL,3,7,,nhl-api
nhl,2025/26,2026-01-03,STL,MTL,2,0,,nhl-api
nhl,2025/26,2026-01-03,VAN,BOS,2,3,,nhl-api
nhl,2025/26,2026-01-03,WSH,CHI,2,2,,nhl-api
nhl,2025/26,2026-01-04,CBJ,PIT,4,5,,nhl-api
nhl,2025/26,2026-01-04,CHI,VGK,3,2,,nhl-api
nhl,2025/26,2026-01-04,DAL,MTL,3,4,,nhl-api
nhl,2025/26,2026-01-04,FLA,COL,2,1,,nhl-api
nhl,2025/26,2026-01-04,NJD,CAR,1,3,,nhl-api
nhl,2025/26,2026-01-05,CGY,SEA,1,5,,nhl-api
nhl,2025/26,2026-01-05,LAK,MIN,4,2,,nhl-api
nhl,2025/26,2026-01-05,NYR,UTA,2,3,,nhl-api
nhl,2025/26,2026-01-05,OTT,DET,3,5,,nhl-api
nhl,2025/26,2026-01-05,WSH,ANA,7,4,,nhl-api
nhl,2025/26,2026-01-06,BUF,VAN,5,3,,nhl-api
nhl,2025/26,2026-01-06,CAR,DAL,6,3,,nhl-api
nhl,2025/26,2026-01-06,EDM,NSH,6,2,,nhl-api
nhl,2025/26,2026-01-06,NYI,NJD,9,0,,nhl-api
nhl,2025/26,2026-01-06,PHI,ANA,5,2,,nhl-api
nhl,2025/26,2026-01-06,SEA,BOS,7,4,,nhl-api
nhl,2025/26,2026-01-06,SJS,CBJ,5,2,,nhl-api
nhl,2025/26,2026-01-06,TBL,COL,4,2,,nhl-api
nhl,2025/26,2026-01-06,TOR,FLA,4,1,,nhl-api
nhl,2025/26,2026-01-06,WPG,VGK,3,4,,nhl-api
nhl,2025/26,2026-01-07,CHI,STL,7,3,,nhl-api
nhl,2025/26,2026-01-07,LAK,SJS,3,4,,nhl-api
nhl,2025/26,2026-01-07,MTL,CGY,4,1,,nhl-api
nhl,2025/26,2026-01-07,UTA,OTT,3,1,,nhl-api
nhl,2025/26,2026-01-07,WSH,DAL,1,4,,nhl-api
nhl,2025/26,2026-01-08,BOS,CGY,4,1,,nhl-api
nhl,2025/26,2026-01-08,CAR,ANA,5,2,,nhl-api
nhl,2025/26,2026-01-08,COL,OTT,8,2,,nhl-api
nhl,2025/26,2026-01-08,DET,VAN,5,1,,nhl-api
nhl,2025/26,2026-01-08,MTL,FLA,6,2,,nhl-api
nhl,2025/26,2026-01-08,NSH,NYI,1,1,,nhl-api
nhl,2025/26,2026-01-08,NYR,BUF,2,5,,nhl-api
nhl,2025/26,2026-01-08,PHI,TOR,1,2,,nhl-api
nhl,2025/26,2026-01-08,PIT,NJD,4,1,,nhl-api
nhl,2025/26,2026-01-08,SEA,MIN,2,3,,nhl-api
nhl,2025/26,2026-01-08,VGK,CBJ,5,3,,nhl-api
nhl,2025/26,2026-01-08,WPG,EDM,3,4,,nhl-api
nhl,2025/26,2026-01-09,CHI,WSH,1,5,,nhl-api
nhl,2025/26,2026-01-09,UTA,STL,4,2,,nhl-api
nhl,2025/26,2026-01-09,WPG,LAK,5,1,,nhl-api
nhl,2025/26,2026-01-10,BOS,NYR,10,2,,nhl-api
nhl,2025/26,2026-01-10,BUF,ANA,5,3,,nhl-api
nhl,2025/26,2026-01-10,CAR,SEA,3,2,,nhl-api
nhl,2025/26,2026-01-10,COL,CBJ,4,0,,nhl-api
nhl,2025/26,2026-01-10,EDM,LAK,3,3,,nhl-api
nhl,2025/26,2026-01-10,MIN,NYI,3,4,,nhl-api
nhl,2025/26,2026-01-10,MTL,DET,0,4,,nhl-api
nhl,2025/26,2026-01-10,NSH,CHI,0,3,,nhl-api
nhl,2025/26,2026-01-10,OTT,FLA,2,3,,nhl-api
nhl,2025/26,2026-01-10,PHI,TBL,2,7,,nhl-api
nhl,2025/26,2026-01-10,PIT,CGY,1,2,,nhl-api
nhl,2025/26,2026-01-10,SJS,DAL,5,4,,nhl-api
nhl,2025/26,2026-01-10,TOR,VAN,5,0,,nhl-api
nhl,2025/26,2026-01-10,VGK,STL,4,2,,nhl-api
nhl,2025/26,2026-01-11,BOS,PIT,1,0,,nhl-api
nhl,2025/26,2026-01-11,NSH,WSH,3,2,,nhl-api
nhl,2025/26,2026-01-11,SJS,VGK,2,7,,nhl-api
nhl,2025/26,2026-01-11,UTA,CBJ,2,3,,nhl-api
nhl,2025/26,2026-01-11,WPG,NJD,4,3,,nhl-api
nhl,2025/26,2026-01-12,BUF,FLA,3,4,,nhl-api
nhl,2025/26,2026-01-12,CHI,EDM,1,4,,nhl-api
nhl,2025/26,2026-01-12,COL,TOR,3,4,,nhl-api
nhl,2025/26,2026-01-12,DET,CAR,4,3,,nhl-api
nhl,2025/26,2026-01-12,LAK,DAL,1,3,,nhl-api
nhl,2025/26,2026-01-12,MIN,NJD,2,5,,nhl-api
nhl,2025/26,2026-01-12,MTL,VAN,6,3,,nhl-api
nhl,2025/26,2026-01-12,NYR,SEA,2,4,,nhl-api
nhl,2025/26,2026-01-12,PHI,TBL,1,5,,nhl-api
nhl,2025/26,2026-01-13,ANA,DAL,3,1,,nhl-api
nhl,2025/26,2026-01-13,BOS,DET,3,0,,nhl-api
nhl,2025/26,2026-01-13,CBJ,CGY,5,3,,nhl-api
nhl,2025/26,2026-01-13,NSH,EDM,4,3,,nhl-api
nhl,2025/26,2026-01-13,OTT,VAN,2,1,,nhl-api
nhl,2025/26,2026-01-13,PIT,TBL,1,1,,nhl-api
nhl,2025/26,2026-01-13,STL,CAR,3,0,,nhl-api
nhl,2025/26,2026-01-13,UTA,TOR,6,1,,nhl-api
nhl,2025/26,2026-01-13,WPG,NYI,5,4,,nhl-api
nhl,2025/26,2026-01-13,WSH,MTL,3,2,,nhl-api
nhl,2025/26,2026-01-14,BUF,PHI,5,2,,nhl-api
nhl,2025/26,2026-01-14,LAK,VGK,2,3,,nhl-api
nhl,2025/26,2026-01-14,NJD,SEA,3,2,,nhl-api
nhl,2025/26,2026-01-14,NYR,OTT,4,8,,nhl-api
nhl,2025/26,2026-01-15,BOS,SEA,4,2,,nhl-api
nhl,2025/26,2026-01-15,BUF,MTL,5,3,,nhl-api
nhl,2025/26,2026-01-15,CBJ,VAN,4,1,,nhl-api
nhl,2025/26,2026-01-15,CHI,CGY,1,3,,nhl-api
nhl,2025/26,2026-01-15,EDM,NYI,0,1,,nhl-api
nhl,2025/26,2026-01-15,MIN,WPG,2,6,,nhl-api
nhl,2025/26,2026-01-15,PIT,PHI,6,3,,nhl-api
nhl,2025/26,2026-01-15,UTA,DAL,2,1,,nhl-api
nhl,2025/26,2026-01-15,VGK,TOR,6,5,,nhl-api
nhl,2025/26,2026-01-15,WSH,SJS,2,3,,nhl-api
nhl,2025/26,2026-01-16,CAR,FLA,9,1,,nhl-api
nhl,2025/26,2026-01-16,COL,NSH,3,7,,nhl-api
nhl,2025/26,2026-01-16,DET,SJS,4,2,,nhl-api
nhl,2025/26,2026-01-16,LAK,ANA,2,2,,nhl-api
nhl,2025/26,2026-01-16,STL,TBL,2,2,,nhl-api
nhl,2025/26,2026-01-17,ANA,LAK,2,1,,nhl-api
nhl,2025/26,2026-01-17,BUF,MIN,4,5,,nhl-api
nhl,2025/26,2026-01-17,CGY,NYI,4,2,,nhl-api
nhl,2025/26,2026-01-17,CHI,BOS,2,5,,nhl-api
nhl,2025/26,2026-01-17,NJD,CAR,1,4,,nhl-api
nhl,2025/26,2026-01-17,OTT,MTL,5,6,,nhl-api
nhl,2025/26,2026-01-17,PHI,NYR,3,6,,nhl-api
nhl,2025/26,2026-01-17,PIT,CBJ,3,3,,nhl-api
nhl,2025/26,2026-01-17,UTA,SEA,6,3,,nhl-api
nhl,2025/26,2026-01-17,VAN,EDM,0,6,,nhl-api
nhl,2025/26,2026-01-17,VGK,NSH,7,2,,nhl-api
nhl,2025/26,2026-01-17,WPG,TOR,3,4,,nhl-api
nhl,2025/26,2026-01-17,WSH,FLA,2,5,,nhl-api
nhl,2025/26,2026-01-18,DAL,TBL,1,4,,nhl-api
nhl,2025/26,2026-01-18,DET,OTT,4,3,,nhl-api
nhl,2025/26,2026-01-18,EDM,STL,5,0,,nhl-api
nhl,2025/26,2026-01-19,ANA,NYR,5,3,,nhl-api
nhl,2025/26,2026-01-19,CAR,BUF,2,1,,nhl-api
nhl,2025/26,2026-01-19,CGY,NJD,1,2,,nhl-api
nhl,2025/26,2026-01-19,CHI,WPG,2,0,,nhl-api
nhl,2025/26,2026-01-19,COL,WSH,5,2,,nhl-api
nhl,2025/26,2026-01-19,FLA,SJS,1,4,,nhl-api
nhl,2025/26,2026-01-19,SEA,PIT,3,6,,nhl-api
nhl,2025/26,2026-01-19,TOR,MIN,3,6,,nhl-api
nhl,2025/26,2026-01-19,VAN,NYI,3,4,,nhl-api
nhl,2025/26,2026-01-19,VGK,PHI,1,2,,nhl-api
nhl,2025/26,2026-01-20,CBJ,OTT,1,4,,nhl-api
nhl,2025/26,2026-01-20,DAL,BOS,6,2,,nhl-api
nhl,2025/26,2026-01-20,EDM,NJD,1,2,,nhl-api
nhl,2025/26,2026-01-20,LAK,NYR,4,3,,nhl-api
nhl,2025/26,2026-01-20,MTL,MIN,4,3,,nhl-api
nhl,2025/26,2026-01-20,NSH,BUF,3,5,,nhl-api
nhl,2025/26,2026-01-20,TBL,SJS,4,1,,nhl-api
nhl,2025/26,2026-01-20,WPG,STL,3,1,,nhl-api
nhl,2025/26,2026-01-21,CGY,PIT,1,4,,nhl-api
nhl,2025/26,2026-01-21,COL,ANA,1,1,,nhl-api
nhl,2025/26,2026-01-21,SEA,NYI,4,1,,nhl-api
nhl,2025/26,2026-01-21,TOR,DET,1,2,,nhl-api
nhl,2025/26,2026-01-21,UTA,PHI,5,4,,nhl-api
nhl,2025/26,2026-01-21,VAN,WSH,4,3,,nhl-api
nhl,2025/26,2026-01-22,BOS,VGK,4,3,,nhl-api
nhl,2025/26,2026-01-22,CAR,CHI,3,3,,nhl-api
nhl,2025/26,2026-01-22,CBJ,DAL,1,0,,nhl-api
nhl,2025/26,2026-01-22,EDM,PIT,2,6,,nhl-api
nhl,2025/26,2026-01-22,MIN,DET,4,3,,nhl-api
nhl,2025/26,2026-01-22,MTL,BUF,2,4,,nhl-api
nhl,2025/26,2026-01-22,NSH,OTT,5,3,,nhl-api
nhl,2025/26,2026-01-22,WPG,FLA,1,1,,nhl-api
nhl,2025/26,2026-01-23,CGY,WSH,1,3,,nhl-api
nhl,2025/26,2026-01-23,CHI,TBL,1,1,,nhl-api
nhl,2025/26,2026-01-23,COL,PHI,3,7,,nhl-api
nhl,2025/26,2026-01-23,DAL,STL,3,2,,nhl-api
nhl,2025/26,2026-01-23,SEA,ANA,2,4,,nhl-api
nhl,2025/26,2026-01-23,SJS,NYR,3,1,,nhl-api
nhl,2025/26,2026-01-23,TOR,VGK,3,6,,nhl-api
nhl,2025/26,2026-01-23,VAN,NJD,4,5,,nhl-api
nhl,2025/26,2026-01-24,BOS,MTL,4,3,,nhl-api
nhl,2025/26,2026-01-24,CBJ,TBL,8,5,,nhl-api
nhl,2025/26,2026-01-24,EDM,WSH,6,5,,nhl-api
nhl,2025/26,2026-01-24,MIN,FLA,3,4,,nhl-api
nhl,2025/26,2026-01-24,NSH,UTA,2,5,,nhl-api
nhl,2025/26,2026-01-24,NYI,BUF,0,5,,nhl-api
nhl,2025/26,2026-01-24,OTT,CAR,1,4,,nhl-api
nhl,2025/26,2026-01-24,STL,LAK,4,4,,nhl-api
nhl,2025/26,2026-01-24,WPG,DET,1,5,,nhl-api
nhl,2025/26,2026-01-25,CGY,ANA,3,4,,nhl-api
nhl,2025/26,2026-01-25,CHI,FLA,1,5,,nhl-api
nhl,2025/26,2026-01-25,OTT,VGK,7,1,,nhl-api
nhl,2025/26,2026-01-25,SEA,NJD,4,2,,nhl-api
nhl,2025/26,2026-01-25,TOR,COL,1,4,,nhl-api
nhl,2025/26,2026-01-25,VAN,PIT,2,3,,nhl-api
nhl,2025/26,2026-01-26,EDM,ANA,7,4,,nhl-api
nhl,2025/26,2026-01-26,NYR,BOS,4,3,,nhl-api
nhl,2025/26,2026-01-26,PHI,NYI,0,4,,nhl-api
nhl,2025/26,2026-01-26,TBL,UTA,2,0,,nhl-api
nhl,2025/26,2026-01-27,BOS,NSH,3,2,,nhl-api
nhl,2025/26,2026-01-27,DET,LAK,1,3,,nhl-api
nhl,2025/26,2026-01-27,FLA,UTA,3,4,,nhl-api
nhl,2025/26,2026-01-27,MIN,CHI,3,3,,nhl-api
nhl,2025/26,2026-01-27,MTL,VGK,3,2,,nhl-api
nhl,2025/26,2026-01-27,NJD,WPG,3,4,,nhl-api
nhl,2025/26,2026-01-27,SEA,WSH,5,1,,nhl-api
nhl,2025/26,2026-01-27,STL,DAL,3,4,,nhl-api
nhl,2025/26,2026-01-27,TOR,BUF,4,7,,nhl-api
nhl,2025/26,2026-01-27,VAN,SJS,2,5,,nhl-api
nhl,2025/26,2026-01-28,CBJ,PHI,5,3,,nhl-api
nhl,2025/26,2026-01-28,NYI,NYR,5,2,,nhl-api
nhl,2025/26,2026-01-28,OTT,COL,5,2,,nhl-api
nhl,2025/26,2026-01-29,BOS,PHI,6,3,,nhl-api
nhl,2025/26,2026-01-29,BUF,LAK,4,1,,nhl-api
nhl,2025/26,2026-01-29,CAR,UTA,5,4,,nhl-api
nhl,2025/26,2026-01-29,DET,WSH,3,3,,nhl-api
nhl,2025/26,2026-01-29,EDM,SJS,4,3,,nhl-api
nhl,2025/26,2026-01-29,MIN,CGY,4,1,,nhl-api
nhl,2025/26,2026-01-29,MTL,COL,7,3,,nhl-api
nhl,2025/26,2026-01-29,NJD,NSH,3,2,,nhl-api
nhl,2025/26,2026-01-29,NYR,NYI,1,2,,nhl-api
nhl,2025/26,2026-01-29,PIT,CHI,6,2,,nhl-api
nhl,2025/26,2026-01-29,SEA,TOR,5,2,,nhl-api
nhl,2025/26,2026-01-29,STL,FLA,5,4,,nhl-api
nhl,2025/26,2026-01-29,TBL,WPG,4,1,,nhl-api
nhl,2025/26,2026-01-29,VAN,ANA,2,0,,nhl-api
nhl,2025/26,2026-01-29,VGK,DAL,4,4,,nhl-api
nhl,2025/26,2026-01-30,CHI,CBJ,2,4,,nhl-api
nhl,2025/26,2026-01-31,BUF,MTL,2,4,,nhl-api
nhl,2025/26,2026-01-31,CGY,SJS,3,2,,nhl-api
nhl,2025/26,2026-01-31,DET,COL,0,5,,nhl-api
nhl,2025/26,2026-01-31,EDM,MIN,3,7,,nhl-api
nhl,2025/26,2026-01-31,FLA,WPG,1,2,,nhl-api
nhl,2025/26,2026-01-31,NYI,NSH,3,4,,nhl-api
nhl,2025/26,2026-01-31,OTT,NJD,4,1,,nhl-api
nhl,2025/26,2026-01-31,PHI,LAK,2,3,,nhl-api
nhl,2025/26,2026-01-31,PIT,NYR,6,5,,nhl-api
nhl,2025/26,2026-01-31,STL,CBJ,3,5,,nhl-api
nhl,2025/26,2026-01-31,UTA,DAL,2,3,,nhl-api
nhl,2025/26,2026-01-31,VAN,TOR,2,2,,nhl-api
nhl,2025/26,2026-01-31,VGK,SEA,2,3,,nhl-api
nhl,2025/26,2026-01-31,WSH,CAR,4,3,,nhl-api
nhl,2025/26,2026-02-01,ANA,VGK,4,3,,nhl-api
nhl,2025/26,2026-02-01,CAR,LAK,3,2,,nhl-api
nhl,2025/26,2026-02-01,TBL,BOS,5,5,,nhl-api
nhl,2025/26,2026-02-02,CGY,TOR,2,4,,nhl-api
nhl,2025/26,2026-02-02,CHI,SJS,6,3,,nhl-api
nhl,2025/26,2026-02-02,COL,DET,0,2,,nhl-api
nhl,2025/26,2026-02-02,DAL,WPG,4,3,,nhl-api
nhl,2025/26,2026-02-02,FLA,BUF,3,5,,nhl-api
nhl,2025/26,2026-02-02,MIN,MTL,4,3,,nhl-api
nhl,2025/26,2026-02-02,NSH,STL,6,5,,nhl-api
nhl,2025/26,2026-02-02,PIT,OTT,2,3,,nhl-api
nhl,2025/26,2026-02-02,UTA,VAN,6,2,,nhl-api
nhl,2025/26,2026-02-02,WSH,NYI,4,1,,nhl-api
nhl,2025/26,2026-02-03,ANA,SEA,4,2,,nhl-api
nhl,2025/26,2026-02-03,CAR,OTT,4,3,,nhl-api
nhl,2025/26,2026-02-03,EDM,TOR,2,5,,nhl-api
nhl,2025/26,2026-02-03,NJD,CBJ,0,3,,nhl-api
nhl,2025/26,2026-02-03,NYI,PIT,5,4,,nhl-api
nhl,2025/26,2026-02-03,PHI,WSH,4,2,,nhl-api
nhl,2025/26,2026-02-03,TBL,BUF,4,3,,nhl-api
nhl,2025/26,2026-02-04,CBJ,CHI,4,0,,nhl-api
nhl,2025/26,2026-02-04,CGY,EDM,4,3,,nhl-api
nhl,2025/26,2026-02-04,COL,SJS,4,2,,nhl-api
nhl,2025/26,2026-02-04,DAL,STL,5,4,,nhl-api
nhl,2025/26,2026-02-04,FLA,BOS,4,4,,nhl-api
nhl,2025/26,2026-02-04,LAK,SEA,2,4,,nhl-api
nhl,2025/26,2026-02-04,NSH,MIN,5,6,,nhl-api
nhl,2025/26,2026-02-04,UTA,DET,4,1,,nhl-api
nhl,2025/26,2026-02-04,VGK,VAN,5,2,,nhl-api
nhl,2025/26,2026-02-04,WPG,MTL,1,5,,nhl-api
nhl,2025/26,2026-02-05,BUF,PIT,2,5,,nhl-api
nhl,2025/26,2026-02-05,NJD,NYI,1,3,,nhl-api
nhl,2025/26,2026-02-05,NYR,CAR,0,2,,nhl-api
nhl,2025/26,2026-02-05,PHI,OTT,1,2,,nhl-api
nhl,2025/26,2026-02-05,TBL,FLA,6,1,,nhl-api
nhl,2025/26,2026-02-05,VGK,LAK,4,1,,nhl-api
nhl,2025/26,2026-02-05,WSH,NSH,4,2,,nhl-api
nhl,2025/26,2026-02-25,ANA,EDM,6,5,,nhl-api
nhl,2025/26,2026-02-25,DAL,SEA,4,1,,nhl-api
nhl,2025/26,2026-02-25,LAK,VGK,4,6,,nhl-api
nhl,2025/26,2026-02-25,NJD,BUF,1,2,,nhl-api
nhl,2025/26,2026-02-25,TBL,TOR,4,2,,nhl-api
nhl,2025/26,2026-02-25,UTA,COL,2,4,,nhl-api
nhl,2025/26,2026-02-25,VAN,WPG,2,3,,nhl-api
nhl,2025/26,2026-02-25,WSH,PHI,3,1,,nhl-api
nhl,2025/26,2026-02-26,BOS,CBJ,4,2,,nhl-api
nhl,2025/26,2026-02-26,CAR,TBL,5,4,,nhl-api
nhl,2025/26,2026-02-26,COL,MIN,2,5,,nhl-api
nhl,2025/26,2026-02-26,FLA,TOR,5,1,,nhl-api
nhl,2025/26,2026-02-26,LAK,EDM,1,8,,nhl-api
nhl,2025/26,2026-02-26,MTL,NYI,3,4,,nhl-api
nhl,2025/26,2026-02-26,NSH,CHI,4,2,,nhl-api
nhl,2025/26,2026-02-26,NYR,PHI,2,3,,nhl-api
nhl,2025/26,2026-02-26,OTT,DET,1,2,,nhl-api
nhl,2025/26,2026-02-26,PIT,NJD,4,1,,nhl-api
nhl,2025/26,2026-02-26,SJS,CGY,1,4,,nhl-api
nhl,2025/26,2026-02-26,STL,SEA,5,1,,nhl-api
nhl,2025/26,2026-02-27,ANA,WPG,5,4,,nhl-api
nhl,2025/26,2026-02-27,FLA,BUF,2,3,,nhl-api
nhl,2025/26,2026-02-27,UTA,MIN,5,2,,nhl-api
nhl,2025/26,2026-02-27,WSH,VGK,3,2,,nhl-api
nhl,2025/26,2026-02-28,CAR,DET,5,2,,nhl-api
nhl,2025/26,2026-02-28,CBJ,NYI,3,4,,nhl-api
nhl,2025/26,2026-02-28,COL,CHI,3,1,,nhl-api
nhl,2025/26,2026-02-28,DAL,NSH,3,2,,nhl-api
nhl,2025/26,2026-02-28,LAK,CGY,2,0,,nhl-api
nhl,2025/26,2026-02-28,MTL,WSH,6,2,,nhl-api
nhl,2025/26,2026-02-28,NYR,PIT,2,2,,nhl-api
nhl,2025/26,2026-02-28,PHI,BOS,3,1,,nhl-api
nhl,2025/26,2026-02-28,SEA,VAN,5,1,,nhl-api
nhl,2025/26,2026-02-28,SJS,EDM,5,4,,nhl-api
nhl,2025/26,2026-02-28,STL,NJD,1,3,,nhl-api
nhl,2025/26,2026-02-28,TBL,BUF,2,6,,nhl-api
nhl,2025/26,2026-02-28,TOR,OTT,2,5,,nhl-api
nhl,2025/26,2026-03-01,ANA,CGY,2,2,,nhl-api
nhl,2025/26,2026-03-01,MIN,STL,1,3,,nhl-api
nhl,2025/26,2026-03-01,NYI,FLA,5,4,,nhl-api
nhl,2025/26,2026-03-01,PIT,VGK,5,0,,nhl-api
nhl,2025/26,2026-03-01,SJS,WPG,2,1,,nhl-api
nhl,2025/26,2026-03-01,UTA,CHI,0,4,,nhl-api
nhl,2025/26,2026-03-02,LAK,COL,2,4,,nhl-api
nhl,2025/26,2026-03-02,NSH,DET,2,4,,nhl-api
nhl,2025/26,2026-03-02,NYR,CBJ,4,5,,nhl-api
nhl,2025/26,2026-03-02,SEA,CAR,2,1,,nhl-api
nhl,2025/26,2026-03-02,TOR,PHI,2,2,,nhl-api
nhl,2025/26,2026-03-02,VAN,DAL,1,6,,nhl-api
nhl,2025/26,2026-03-03,ANA,COL,1,5,,nhl-api
nhl,2025/26,2026-03-03,BOS,PIT,2,1,,nhl-api
nhl,2025/26,2026-03-03,BUF,VGK,3,2,,nhl-api
nhl,2025/26,2026-03-03,CBJ,NSH,3,2,,nhl-api
nhl,2025/26,2026-03-03,CGY,DAL,1,6,,nhl-api
nhl,2025/26,2026-03-03,EDM,OTT,5,4,,nhl-api
nhl,2025/26,2026-03-03,MIN,TBL,5,1,,nhl-api
nhl,2025/26,2026-03-03,NJD,FLA,5,1,,nhl-api
nhl,2025/26,2026-03-03,SJS,MTL,7,5,,nhl-api
nhl,2025/26,2026-03-03,WPG,CHI,3,2,,nhl-api
nhl,2025/26,2026-03-03,WSH,UTA,2,3,,nhl-api
nhl,2025/26,2026-03-04,ANA,NYI,5,1,,nhl-api
nhl,2025/26,2026-03-04,DET,VGK,3,4,,nhl-api
nhl,2025/26,2026-03-04,NJD,TOR,3,3,,nhl-api
nhl,2025/26,2026-03-04,SEA,STL,2,3,,nhl-api
nhl,2025/26,2026-03-04,VAN,CAR,4,6,,nhl-api
nhl,2025/26,2026-03-05,CBJ,FLA,4,2,,nhl-api
nhl,2025/26,2026-03-05,CGY,OTT,1,4,,nhl-api
nhl,2025/26,2026-03-05,LAK,NYI,5,3,,nhl-api
nhl,2025/26,2026-03-05,NSH,BOS,6,3,,nhl-api
nhl,2025/26,2026-03-05,NYR,TOR,6,2,,nhl-api
nhl,2025/26,2026-03-05,PHI,UTA,0,3,,nhl-api
nhl,2025/26,2026-03-05,PIT,BUF,1,5,,nhl-api
nhl,2025/26,2026-03-05,WPG,TBL,4,1,,nhl-api
nhl,2025/26,2026-03-06,ANA,MTL,5,5,,nhl-api
nhl,2025/26,2026-03-06,CHI,VAN,3,6,,nhl-api
nhl,2025/26,2026-03-06,DAL,COL,4,4,,nhl-api
nhl,2025/26,2026-03-06,DET,FLA,1,3,,nhl-api
nhl,2025/26,2026-03-06,EDM,CAR,3,6,,nhl-api
nhl,2025/26,2026-03-06,SJS,STL,2,3,,nhl-api
nhl,2025/26,2026-03-06,VGK,MIN,2,4,,nhl-api
nhl,2025/26,2026-03-07,BOS,WSH,3,1,,nhl-api
nhl,2025/26,2026-03-07,BUF,NSH,3,2,,nhl-api
nhl,2025/26,2026-03-07,CBJ,UTA,4,5,,nhl-api
nhl,2025/26,2026-03-07,CGY,CAR,5,4,,nhl-api
nhl,2025/26,2026-03-07,LAK,MTL,3,4,,nhl-api
nhl,2025/26,2026-03-07,NJD,NYR,6,3,,nhl-api
nhl,2025/26,2026-03-07,PIT,PHI,3,3,,nhl-api
nhl,2025/26,2026-03-07,SEA,OTT,4,7,,nhl-api
nhl,2025/26,2026-03-07,SJS,NYI,1,2,,nhl-api
nhl,2025/26,2026-03-07,TOR,TBL,2,5,,nhl-api
nhl,2025/26,2026-03-07,WPG,VAN,3,2,,nhl-api
nhl,2025/26,2026-03-08,ANA,STL,0,4,,nhl-api
nhl,2025/26,2026-03-08,BUF,TBL,8,7,,nhl-api
nhl,2025/26,2026-03-08,COL,MIN,2,2,,nhl-api
nhl,2025/26,2026-03-08,DAL,CHI,4,3,,nhl-api
nhl,2025/26,2026-03-08,NJD,DET,0,3,,nhl-api
nhl,2025/26,2026-03-08,PIT,BOS,5,4,,nhl-api
nhl,2025/26,2026-03-08,VGK,EDM,2,4,,nhl-api
nhl,2025/26,2026-03-09,CBJ,LAK,4,5,,nhl-api
nhl,2025/26,2026-03-09,CHI,UTA,3,2,,nhl-api
nhl,2025/26,2026-03-09,PHI,NYR,2,6,,nhl-api
nhl,2025/26,2026-03-09,VAN,OTT,0,2,,nhl-api
nhl,2025/26,2026-03-09,WSH,CGY,7,3,,nhl-api
nhl,2025/26,2026-03-10,BOS,LAK,2,1,,nhl-api
nhl,2025/26,2026-03-10,BUF,SJS,6,3,,nhl-api
nhl,2025/26,2026-03-10,CAR,PIT,4,4,,nhl-api
nhl,2025/26,2026-03-10,COL,EDM,3,4,,nhl-api
nhl,2025/26,2026-03-10,DAL,VGK,2,1,,nhl-api
nhl,2025/26,2026-03-10,FLA,DET,4,3,,nhl-api
nhl,2025/26,2026-03-10,MIN,UTA,5,0,,nhl-api
nhl,2025/26,2026-03-10,MTL,TOR,3,1,,nhl-api
nhl,2025/26,2026-03-10,NYR,CGY,4,0,,nhl-api
nhl,2025/26,2026-03-10,SEA,NSH,2,4,,nhl-api
nhl,2025/26,2026-03-10,STL,NYI,3,4,,nhl-api
nhl,2025/26,2026-03-10,TBL,CBJ,2,5,,nhl-api
nhl,2025/26,2026-03-10,WPG,ANA,1,4,,nhl-api
nhl,2025/26,2026-03-11,OTT,MTL,2,3,,nhl-api
nhl,2025/26,2026-03-11,PHI,WSH,4,1,,nhl-api
nhl,2025/26,2026-03-12,BOS,SJS,2,4,,nhl-api
nhl,2025/26,2026-03-12,BUF,WSH,1,2,,nhl-api
nhl,2025/26,2026-03-12,CAR,STL,1,3,,nhl-api
nhl,2025/26,2026-03-12,DAL,EDM,7,2,,nhl-api
nhl,2025/26,2026-03-12,FLA,CBJ,2,1,,nhl-api
nhl,2025/26,2026-03-12,MIN,PHI,2,2,,nhl-api
nhl,2025/26,2026-03-12,NJD,CGY,4,5,,nhl-api
nhl,2025/26,2026-03-12,SEA,COL,1,5,,nhl-api
nhl,2025/26,2026-03-12,TBL,DET,4,1,,nhl-api
nhl,2025/26,2026-03-12,TOR,ANA,6,4,,nhl-api
nhl,2025/26,2026-03-12,UTA,CHI,2,3,,nhl-api
nhl,2025/26,2026-03-12,VAN,NSH,3,3,,nhl-api
nhl,2025/26,2026-03-12,VGK,PIT,6,2,,nhl-api
nhl,2025/26,2026-03-12,WPG,NYR,3,6,,nhl-api
nhl,2025/26,2026-03-13,NYI,LAK,2,3,,nhl-api
nhl,2025/26,2026-03-13,STL,EDM,3,2,,nhl-api
nhl,2025/26,2026-03-14,BUF,TOR,2,2,,nhl-api
nhl,2025/26,2026-03-14,DAL,DET,3,2,,nhl-api
nhl,2025/26,2026-03-14,MIN,NYR,2,4,,nhl-api
nhl,2025/26,2026-03-14,MTL,SJS,2,4,,nhl-api
nhl,2025/26,2026-03-14,NJD,LAK,6,4,,nhl-api
nhl,2025/26,2026-03-14,NYI,CGY,3,2,,nhl-api
nhl,2025/26,2026-03-14,OTT,ANA,2,0,,nhl-api
nhl,2025/26,2026-03-14,PHI,CBJ,1,1,,nhl-api
nhl,2025/26,2026-03-14,TBL,CAR,2,4,,nhl-api
nhl,2025/26,2026-03-14,UTA,PIT,3,4,,nhl-api
nhl,2025/26,2026-03-14,VAN,SEA,2,5,,nhl-api
nhl,2025/26,2026-03-14,VGK,CHI,4,0,,nhl-api
nhl,2025/26,2026-03-14,WPG,COL,3,1,,nhl-api
nhl,2025/26,2026-03-14,WSH,BOS,2,2,,nhl-api
nhl,2025/26,2026-03-15,EDM,NSH,3,1,,nhl-api
nhl,2025/26,2026-03-15,MIN,TOR,2,4,,nhl-api
nhl,2025/26,2026-03-15,MTL,ANA,3,4,,nhl-api
nhl,2025/26,2026-03-15,OTT,SJS,7,4,,nhl-api
nhl,2025/26,2026-03-15,SEA,FLA,6,2,,nhl-api
nhl,2025/26,2026-03-15,WPG,STL,3,2,,nhl-api
nhl,2025/26,2026-03-16,COL,PIT,2,7,,nhl-api
nhl,2025/26,2026-03-16,DAL,UTA,3,6,,nhl-api
nhl,2025/26,2026-03-16,DET,CGY,5,2,,nhl-api
nhl,2025/26,2026-03-16,NJD,BOS,4,3,,nhl-api
nhl,2025/26,2026-03-16,NYR,LAK,1,4,,nhl-api
nhl,2025/26,2026-03-17,CBJ,CAR,5,1,,nhl-api
nhl,2025/26,2026-03-17,CHI,MIN,3,4,,nhl-api
nhl,2025/26,2026-03-17,EDM,SJS,5,3,,nhl-api
nhl,2025/26,2026-03-17,MTL,BOS,3,2,,nhl-api
nhl,2025/26,2026-03-17,SEA,TBL,2,6,,nhl-api
nhl,2025/26,2026-03-17,TOR,NYI,1,3,,nhl-api
nhl,2025/26,2026-03-17,VAN,FLA,5,2,,nhl-api
nhl,2025/26,2026-03-17,VGK,BUF,0,2,,nhl-api
nhl,2025/26,2026-03-17,WPG,NSH,3,3,,nhl-api
nhl,2025/26,2026-03-18,ANA,PHI,2,3,,nhl-api
nhl,2025/26,2026-03-18,CAR,PIT,6,5,,nhl-api
nhl,2025/26,2026-03-18,CGY,STL,1,1,,nhl-api
nhl,2025/26,2026-03-18,COL,DAL,1,1,,nhl-api
nhl,2025/26,2026-03-18,NYR,NJD,3,6,,nhl-api
nhl,2025/26,2026-03-18,WSH,OTT,4,1,,nhl-api
nhl,2025/26,2026-03-19,BOS,WPG,6,1,,nhl-api
nhl,2025/26,2026-03-19,CBJ,NYR,6,3,,nhl-api
nhl,2025/26,2026-03-19,DET,MTL,3,1,,nhl-api
nhl,2025/26,2026-03-19,EDM,FLA,0,4,,nhl-api
nhl,2025/26,2026-03-19,LAK,PHI,3,3,,nhl-api
nhl,2025/26,2026-03-19,MIN,CHI,1,2,,nhl-api
nhl,2025/26,2026-03-19,NSH,SEA,3,1,,nhl-api
nhl,2025/26,2026-03-19,OTT,NYI,3,2,,nhl-api
nhl,2025/26,2026-03-19,SJS,BUF,0,5,,nhl-api
nhl,2025/26,2026-03-19,VAN,TBL,2,6,,nhl-api
nhl,2025/26,2026-03-19,VGK,UTA,0,4,,nhl-api
nhl,2025/26,2026-03-20,CGY,FLA,4,1,,nhl-api
nhl,2025/26,2026-03-20,CHI,COL,1,4,,nhl-api
nhl,2025/26,2026-03-20,TOR,CAR,3,4,,nhl-api
nhl,2025/26,2026-03-20,UTA,ANA,1,4,,nhl-api
nhl,2025/26,2026-03-20,WSH,NJD,2,1,,nhl-api
nhl,2025/26,2026-03-21,CBJ,SEA,5,2,,nhl-api
nhl,2025/26,2026-03-21,DET,BOS,2,4,,nhl-api
nhl,2025/26,2026-03-21,EDM,TBL,2,5,,nhl-api
nhl,2025/26,2026-03-21,LAK,BUF,1,4,,nhl-api
nhl,2025/26,2026-03-21,MIN,DAL,2,1,,nhl-api
nhl,2025/26,2026-03-21,MTL,NYI,7,3,,nhl-api
nhl,2025/26,2026-03-21,NSH,VGK,4,1,,nhl-api
nhl,2025/26,2026-03-21,OTT,TOR,5,2,,nhl-api
nhl,2025/26,2026-03-21,PIT,WPG,4,4,,nhl-api
nhl,2025/26,2026-03-21,SJS,PHI,1,4,,nhl-api
nhl,2025/26,2026-03-21,VAN,STL,1,3,,nhl-api
nhl,2025/26,2026-03-22,ANA,BUF,6,5,,nhl-api
nhl,2025/26,2026-03-22,CGY,TBL,4,3,,nhl-api
nhl,2025/26,2026-03-22,CHI,NSH,2,3,,nhl-api
nhl,2025/26,2026-03-22,DAL,VGK,2,3,,nhl-api
nhl,2025/26,2026-03-22,NYI,CBJ,1,0,,nhl-api
nhl,2025/26,2026-03-22,NYR,WPG,2,2,,nhl-api
nhl,2025/26,2026-03-22,PIT,CAR,1,5,,nhl-api
nhl,2025/26,2026-03-22,UTA,LAK,4,3,,nhl-api
nhl,2025/26,2026-03-22,WSH,COL,2,3,,nhl-api
nhl,2025/26,2026-03-23,NYR,OTT,1,2,,nhl-api
nhl,2025/26,2026-03-24,BOS,TOR,2,4,,nhl-api
nhl,2025/26,2026-03-24,CGY,LAK,2,2,,nhl-api
nhl,2025/26,2026-03-24,DAL,NJD,4,6,,nhl-api
nhl,2025/26,2026-03-24,DET,OTT,2,3,,nhl-api
nhl,2025/26,2026-03-24,FLA,SEA,4,4,,nhl-api
nhl,2025/26,2026-03-24,MTL,CAR,5,2,,nhl-api
nhl,2025/26,2026-03-24,NSH,SJS,6,3,,nhl-api
nhl,2025/26,2026-03-24,NYI,CHI,3,4,,nhl-api
nhl,2025/26,2026-03-24,PHI,CBJ,2,3,,nhl-api
nhl,2025/26,2026-03-24,PIT,COL,2,6,,nhl-api
nhl,2025/26,2026-03-24,STL,WSH,3,0,,nhl-api
nhl,2025/26,2026-03-24,TBL,MIN,6,3,,nhl-api
nhl,2025/26,2026-03-24,UTA,EDM,2,5,,nhl-api
nhl,2025/26,2026-03-24,VAN,ANA,3,5,,nhl-api
nhl,2025/26,2026-03-24,WPG,VGK,4,1,,nhl-api
nhl,2025/26,2026-03-25,BUF,BOS,3,4,,nhl-api
nhl,2025/26,2026-03-25,TOR,NYR,4,3,,nhl-api
nhl,2025/26,2026-03-26,CGY,ANA,2,3,,nhl-api
nhl,2025/26,2026-03-26,FLA,MIN,2,3,,nhl-api
nhl,2025/26,2026-03-26,MTL,CBJ,2,1,,nhl-api
nhl,2025/26,2026-03-26,NSH,NJD,2,4,,nhl-api
nhl,2025/26,2026-03-26,NYI,DAL,2,1,,nhl-api
nhl,2025/26,2026-03-26,OTT,PIT,3,3,,nhl-api
nhl,2025/26,2026-03-26,PHI,CHI,5,1,,nhl-api
nhl,2025/26,2026-03-26,STL,SJS,2,1,,nhl-api
nhl,2025/26,2026-03-26,TBL,SEA,3,4,,nhl-api
nhl,2025/26,2026-03-26,UTA,WSH,4,7,,nhl-api
nhl,2025/26,2026-03-26,VAN,LAK,0,4,,nhl-api
nhl,2025/26,2026-03-26,VGK,EDM,3,4,,nhl-api
nhl,2025/26,2026-03-26,WPG,COL,2,3,,nhl-api
nhl,2025/26,2026-03-27,BUF,DET,2,5,,nhl-api
nhl,2025/26,2026-03-27,NYR,CHI,6,1,,nhl-api
nhl,2025/26,2026-03-28,BOS,MIN,6,3,,nhl-api
nhl,2025/26,2026-03-28,BUF,SEA,2,2,,nhl-api
nhl,2025/26,2026-03-28,CAR,NJD,5,2,,nhl-api
nhl,2025/26,2026-03-28,CBJ,SJS,2,3,,nhl-api
nhl,2025/26,2026-03-28,CGY,VAN,7,3,,nhl-api
nhl,2025/26,2026-03-28,COL,WPG,2,4,,nhl-api
nhl,2025/26,2026-03-28,DET,PHI,3,5,,nhl-api
nhl,2025/26,2026-03-28,EDM,ANA,4,2,,nhl-api
nhl,2025/26,2026-03-28,LAK,UTA,2,6,,nhl-api
nhl,2025/26,2026-03-28,NSH,MTL,1,4,,nhl-api
nhl,2025/26,2026-03-28,NYI,FLA,5,2,,nhl-api
nhl,2025/26,2026-03-28,PIT,DAL,3,6,,nhl-api
nhl,2025/26,2026-03-28,STL,TOR,5,1,,nhl-api
nhl,2025/26,2026-03-28,TBL,OTT,4,2,,nhl-api
nhl,2025/26,2026-03-28,VGK,WSH,4,4,,nhl-api
nhl,2025/26,2026-03-29,CAR,MTL,1,3,,nhl-api
nhl,2025/26,2026-03-29,CBJ,BOS,3,3,,nhl-api
nhl,2025/26,2026-03-29,NJD,CHI,5,3,,nhl-api
nhl,2025/26,2026-03-29,NYR,FLA,3,1,,nhl-api
nhl,2025/26,2026-03-29,PHI,DAL,2,1,,nhl-api
nhl,2025/26,2026-03-29,TBL,NSH,3,2,,nhl-api
nhl,2025/26,2026-03-30,ANA,TOR,4,5,,nhl-api
nhl,2025/26,2026-03-30,COL,CGY,9,2,,nhl-api
nhl,2025/26,2026-03-30,NYI,PIT,3,8,,nhl-api
nhl,2025/26,2026-03-30,SJS,STL,5,4,,nhl-api
nhl,2025/26,2026-03-30,VGK,VAN,4,2,,nhl-api
nhl,2025/26,2026-03-31,BOS,DAL,6,3,,nhl-api
nhl,2025/26,2026-03-31,BUF,NYI,4,3,,nhl-api
nhl,2025/26,2026-03-31,CBJ,CAR,2,5,,nhl-api
nhl,2025/26,2026-03-31,CHI,WPG,3,4,,nhl-api
nhl,2025/26,2026-03-31,EDM,SEA,3,0,,nhl-api
nhl,2025/26,2026-03-31,FLA,OTT,6,3,,nhl-api
nhl,2025/26,2026-03-31,NYR,NJD,4,1,,nhl-api
nhl,2025/26,2026-03-31,PIT,DET,5,1,,nhl-api
nhl,2025/26,2026-03-31,TBL,MTL,1,4,,nhl-api
nhl,2025/26,2026-03-31,WSH,PHI,6,4,,nhl-api
nhl,2025/26,2026-04-01,COL,VAN,6,8,,nhl-api
nhl,2025/26,2026-04-01,LAK,STL,2,1,,nhl-api
nhl,2025/26,2026-04-01,SJS,ANA,4,3,,nhl-api
nhl,2025/26,2026-04-02,CAR,CBJ,5,1,,nhl-api
nhl,2025/26,2026-04-02,DAL,WPG,3,0,,nhl-api
nhl,2025/26,2026-04-02,EDM,CHI,3,1,,nhl-api
nhl,2025/26,2026-04-02,FLA,BOS,2,1,,nhl-api
nhl,2025/26,2026-04-02,LAK,NSH,4,4,,nhl-api
nhl,2025/26,2026-04-02,MIN,VAN,5,2,,nhl-api
nhl,2025/26,2026-04-02,NJD,WSH,7,3,,nhl-api
nhl,2025/26,2026-04-02,NYR,MTL,2,3,,nhl-api
nhl,2025/26,2026-04-02,OTT,BUF,4,1,,nhl-api
nhl,2025/26,2026-04-02,PHI,DET,2,4,,nhl-api
nhl,2025/26,2026-04-02,SEA,UTA,2,6,,nhl-api
nhl,2025/26,2026-04-02,SJS,TOR,4,1,,nhl-api
nhl,2025/26,2026-04-02,TBL,PIT,6,3,,nhl-api
nhl,2025/26,2026-04-02,VGK,CGY,6,3,,nhl-api
nhl,2025/26,2026-04-03,ANA,STL,2,6,,nhl-api
nhl,2025/26,2026-04-03,NYI,PHI,1,4,,nhl-api
nhl,2025/26,2026-04-04,ANA,CGY,3,5,,nhl-api
nhl,2025/26,2026-04-04,CAR,NYI,4,3,,nhl-api
nhl,2025/26,2026-04-04,CBJ,WPG,1,2,,nhl-api
nhl,2025/26,2026-04-04,DAL,COL,0,2,,nhl-api
nhl,2025/26,2026-04-04,EDM,VGK,1,5,,nhl-api
nhl,2025/26,2026-04-04,LAK,TOR,7,6,,nhl-api
nhl,2025/26,2026-04-04,NJD,MTL,3,3,,nhl-api
nhl,2025/26,2026-04-04,NYR,DET,4,1,,nhl-api
nhl,2025/26,2026-04-04,OTT,MIN,1,4,,nhl-api
nhl,2025/26,2026-04-04,PIT,FLA,9,4,,nhl-api
nhl,2025/26,2026-04-04,SEA,CHI,2,4,,nhl-api
nhl,2025/26,2026-04-04,SJS,NSH,3,6,,nhl-api
nhl,2025/26,2026-04-04,TBL,BOS,3,1,,nhl-api
nhl,2025/26,2026-04-04,VAN,UTA,4,7,,nhl-api
nhl,2025/26,2026-04-04,WSH,BUF,6,2,,nhl-api
nhl,2025/26,2026-04-05,COL,STL,2,3,,nhl-api
nhl,2025/26,2026-04-05,DET,MIN,4,5,,nhl-api
nhl,2025/26,2026-04-05,MTL,NJD,0,3,,nhl-api
nhl,2025/26,2026-04-05,NYR,WSH,8,1,,nhl-api
nhl,2025/26,2026-04-05,OTT,CAR,6,3,,nhl-api
nhl,2025/26,2026-04-05,PHI,BOS,2,1,,nhl-api
nhl,2025/26,2026-04-05,PIT,FLA,5,2,,nhl-api
nhl,2025/26,2026-04-06,BUF,TBL,4,2,,nhl-api
nhl,2025/26,2026-04-06,LAK,NSH,2,2,,nhl-api
nhl,2025/26,2026-04-06,SJS,CHI,3,2,,nhl-api
nhl,2025/26,2026-04-06,WPG,SEA,6,2,,nhl-api
nhl,2025/26,2026-04-07,ANA,NSH,0,5,,nhl-api
nhl,2025/26,2026-04-07,CAR,BOS,6,5,,nhl-api
nhl,2025/26,2026-04-07,DAL,CGY,4,3,,nhl-api
nhl,2025/26,2026-04-07,DET,CBJ,3,3,,nhl-api
nhl,2025/26,2026-04-07,MIN,SEA,5,2,,nhl-api
nhl,2025/26,2026-04-07,MTL,FLA,3,3,,nhl-api
nhl,2025/26,2026-04-07,NJD,PHI,1,5,,nhl-api
nhl,2025/26,2026-04-07,OTT,TBL,6,2,,nhl-api
nhl,2025/26,2026-04-07,STL,COL,1,3,,nhl-api
nhl,2025/26,2026-04-07,UTA,EDM,6,5,,nhl-api
nhl,2025/26,2026-04-07,VAN,VGK,1,2,,nhl-api
nhl,2025/26,2026-04-08,NYR,BUF,3,5,,nhl-api
nhl,2025/26,2026-04-08,SJS,EDM,2,5,,nhl-api
nhl,2025/26,2026-04-08,TOR,WSH,0,4,,nhl-api
nhl,2025/26,2026-04-09,ANA,SJS,6,1,,nhl-api
nhl,2025/26,2026-04-09,BUF,CBJ,5,0,,nhl-api
nhl,2025/26,2026-04-09,CHI,CAR,2,7,,nhl-api
nhl,2025/26,2026-04-09,COL,CGY,3,1,,nhl-api
nhl,2025/26,2026-04-09,DAL,MIN,5,4,,nhl-api
nhl,2025/26,2026-04-09,DET,PHI,6,3,,nhl-api
nhl,2025/26,2026-04-09,LAK,VAN,4,1,,nhl-api
nhl,2025/26,2026-04-09,MTL,TBL,2,1,,nhl-api
nhl,2025/26,2026-04-09,NJD,PIT,2,5,,nhl-api
nhl,2025/26,2026-04-09,NYI,TOR,5,3,,nhl-api
nhl,2025/26,2026-04-09,OTT,FLA,5,1,,nhl-api
nhl,2025/26,2026-04-09,SEA,VGK,3,3,,nhl-api
nhl,2025/26,2026-04-09,STL,WPG,2,3,,nhl-api
nhl,2025/26,2026-04-09,UTA,NSH,4,1,,nhl-api
nhl,2025/26,2026-04-11,BOS,TBL,1,2,,nhl-api
nhl,2025/26,2026-04-11,CHI,STL,3,5,,nhl-api
nhl,2025/26,2026-04-11,COL,VGK,2,3,,nhl-api
nhl,2025/26,2026-04-11,DAL,NYR,2,0,,nhl-api
nhl,2025/26,2026-04-11,DET,NJD,3,5,,nhl-api
nhl,2025/26,2026-04-11,LAK,EDM,1,0,,nhl-api
nhl,2025/26,2026-04-11,MTL,CBJ,2,5,,nhl-api
nhl,2025/26,2026-04-11,NSH,MIN,2,1,,nhl-api
nhl,2025/26,2026-04-11,NYI,OTT,0,3,,nhl-api
nhl,2025/26,2026-04-11,PIT,WSH,3,6,,nhl-api
nhl,2025/26,2026-04-11,SEA,CGY,4,1,,nhl-api
nhl,2025/26,2026-04-11,SJS,VAN,3,3,,nhl-api
nhl,2025/26,2026-04-11,TOR,FLA,2,6,,nhl-api
nhl,2025/26,2026-04-11,UTA,CAR,1,4,,nhl-api
nhl,2025/26,2026-04-11,WPG,PHI,1,7,,nhl-api
nhl,2025/26,2026-04-12,ANA,VAN,3,4,,nhl-api
nhl,2025/26,2026-04-12,CBJ,BOS,2,3,,nhl-api
nhl,2025/26,2026-04-12,CGY,UTA,4,1,,nhl-api
nhl,2025/26,2026-04-12,NJD,OTT,4,3,,nhl-api
nhl,2025/26,2026-04-12,NYI,MTL,1,4,,nhl-api
nhl,2025/26,2026-04-12,WSH,PIT,3,0,,nhl-api
nhl,2025/26,2026-04-13,CHI,BUF,1,5,,nhl-api
nhl,2025/26,2026-04-13,EDM,COL,1,1,,nhl-api
nhl,2025/26,2026-04-13,FLA,NYR,3,2,,nhl-api
nhl,2025/26,2026-04-13,NSH,SJS,2,3,,nhl-api
nhl,2025/26,2026-04-13,PHI,CAR,2,2,,nhl-api
nhl,2025/26,2026-04-13,SEA,LAK,3,5,,nhl-api
nhl,2025/26,2026-04-13,STL,MIN,6,3,,nhl-api
nhl,2025/26,2026-04-13,TBL,DET,4,3,,nhl-api
nhl,2025/26,2026-04-13,TOR,DAL,5,6,,nhl-api
nhl,2025/26,2026-04-13,VGK,WPG,6,2,,nhl-api
nhl,2025/26,2026-04-14,BOS,NJD,4,0,,nhl-api
nhl,2025/26,2026-04-14,CBJ,WSH,1,2,,nhl-api
nhl,2025/26,2026-04-14,CGY,COL,1,3,,nhl-api
nhl,2025/26,2026-04-14,MIN,ANA,3,2,,nhl-api
nhl,2025/26,2026-04-14,NYI,CAR,1,2,,nhl-api
nhl,2025/26,2026-04-14,PHI,MTL,4,2,,nhl-api
nhl,2025/26,2026-04-14,STL,PIT,7,5,,nhl-api
nhl,2025/26,2026-04-14,UTA,WPG,5,3,,nhl-api
nhl,2025/26,2026-04-14,VAN,LAK,4,3,,nhl-api
nhl,2025/26,2026-04-15,BUF,DAL,3,3,,nhl-api
nhl,2025/26,2026-04-15,CHI,SJS,5,2,,nhl-api
nhl,2025/26,2026-04-15,FLA,DET,8,1,,nhl-api
nhl,2025/26,2026-04-15,OTT,TOR,3,1,,nhl-api
nhl,2025/26,2026-04-15,TBL,NYR,2,4,,nhl-api
nhl,2025/26,2026-04-15,VGK,SEA,4,1,,nhl-api
nhl,2025/26,2026-04-16,CGY,LAK,3,1,,nhl-api
nhl,2025/26,2026-04-16,COL,SEA,2,0,,nhl-api
nhl,2025/26,2026-04-16,EDM,VAN,6,1,,nhl-api
nhl,2025/26,2026-04-16,NSH,ANA,4,5,,nhl-api
nhl,2025/26,2026-04-16,UTA,STL,3,5,,nhl-api
nhl,2025/26,2026-04-16,WPG,SJS,1,6,,nhl-api
nhl,2026/27,2026-09-29,BOS,NYR,3,0,,nhl-api
nhl,2026/27,2026-09-29,CAR,FLA,0,1,,nhl-api
nhl,2026/27,2026-09-29,EDM,VAN,5,6,,nhl-api
nhl,2026/27,2026-09-29,TOR,MTL,2,3,,nhl-api
nhl,2026/27,2026-09-29,VGK,CHI,5,2,,nhl-api
nhl,2026/27,2026-09-30,COL,LAK,8,4,,nhl-api
nhl,2026/27,2026-09-30,PHI,PIT,0,7,,nhl-api
nhl,2026/27,2026-09-30,TOR,NYI,2,1,,nhl-api
nhl,2026/27,2026-10-01,CBJ,BUF,6,3,,nhl-api
nhl,2026/27,2026-10-01,CGY,SEA,1,6,,nhl-api
nhl,2026/27,2026-10-01,NJD,PHI,3,2,,nhl-api
nhl,2026/27,2026-10-01,NSH,MIN,1,3,,nhl-api
nhl,2026/27,2026-10-01,NYR,TBL,5,1,,nhl-api
nhl,2026/27,2026-10-01,SJS,FLA,4,3,,nhl-api
nhl,2026/27,2026-10-01,UTA,CHI,6,0,,nhl-api
nhl,2026/27,2026-10-01,VAN,EDM,7,9,,nhl-api
nhl,2026/27,2026-10-02,CAR,WSH,2,5,,nhl-api
nhl,2026/27,2026-10-02,DAL,STL,0,4,,nhl-api
nhl,2026/27,2026-10-02,DET,NYR,0,2,,nhl-api
nhl,2026/27,2026-10-02,VGK,ANA,3,4,,nhl-api
nhl,2026/27,2026-10-02,WPG,BOS,3,4,,nhl-api
nhl,2026/27,2026-10-03,BUF,CHI,4,3,,nhl-api
nhl,2026/27,2026-10-03,CBJ,UTA,1,4,,nhl-api
nhl,2026/27,2026-10-03,COL,STL,6,1,,nhl-api
nhl,2026/27,2026-10-03,EDM,SEA,3,1,,nhl-api
nhl,2026/27,2026-10-03,MIN,BOS,4,1,,nhl-api
nhl,2026/27,2026-10-03,NSH,DAL,2,1,,nhl-api
nhl,2026/27,2026-10-03,NYI,NJD,6,0,,nhl-api
nhl,2026/27,2026-10-03,PHI,CAR,2,3,,nhl-api
nhl,2026/27,2026-10-03,PIT,MTL,6,5,,nhl-api
nhl,2026/27,2026-10-03,SJS,LAK,5,4,,nhl-api
nhl,2026/27,2026-10-03,TBL,WSH,3,1,,nhl-api
nhl,2026/27,2026-10-03,TOR,OTT,2,3,,nhl-api
nhl,2026/27,2026-10-03,VAN,CGY,4,1,,nhl-api
nhl,2026/27,2026-10-04,ANA,FLA,3,2,,nhl-api
nhl,2026/27,2026-10-04,DET,WPG,2,3,,nhl-api
nhl,2026/27,2026-10-04,NYR,UTA,4,2,,nhl-api
nhl,2026/27,2026-10-04,SEA,CGY,6,1,,nhl-api
nhl,2026/27,2026-10-04,VAN,VGK,2,3,,nhl-api
nhl,2026/27,2026-10-05,BOS,OTT,1,4,,nhl-api
nhl,2026/27,2026-10-05,DAL,SJS,5,0,,nhl-api
nhl,2026/27,2026-10-05,PIT,WPG,2,3,,nhl-api
nhl,2026/27,2026-10-05,TBL,PHI,4,1,,nhl-api
nhl,2026/27,2026-10-06,BUF,MIN,3,2,,nhl-api
nhl,2026/27,2026-10-06,CHI,STL,4,2,,nhl-api
nhl,2026/27,2026-10-06,DET,OTT,5,3,,nhl-api
nhl,2026/27,2026-10-06,LAK,FLA,1,2,,nhl-api
nhl,2026/27,2026-10-06,MTL,CAR,4,6,,nhl-api
nhl,2026/27,2026-10-06,NJD,UTA,3,5,,nhl-api
nhl,2026/27,2026-10-06,NYR,NYI,5,2,,nhl-api
nhl,2026/27,2026-10-06,SEA,VGK,2,6,,nhl-api
nhl,2026/27,2026-10-06,TOR,NSH,5,4,,nhl-api
nhl,2026/27,2026-10-07,ANA,EDM,2,5,,nhl-api
nhl,2026/27,2026-10-07,WPG,COL,3,2,,nhl-api
nhl,2026/27,2026-10-07,WSH,PIT,5,3,,nhl-api
